dataset,task,method,family,seed,model,score,score_name,r2,rmse,mae,accuracy,roc_auc,retention,agreement,out_dim,distance_corr,rank_match,corr_gap,z_offdiag_corr,recon_r2,worst_attr_r2,sensitive_attr_r2,n_pairs_r2_0.5,known_pair_robustness,spearman_leak,semantic_acc,kind_acc,membership_auc,linkage,sensitive_hit
california_housing,regression,identity,baseline,0,linear,0.6237532465882905,r2,0.6237532465882905,0.6961824014453291,0.5024730180109679,,,1.0,1.0,8,0.9999999999999999,1.0,1.8128535100804308e-16,0.12515559525949368,0.9986912905300931,1.0,0.9999917582068161,10.0,collapses_with_enough_pairs,1.0,0.0,1.0,0.5577415735094851,,0.0
california_housing,regression,identity,baseline,0,hgb,0.8006841320831621,r2,0.8006841320831621,0.5067078093706993,0.3448394320585303,,,1.0,1.0,8,0.9999999999999999,1.0,1.8128535100804308e-16,0.12515559525949368,0.9986912905300931,1.0,0.9999917582068161,10.0,collapses_with_enough_pairs,1.0,0.0,1.0,0.5577415735094851,,0.0
california_housing,regression,identity,baseline,0,mlp,0.5830046552133623,r2,0.5830046552133623,0.7329127273425476,0.5226968440980259,,,1.0,1.0,8,0.9999999999999999,1.0,1.8128535100804308e-16,0.12515559525949368,0.9986912905300931,1.0,0.9999917582068161,10.0,collapses_with_enough_pairs,1.0,0.0,1.0,0.5577415735094851,,0.0
california_housing,regression,identity,baseline,0,knn,0.6852878385674643,r2,0.6852878385674643,0.6367125687948673,0.45439171629629627,,,1.0,1.0,8,0.9999999999999999,1.0,1.8128535100804308e-16,0.12515559525949368,0.9986912905300931,1.0,0.9999917582068161,10.0,collapses_with_enough_pairs,1.0,0.0,1.0,0.5577415735094851,,0.0
california_housing,regression,secret_affine,typed,0,linear,0.6237532465882902,r2,0.6237532465882902,0.6961824014453293,0.502473018010968,,,0.9999999999999997,0.9999999999999998,8,0.999910827230394,1.0,0.29531630874707715,0.1251555952594936,0.999474157882166,0.9999999999999998,0.9999998589921134,10.0,collapses_with_enough_pairs,1.0,0.0,1.0,0.5577415735094851,,0.3333333333333333
california_housing,regression,secret_affine,typed,0,hgb,0.8038134448845926,r2,0.8038134448845926,0.5027143482242352,0.3421609274280628,,,1.003908298761072,0.9949311814850779,8,0.999910827230394,1.0,0.29531630874707715,0.1251555952594936,0.999474157882166,0.9999999999999998,0.9999998589921134,10.0,collapses_with_enough_pairs,1.0,0.0,1.0,0.5577415735094851,,0.3333333333333333
california_housing,regression,secret_affine,typed,0,mlp,0.4912139203862622,r2,0.4912139203862622,0.8095697467036778,0.5873197926176097,,,0.8425557428979578,0.9736256866718368,8,0.999910827230394,1.0,0.29531630874707715,0.1251555952594936,0.999474157882166,0.9999999999999998,0.9999998589921134,10.0,collapses_with_enough_pairs,1.0,0.0,1.0,0.5577415735094851,,0.3333333333333333
california_housing,regression,secret_affine,typed,0,knn,0.6852878385674643,r2,0.6852878385674643,0.6367125687948672,0.45439171629629627,,,1.0,1.0,8,0.999910827230394,1.0,0.29531630874707715,0.1251555952594936,0.999474157882166,0.9999999999999998,0.9999998589921134,10.0,collapses_with_enough_pairs,1.0,0.0,1.0,0.5577415735094851,,0.3333333333333333
california_housing,regression,std_rot,classical,0,linear,0.6237544716817249,r2,0.6237544716817249,0.6961812680279964,0.5024696527563158,,,1.0000019640674276,0.9999999841744457,8,0.2787372973015533,0.656296763981916,0.35012528191513326,0.1875088026301257,0.9996198090060786,0.9999995365216634,0.9998611665733892,5.0,collapses_with_enough_pairs,0.940892098402987,0.0,1.0,0.5638867716802168,,0.6666666666666666
california_housing,regression,std_rot,classical,0,hgb,0.7197602819970506,r2,0.7197602819970506,0.6008298540680959,0.4172918322644552,,,0.898931617546148,0.9450336802761482,8,0.2787372973015533,0.656296763981916,0.35012528191513326,0.1875088026301257,0.9996198090060786,0.9999995365216634,0.9998611665733892,5.0,collapses_with_enough_pairs,0.940892098402987,0.0,1.0,0.5638867716802168,,0.6666666666666666
california_housing,regression,std_rot,classical,0,mlp,0.6678759510534527,r2,0.6678759510534527,0.6540889645970079,0.4632000933483522,,,1.1455756743640924,0.9662956829485913,8,0.2787372973015533,0.656296763981916,0.35012528191513326,0.1875088026301257,0.9996198090060786,0.9999995365216634,0.9998611665733892,5.0,collapses_with_enough_pairs,0.940892098402987,0.0,1.0,0.5638867716802168,,0.6666666666666666
california_housing,regression,std_rot,classical,0,knn,0.6796501400961839,r2,0.6796501400961839,0.6423902331408227,0.4599431681481481,,,0.9917732401569163,0.9930575919822336,8,0.2787372973015533,0.656296763981916,0.35012528191513326,0.1875088026301257,0.9996198090060786,0.9999995365216634,0.9998611665733892,5.0,collapses_with_enough_pairs,0.940892098402987,0.0,1.0,0.5638867716802168,,0.6666666666666666
california_housing,regression,gauss,classical,0,linear,0.6023329094845608,r2,0.6023329094845608,0.7157254924869012,0.5437816680839589,,,0.9656589569338655,0.9209649773209149,8,0.16724909026728374,1.0,0.15393380471709564,0.13034220966340587,0.31234713153309435,0.9119883605711774,0.9119883605711774,25.0,partial_recovery_with_enough_pairs,1.0,0.0,1.0,0.5635956554878048,,0.3333333333333333
california_housing,regression,gauss,classical,0,hgb,0.8006729873004426,r2,0.8006729873004426,0.5067219755019727,0.3448678158915589,,,0.999986080924708,0.9999996607787369,8,0.16724909026728374,1.0,0.15393380471709564,0.13034220966340587,0.31234713153309435,0.9119883605711774,0.9119883605711774,25.0,partial_recovery_with_enough_pairs,1.0,0.0,1.0,0.5635956554878048,,0.3333333333333333
california_housing,regression,gauss,classical,0,mlp,0.7387433916206828,r2,0.7387433916206828,0.5801232915147747,0.4202382620253574,,,1.2671312055824404,0.8956392788175331,8,0.16724909026728374,1.0,0.15393380471709564,0.13034220966340587,0.31234713153309435,0.9119883605711774,0.9119883605711774,25.0,partial_recovery_with_enough_pairs,1.0,0.0,1.0,0.5635956554878048,,0.3333333333333333
california_housing,regression,gauss,classical,0,knn,0.6777472078709375,r2,0.6777472078709375,0.6442953613266177,0.4702766911111111,,,0.9889964037413973,0.9290115438840154,8,0.16724909026728374,1.0,0.15393380471709564,0.13034220966340587,0.31234713153309435,0.9119883605711774,0.9119883605711774,25.0,partial_recovery_with_enough_pairs,1.0,0.0,1.0,0.5635956554878048,,0.3333333333333333
california_housing,regression,gauss_white_rot,classical,0,linear,0.6023505408087324,r2,0.6023505408087324,0.7157096257879035,0.5437847417981606,,,0.9656872234387183,0.9209614034119594,8,0.1991979017958721,0.6333403828172687,0.24766488292724434,6.020319310212703e-07,0.3058580986066415,0.9118324401068311,0.9118324401068311,25.0,partial_recovery_with_enough_pairs,0.7774948449393738,0.0,1.0,0.5656334688346885,,0.6666666666666666
california_housing,regression,gauss_white_rot,classical,0,hgb,0.7185383814426196,r2,0.7185383814426196,0.6021382978041441,0.4267858042761471,,,0.8974055468954759,0.9386993483123587,8,0.1991979017958721,0.6333403828172687,0.24766488292724434,6.020319310212703e-07,0.3058580986066415,0.9118324401068311,0.9118324401068311,25.0,partial_recovery_with_enough_pairs,0.7774948449393738,0.0,1.0,0.5656334688346885,,0.6666666666666666
california_housing,regression,gauss_white_rot,classical,0,mlp,0.7394178083879066,r2,0.7394178083879066,0.5793740325832185,0.42076211571837513,,,1.2682880004059345,0.8924169800149463,8,0.1991979017958721,0.6333403828172687,0.24766488292724434,6.020319310212703e-07,0.3058580986066415,0.9118324401068311,0.9118324401068311,25.0,partial_recovery_with_enough_pairs,0.7774948449393738,0.0,1.0,0.5656334688346885,,0.6666666666666666
california_housing,regression,gauss_white_rot,classical,0,knn,0.6725228149309153,r2,0.6725228149309153,0.6494970523744341,0.4746192785185185,,,0.9813727562082041,0.8967455012482354,8,0.1991979017958721,0.6333403828172687,0.24766488292724434,6.020319310212703e-07,0.3058580986066415,0.9118324401068311,0.9118324401068311,25.0,partial_recovery_with_enough_pairs,0.7774948449393738,0.0,1.0,0.5656334688346885,,0.6666666666666666
california_housing,regression,keyed_monotone,typed,0,linear,0.5832002756101264,r2,0.5832002756101264,0.7327407955704518,0.5552280921629213,,,0.9349855552656849,0.8739262771874795,11,0.027499978494636788,1.0,0.343729250715669,0.13850212411337115,0.5454874005893082,0.9923172058962018,0.949578656343422,25.0,partial_recovery_with_enough_pairs,1.0,,,0.5757166751355014,,
california_housing,regression,keyed_monotone,typed,0,hgb,0.7974231119147286,r2,0.7974231119147286,0.5108361320202967,0.3463152716092528,,,0.9959272076993093,0.9942546334038685,11,0.027499978494636788,1.0,0.343729250715669,0.13850212411337115,0.5454874005893082,0.9923172058962018,0.949578656343422,25.0,partial_recovery_with_enough_pairs,1.0,,,0.5757166751355014,,
california_housing,regression,keyed_monotone,typed,0,mlp,0.718418033205914,r2,0.718418033205914,0.6022670161318524,0.44318339290617775,,,1.2322680904546026,0.8768435623059223,11,0.027499978494636788,1.0,0.343729250715669,0.13850212411337115,0.5454874005893082,0.9923172058962018,0.949578656343422,25.0,partial_recovery_with_enough_pairs,1.0,,,0.5757166751355014,,
california_housing,regression,keyed_monotone,typed,0,knn,0.6447497307507899,r2,0.6447497307507899,0.6764782970557914,0.5028950244444443,,,0.9408451375681555,0.9161975775128419,11,0.027499978494636788,1.0,0.343729250715669,0.13850212411337115,0.5454874005893082,0.9923172058962018,0.949578656343422,25.0,partial_recovery_with_enough_pairs,1.0,,,0.5757166751355014,,
california_housing,regression,typed_keyed,typed,0,linear,0.6023329094845609,r2,0.6023329094845609,0.7157254924869011,0.5437816680839589,,,0.9656589569338657,0.9209649773209148,8,0.22468080780119346,1.0,0.37582123619776897,0.13034220966340587,0.3080309165791178,0.9115853240115721,0.9115853240115721,25.0,partial_recovery_with_enough_pairs,1.0,0.0,1.0,0.5635956554878048,,0.3333333333333333
california_housing,regression,typed_keyed,typed,0,hgb,0.800680453126545,r2,0.800680453126545,0.5067124857355708,0.34485351925512203,,,0.9999954052335126,0.9999999163940039,8,0.22468080780119346,1.0,0.37582123619776897,0.13034220966340587,0.3080309165791178,0.9115853240115721,0.9115853240115721,25.0,partial_recovery_with_enough_pairs,1.0,0.0,1.0,0.5635956554878048,,0.3333333333333333
california_housing,regression,typed_keyed,typed,0,mlp,0.7369695955496786,r2,0.7369695955496786,0.5820893273175083,0.42069090563380085,,,1.2640886980224364,0.8968077993418561,8,0.22468080780119346,1.0,0.37582123619776897,0.13034220966340587,0.3080309165791178,0.9115853240115721,0.9115853240115721,25.0,partial_recovery_with_enough_pairs,1.0,0.0,1.0,0.5635956554878048,,0.3333333333333333
california_housing,regression,typed_keyed,typed,0,knn,0.6777472078709375,r2,0.6777472078709375,0.6442953613266177,0.4702766911111111,,,0.9889964037413973,0.9290115438840154,8,0.22468080780119346,1.0,0.37582123619776897,0.13034220966340587,0.3080309165791178,0.9115853240115721,0.9115853240115721,25.0,partial_recovery_with_enough_pairs,1.0,0.0,1.0,0.5635956554878048,,0.3333333333333333
california_housing,regression,bn_adv,learned,0,linear,0.7434370636329869,r2,0.7434370636329869,0.5748884969617977,0.4033682991651961,,,1.1918768642878006,0.917483466580178,5,-0.04151103809165275,0.39603267430972466,0.7484338408316262,0.6434682711505724,0.07615149114311862,0.8524929280923168,0.8524929280923168,,resistant_in_tested_budget,0.7964367881221671,,,0.5477906927506775,,
california_housing,regression,bn_adv,learned,0,hgb,0.7451916184174441,r2,0.7451916184174441,0.5729193820914403,0.3953485981332415,,,0.9306936263101135,0.9512183180476986,5,-0.04151103809165275,0.39603267430972466,0.7484338408316262,0.6434682711505724,0.07615149114311862,0.8524929280923168,0.8524929280923168,,resistant_in_tested_budget,0.7964367881221671,,,0.5477906927506775,,
california_housing,regression,bn_adv,learned,0,mlp,0.7456195606554812,r2,0.7456195606554812,0.5724380803599001,0.3998558333226236,,,1.278925569440962,0.8918007494351021,5,-0.04151103809165275,0.39603267430972466,0.7484338408316262,0.6434682711505724,0.07615149114311862,0.8524929280923168,0.8524929280923168,,resistant_in_tested_budget,0.7964367881221671,,,0.5477906927506775,,
california_housing,regression,bn_adv,learned,0,knn,0.7353877549565025,r2,0.7353877549565025,0.5838370194057859,0.4039629303703704,,,1.0731078439882544,0.9255310217270376,5,-0.04151103809165275,0.39603267430972466,0.7484338408316262,0.6434682711505724,0.07615149114311862,0.8524929280923168,0.8524929280923168,,resistant_in_tested_budget,0.7964367881221671,,,0.5477906927506775,,
california_housing,regression,bn_noisy,learned,0,linear,0.7431641564143712,r2,0.7431641564143712,0.5751941715140755,0.40894671722586434,,,1.1914393399621022,0.9160736779904182,5,-0.04180424654872323,0.4170738556883973,0.678086218906411,0.5767708615665876,-0.1341316624000523,0.6725861926223908,0.6725861926223908,,resistant_in_tested_budget,0.823605355232673,,,0.5057535145663956,,
california_housing,regression,bn_noisy,learned,0,hgb,0.7290244304136455,r2,0.7290244304136455,0.5908152940124142,0.41541264727107136,,,0.910501908557776,0.947063723147597,5,-0.04180424654872323,0.4170738556883973,0.678086218906411,0.5767708615665876,-0.1341316624000523,0.6725861926223908,0.6725861926223908,,resistant_in_tested_budget,0.823605355232673,,,0.5057535145663956,,
california_housing,regression,bn_noisy,learned,0,mlp,0.7391179968824577,r2,0.7391179968824577,0.5797072346821415,0.4093611957867995,,,1.2677737480706095,0.8936315014620105,5,-0.04180424654872323,0.4170738556883973,0.678086218906411,0.5767708615665876,-0.1341316624000523,0.6725861926223908,0.6725861926223908,,resistant_in_tested_budget,0.823605355232673,,,0.5057535145663956,,
california_housing,regression,bn_noisy,learned,0,knn,0.729269418463121,r2,0.729269418463121,0.5905481566154233,0.4179608459259259,,,1.0641797175149006,0.9239285801987185,5,-0.04180424654872323,0.4170738556883973,0.678086218906411,0.5767708615665876,-0.1341316624000523,0.6725861926223908,0.6725861926223908,,resistant_in_tested_budget,0.823605355232673,,,0.5057535145663956,,
california_housing,regression,vib,learned,0,linear,0.7397460870187612,r2,0.7397460870187612,0.5790089729977834,0.4069456018073342,,,1.1859594977098886,0.9287481674937166,4,-0.02475849699329476,0.3934890943088201,0.9451607809116639,0.5807424831922315,-0.21314331345910037,0.6313260844544357,0.6313260844544357,,resistant_in_tested_budget,0.7333783734551375,,,0.5297467818428184,,
california_housing,regression,vib,learned,0,hgb,0.7372261865286285,r2,0.7372261865286285,0.5818053386394668,0.40306638705374176,,,0.9207453438730785,0.9466444166409269,4,-0.02475849699329476,0.3934890943088201,0.9451607809116639,0.5807424831922315,-0.21314331345910037,0.6313260844544357,0.6313260844544357,,resistant_in_tested_budget,0.7333783734551375,,,0.5297467818428184,,
california_housing,regression,vib,learned,0,mlp,0.7408544749925177,r2,0.7408544749925177,0.5777746950299909,0.4004000356794252,,,1.2707522459171223,0.8884168323068522,4,-0.02475849699329476,0.3934890943088201,0.9451607809116639,0.5807424831922315,-0.21314331345910037,0.6313260844544357,0.6313260844544357,,resistant_in_tested_budget,0.7333783734551375,,,0.5297467818428184,,
california_housing,regression,vib,learned,0,knn,0.7289562761848328,r2,0.7289562761848328,0.5908895885866631,0.4104583518518518,,,1.0637227675142369,0.9253090519415246,4,-0.02475849699329476,0.3934890943088201,0.9451607809116639,0.5807424831922315,-0.21314331345910037,0.6313260844544357,0.6313260844544357,,resistant_in_tested_budget,0.7333783734551375,,,0.5297467818428184,,
california_housing,regression,vib_stoch,learned,0,linear,0.734747489681926,r2,0.734747489681926,0.5845429291441376,0.4130819416853553,,,1.177945756115475,0.9316681176980325,4,-0.0024934745639286706,0.49000198719559224,0.8644522880863273,0.4326440925248383,-0.9047317612220069,0.5795380163646744,0.5795380163646744,,resistant_in_tested_budget,0.8105770231206236,,,0.6107194275067751,,
california_housing,regression,vib_stoch,learned,0,hgb,0.7243453784179925,r2,0.7243453784179925,0.5958943933156408,0.41230867355615075,,,0.9046580909920657,0.9447488573004054,4,-0.0024934745639286706,0.49000198719559224,0.8644522880863273,0.4326440925248383,-0.9047317612220069,0.5795380163646744,0.5795380163646744,,resistant_in_tested_budget,0.8105770231206236,,,0.6107194275067751,,
california_housing,regression,vib_stoch,learned,0,mlp,0.7349828732754272,r2,0.7349828732754272,0.5842835115175984,0.4098190965258627,,,1.2606809683302536,0.9077384243946106,4,-0.0024934745639286706,0.49000198719559224,0.8644522880863273,0.4326440925248383,-0.9047317612220069,0.5795380163646744,0.5795380163646744,,resistant_in_tested_budget,0.8105770231206236,,,0.6107194275067751,,
california_housing,regression,vib_stoch,learned,0,knn,0.7221659367349744,r2,0.7221659367349744,0.5982454515330354,0.4206360607407407,,,1.0538140268833613,0.9150914412668507,4,-0.0024934745639286706,0.49000198719559224,0.8644522880863273,0.4326440925248383,-0.9047317612220069,0.5795380163646744,0.5795380163646744,,resistant_in_tested_budget,0.8105770231206236,,,0.6107194275067751,,
california_housing,regression,rff,nonlinear,0,linear,0.3208031035326593,r2,0.3208031035326593,0.9353723040919666,0.6950985563346787,,,0.5143109158747289,0.663110644137421,12,0.330344721510433,0.5965367835911034,0.3596052450365699,0.19734030602791103,0.3389531385958028,0.9257975662487583,0.9257975662487583,100.0,partial_recovery_with_enough_pairs,0.8450508663543805,,,0.5548145325203252,,
california_housing,regression,rff,nonlinear,0,hgb,0.5887827090679695,r2,0.5887827090679695,0.7278172489540848,0.5190062644525778,,,0.7353495410682327,0.8704762457940822,12,0.330344721510433,0.5965367835911034,0.3596052450365699,0.19734030602791103,0.3389531385958028,0.9257975662487583,0.9257975662487583,100.0,partial_recovery_with_enough_pairs,0.8450508663543805,,,0.5548145325203252,,
california_housing,regression,rff,nonlinear,0,mlp,0.6305560227232028,r2,0.6305560227232028,0.6898599866151118,0.4925124921891577,,,1.0815625863097749,0.8499742096528821,12,0.330344721510433,0.5965367835911034,0.3596052450365699,0.19734030602791103,0.3389531385958028,0.9257975662487583,0.9257975662487583,100.0,partial_recovery_with_enough_pairs,0.8450508663543805,,,0.5548145325203252,,
california_housing,regression,rff,nonlinear,0,knn,0.49680747016071636,r2,0.49680747016071636,0.8051072782241883,0.571356565925926,,,0.7249617492107403,0.8540018018540599,12,0.330344721510433,0.5965367835911034,0.3596052450365699,0.19734030602791103,0.3389531385958028,0.9257975662487583,0.9257975662487583,100.0,partial_recovery_with_enough_pairs,0.8450508663543805,,,0.5548145325203252,,
california_housing,regression,microagg_rot,lossy,0,linear,0.38402075282471404,r2,0.38402075282471404,0.8907784470933757,0.6731668521120028,,,0.6156613290995625,0.746888277424107,8,0.11342908941665622,0.6338032679390413,0.3714145745071016,0.20512341256488603,0.39513120039309435,0.7908264366608686,0.7908264366608686,50.0,partial_recovery_with_enough_pairs,0.7708937149445497,0.0,1.0,0.5007621951219512,,0.6666666666666666
california_housing,regression,microagg_rot,lossy,0,hgb,0.4406693169819301,r2,0.4406693169819301,0.8488305116259335,0.6372439691626631,,,0.5503659924362788,0.7418584999041329,8,0.11342908941665622,0.6338032679390413,0.3714145745071016,0.20512341256488603,0.39513120039309435,0.7908264366608686,0.7908264366608686,50.0,partial_recovery_with_enough_pairs,0.7708937149445497,0.0,1.0,0.5007621951219512,,0.6666666666666666
california_housing,regression,microagg_rot,lossy,0,mlp,0.43744172987194707,r2,0.43744172987194707,0.8512760537514291,0.6405266331628188,,,0.750322876430303,0.7603981241724459,8,0.11342908941665622,0.6338032679390413,0.3714145745071016,0.20512341256488603,0.39513120039309435,0.7908264366608686,0.7908264366608686,50.0,partial_recovery_with_enough_pairs,0.7708937149445497,0.0,1.0,0.5007621951219512,,0.6666666666666666
california_housing,regression,microagg_rot,lossy,0,knn,0.41934016331802004,r2,0.41934016331802004,0.8648634702490098,0.6550485977777779,,,0.6119182914359239,0.7527437412452525,8,0.11342908941665622,0.6338032679390413,0.3714145745071016,0.20512341256488603,0.39513120039309435,0.7908264366608686,0.7908264366608686,50.0,partial_recovery_with_enough_pairs,0.7708937149445497,0.0,1.0,0.5007621951219512,,0.6666666666666666
california_housing,regression,noisy_gauss_rot,classical,0,linear,0.5936465527884411,r2,0.5936465527884411,0.7235001646830506,0.5534830111351138,,,0.9517330066584466,0.9170724761470118,8,0.17763692618526983,0.6221535213537241,0.25046078373263087,0.02067217495882636,0.30937045191392454,0.9042168106274522,0.9042168106274522,25.0,partial_recovery_with_enough_pairs,0.7617575325579716,0.0,1.0,0.5676818682249323,,0.6666666666666666
california_housing,regression,noisy_gauss_rot,classical,0,hgb,0.7063756284779876,r2,0.7063756284779876,0.6150107545429191,0.43779076632631225,,,0.8822150960331767,0.9371064207098853,8,0.17763692618526983,0.6221535213537241,0.25046078373263087,0.02067217495882636,0.30937045191392454,0.9042168106274522,0.9042168106274522,25.0,partial_recovery_with_enough_pairs,0.7617575325579716,0.0,1.0,0.5676818682249323,,0.6666666666666666
california_housing,regression,noisy_gauss_rot,classical,0,mlp,0.7276050216589838,r2,0.7276050216589838,0.5923606604105338,0.4314108894617587,,,1.2480260923348923,0.8846358209248322,8,0.17763692618526983,0.6221535213537241,0.25046078373263087,0.02067217495882636,0.30937045191392454,0.9042168106274522,0.9042168106274522,25.0,partial_recovery_with_enough_pairs,0.7617575325579716,0.0,1.0,0.5676818682249323,,0.6666666666666666
california_housing,regression,noisy_gauss_rot,classical,0,knn,0.6680305302552392,r2,0.6680305302552392,0.653936731842795,0.4772347674074074,,,0.9748174309523716,0.8979672899486489,8,0.17763692618526983,0.6221535213537241,0.25046078373263087,0.02067217495882636,0.30937045191392454,0.9042168106274522,0.9042168106274522,25.0,partial_recovery_with_enough_pairs,0.7617575325579716,0.0,1.0,0.5676818682249323,,0.6666666666666666
california_housing,regression,identity,baseline,1,linear,0.5985578410553725,r2,0.5985578410553725,0.7697940947286565,0.5510455171638975,,,1.0,1.0,8,1.0,1.0,7.617899504362742e-17,0.12224373608197257,0.9994733457289788,1.0,0.9999807805404437,10.0,collapses_with_enough_pairs,1.0,0.0,1.0,0.5316736285157337,,0.0
california_housing,regression,identity,baseline,1,hgb,0.7765578749023345,r2,0.7765578749023345,0.5743089865315739,0.3762877147872927,,,1.0,1.0,8,1.0,1.0,7.617899504362742e-17,0.12224373608197257,0.9994733457289788,1.0,0.9999807805404437,10.0,collapses_with_enough_pairs,1.0,0.0,1.0,0.5316736285157337,,0.0
california_housing,regression,identity,baseline,1,mlp,0.70204316985813,r2,0.70204316985813,0.6631927319505732,0.4586033752458506,,,1.0,1.0,8,1.0,1.0,7.617899504362742e-17,0.12224373608197257,0.9994733457289788,1.0,0.9999807805404437,10.0,collapses_with_enough_pairs,1.0,0.0,1.0,0.5316736285157337,,0.0
california_housing,regression,identity,baseline,1,knn,0.6035163353677887,r2,0.6035163353677887,0.765025188937441,0.5377369599999999,,,1.0,1.0,8,1.0,1.0,7.617899504362742e-17,0.12224373608197257,0.9994733457289788,1.0,0.9999807805404437,10.0,collapses_with_enough_pairs,1.0,0.0,1.0,0.5316736285157337,,0.0
california_housing,regression,secret_affine,typed,1,linear,0.5985578410553725,r2,0.5985578410553725,0.7697940947286565,0.5510455171638974,,,1.0,0.9999999999999999,8,0.9999974402290531,1.0,0.3436385631358374,0.1222437360819726,0.9998195866129318,1.0,0.9999994920491576,10.0,collapses_with_enough_pairs,1.0,0.0,1.0,0.5316736285157337,,0.3333333333333333
california_housing,regression,secret_affine,typed,1,hgb,0.7809918981627287,r2,0.7809918981627287,0.5685820905400186,0.37512383243051667,,,1.0057098426320792,0.9949186462795583,8,0.9999974402290531,1.0,0.3436385631358374,0.1222437360819726,0.9998195866129318,1.0,0.9999994920491576,10.0,collapses_with_enough_pairs,1.0,0.0,1.0,0.5316736285157337,,0.3333333333333333
california_housing,regression,secret_affine,typed,1,mlp,0.6760409156604421,r2,0.6760409156604421,0.6915254481487138,0.4732450640495513,,,0.9629620295245627,0.9898468016304072,8,0.9999974402290531,1.0,0.3436385631358374,0.1222437360819726,0.9998195866129318,1.0,0.9999994920491576,10.0,collapses_with_enough_pairs,1.0,0.0,1.0,0.5316736285157337,,0.3333333333333333
california_housing,regression,secret_affine,typed,1,knn,0.6035163353677887,r2,0.6035163353677887,0.765025188937441,0.5377369599999999,,,1.0,1.0,8,0.9999974402290531,1.0,0.3436385631358374,0.1222437360819726,0.9998195866129318,1.0,0.9999994920491576,10.0,collapses_with_enough_pairs,1.0,0.0,1.0,0.5316736285157337,,0.3333333333333333
california_housing,regression,std_rot,classical,1,linear,0.5985404002963977,r2,0.5985404002963977,0.7698108164993382,0.551039535928927,,,0.9999708620324077,0.9999999600433382,8,0.3864040360694215,0.6532297395281674,0.299623277532408,0.16632629566069848,0.9224368207003948,0.999959225609807,0.9997797205122784,10.0,collapses_with_enough_pairs,0.9447039314895785,0.0,1.0,0.5331384015594542,,0.6666666666666666
california_housing,regression,std_rot,classical,1,hgb,0.668208739669367,r2,0.668208739669367,0.699834835530043,0.4786330899364268,,,0.8604751316872625,0.9197828911089418,8,0.3864040360694215,0.6532297395281674,0.299623277532408,0.16632629566069848,0.9224368207003948,0.999959225609807,0.9997797205122784,10.0,collapses_with_enough_pairs,0.9447039314895785,0.0,1.0,0.5331384015594542,,0.6666666666666666
california_housing,regression,std_rot,classical,1,mlp,0.6615792546099883,r2,0.6615792546099883,0.7067919170778248,0.49731829163429314,,,0.9423626395278247,0.9682728999608793,8,0.3864040360694215,0.6532297395281674,0.299623277532408,0.16632629566069848,0.9224368207003948,0.999959225609807,0.9997797205122784,10.0,collapses_with_enough_pairs,0.9447039314895785,0.0,1.0,0.5331384015594542,,0.6666666666666666
california_housing,regression,std_rot,classical,1,knn,0.6006318404882302,r2,0.6006318404882302,0.7678029984769769,0.5376906481481482,,,0.995220518964411,0.9920764284097702,8,0.3864040360694215,0.6532297395281674,0.299623277532408,0.16632629566069848,0.9224368207003948,0.999959225609807,0.9997797205122784,10.0,collapses_with_enough_pairs,0.9447039314895785,0.0,1.0,0.5331384015594542,,0.6666666666666666
california_housing,regression,gauss,classical,1,linear,0.57623194412481,r2,0.57623194412481,0.7909102308144091,0.5723893579118184,,,0.9627005188150278,0.8698469155440534,8,0.21599244489818206,1.0,0.147718482457866,0.1324850640390007,0.6706620165683532,0.9137620640420592,0.9137620640420592,10.0,partial_recovery_with_enough_pairs,1.0,0.0,1.0,0.5228292954608744,,0.3333333333333333
california_housing,regression,gauss,classical,1,hgb,0.7765578749133568,r2,0.7765578749133568,0.5743089865174087,0.37628771484907564,,,1.0000000000141938,1.0,8,0.21599244489818206,1.0,0.147718482457866,0.1324850640390007,0.6706620165683532,0.9137620640420592,0.9137620640420592,10.0,partial_recovery_with_enough_pairs,1.0,0.0,1.0,0.5228292954608744,,0.3333333333333333
california_housing,regression,gauss,classical,1,mlp,0.7129651971028675,r2,0.7129651971028675,0.650924119671614,0.45203207411743546,,,1.015557486652772,0.9411765047944909,8,0.21599244489818206,1.0,0.147718482457866,0.1324850640390007,0.6706620165683532,0.9137620640420592,0.9137620640420592,10.0,partial_recovery_with_enough_pairs,1.0,0.0,1.0,0.5228292954608744,,0.3333333333333333
california_housing,regression,gauss,classical,1,knn,0.6544321017982322,r2,0.6544321017982322,0.7142163388799904,0.5090638925925927,,,1.0843651835859835,0.8637709373090753,8,0.21599244489818206,1.0,0.147718482457866,0.1324850640390007,0.6706620165683532,0.9137620640420592,0.9137620640420592,10.0,partial_recovery_with_enough_pairs,1.0,0.0,1.0,0.5228292954608744,,0.3333333333333333
california_housing,regression,gauss_white_rot,classical,1,linear,0.5762196734397386,r2,0.5762196734397386,0.7909216815832598,0.5724036751180529,,,0.9626800183984768,0.8698466750331068,8,0.273016515950132,0.6065241946588367,0.242852216830658,6.210068063721505e-07,0.6706112738504371,0.9136278474727917,0.9136278474727917,25.0,partial_recovery_with_enough_pairs,0.7677897932207264,0.0,1.0,0.5147646895015315,,0.6666666666666666
california_housing,regression,gauss_white_rot,classical,1,hgb,0.7060084238089368,r2,0.7060084238089368,0.6587650175268033,0.4566511534660361,,,0.9091510711905787,0.9335387066142173,8,0.273016515950132,0.6065241946588367,0.242852216830658,6.210068063721505e-07,0.6706112738504371,0.9136278474727917,0.9136278474727917,25.0,partial_recovery_with_enough_pairs,0.7677897932207264,0.0,1.0,0.5147646895015315,,0.6666666666666666
california_housing,regression,gauss_white_rot,classical,1,mlp,0.7043106588367369,r2,0.7043106588367369,0.6606644224955434,0.4612869371335047,,,1.0032298426591988,0.9405876409120584,8,0.273016515950132,0.6065241946588367,0.242852216830658,6.210068063721505e-07,0.6706112738504371,0.9136278474727917,0.9136278474727917,25.0,partial_recovery_with_enough_pairs,0.7677897932207264,0.0,1.0,0.5147646895015315,,0.6666666666666666
california_housing,regression,gauss_white_rot,classical,1,knn,0.6531008414556525,r2,0.6531008414556525,0.7155907343796728,0.5161272414814815,,,1.0821593438024284,0.8394491205015998,8,0.273016515950132,0.6065241946588367,0.242852216830658,6.210068063721505e-07,0.6706112738504371,0.9136278474727917,0.9136278474727917,25.0,partial_recovery_with_enough_pairs,0.7677897932207264,0.0,1.0,0.5147646895015315,,0.6666666666666666
california_housing,regression,keyed_monotone,typed,1,linear,0.5891111539638628,r2,0.5891111539638628,0.77879877806603,0.5757118789847365,,,0.9842175869338654,0.8507211699891187,11,0.13085420341788417,1.0,0.3185741871714252,0.13956055449065102,0.647165592560639,0.9939453267081405,0.9502820533878245,25.0,partial_recovery_with_enough_pairs,1.0,,,0.5037928153717628,,
california_housing,regression,keyed_monotone,typed,1,hgb,0.7796597807487217,r2,0.7796597807487217,0.5703086701455298,0.3766286340096533,,,1.0039944297091536,0.9941176023425536,11,0.13085420341788417,1.0,0.3185741871714252,0.13956055449065102,0.647165592560639,0.9939453267081405,0.9502820533878245,25.0,partial_recovery_with_enough_pairs,1.0,,,0.5037928153717628,,
california_housing,regression,keyed_monotone,typed,1,mlp,0.684182700274135,r2,0.684182700274135,0.6827803963435918,0.48383606674022756,,,0.9745593001245147,0.9183591851196201,11,0.13085420341788417,1.0,0.3185741871714252,0.13956055449065102,0.647165592560639,0.9939453267081405,0.9502820533878245,25.0,partial_recovery_with_enough_pairs,1.0,,,0.5037928153717628,,
california_housing,regression,keyed_monotone,typed,1,knn,0.6127480813561621,r2,0.6127480813561621,0.7560662890408528,0.5504054866666667,,,1.0152965967072747,0.8544079687029764,11,0.13085420341788417,1.0,0.3185741871714252,0.13956055449065102,0.647165592560639,0.9939453267081405,0.9502820533878245,25.0,partial_recovery_with_enough_pairs,1.0,,,0.5037928153717628,,
california_housing,regression,typed_keyed,typed,1,linear,0.57623194412481,r2,0.57623194412481,0.7909102308144091,0.5723893579118184,,,0.9627005188150278,0.8698469155440534,8,0.27376957575278416,1.0,0.35307870909531003,0.1324850640390008,0.6706437328627952,0.9134091512560768,0.9134091512560768,10.0,partial_recovery_with_enough_pairs,1.0,0.0,1.0,0.5228292954608744,,0.3333333333333333
california_housing,regression,typed_keyed,typed,1,hgb,0.7765578749133568,r2,0.7765578749133568,0.5743089865174087,0.37628771484907564,,,1.0000000000141938,1.0,8,0.27376957575278416,1.0,0.35307870909531003,0.1324850640390008,0.6706437328627952,0.9134091512560768,0.9134091512560768,10.0,partial_recovery_with_enough_pairs,1.0,0.0,1.0,0.5228292954608744,,0.3333333333333333
california_housing,regression,typed_keyed,typed,1,mlp,0.6988918736597135,r2,0.6988918736597135,0.6666905873962385,0.46588075612104113,,,0.9955112501143579,0.9364176412754865,8,0.27376957575278416,1.0,0.35307870909531003,0.1324850640390008,0.6706437328627952,0.9134091512560768,0.9134091512560768,10.0,partial_recovery_with_enough_pairs,1.0,0.0,1.0,0.5228292954608744,,0.3333333333333333
california_housing,regression,typed_keyed,typed,1,knn,0.6544321017982322,r2,0.6544321017982322,0.7142163388799904,0.5090638925925927,,,1.0843651835859835,0.8637709373090753,8,0.27376957575278416,1.0,0.35307870909531003,0.1324850640390008,0.6706437328627952,0.9134091512560768,0.9134091512560768,10.0,partial_recovery_with_enough_pairs,1.0,0.0,1.0,0.5228292954608744,,0.3333333333333333
california_housing,regression,bn_adv,learned,1,linear,0.6972914170064821,r2,0.6972914170064821,0.6684600436157875,0.46601665377077994,,,1.1649524393115014,0.9367879554083346,5,-0.012545482060786315,0.34913311195267616,0.6943046677582422,0.6332804982877616,0.34119902495296667,0.7674887697210144,0.7674887697210144,,resistant_in_tested_budget,0.7871398098603184,,,0.5261654135338347,,
california_housing,regression,bn_adv,learned,1,hgb,0.7016962279239229,r2,0.7016962279239229,0.663578731541225,0.4543205062145292,,,0.9035981098152837,0.930035695037151,5,-0.012545482060786315,0.34913311195267616,0.6943046677582422,0.6332804982877616,0.34119902495296667,0.7674887697210144,0.7674887697210144,,resistant_in_tested_budget,0.7871398098603184,,,0.5261654135338347,,
california_housing,regression,bn_adv,learned,1,mlp,0.6931227771394015,r2,0.6931227771394015,0.6730470313727341,0.4620829818915279,,,0.987293669247532,0.9663499644787915,5,-0.012545482060786315,0.34913311195267616,0.6943046677582422,0.6332804982877616,0.34119902495296667,0.7674887697210144,0.7674887697210144,,resistant_in_tested_budget,0.7871398098603184,,,0.5261654135338347,,
california_housing,regression,bn_adv,learned,1,knn,0.685807214939322,r2,0.685807214939322,0.6810220746509948,0.45817380074074077,,,1.1363523648807026,0.9060821310238992,5,-0.012545482060786315,0.34913311195267616,0.6943046677582422,0.6332804982877616,0.34119902495296667,0.7674887697210144,0.7674887697210144,,resistant_in_tested_budget,0.7871398098603184,,,0.5261654135338347,,
california_housing,regression,bn_noisy,learned,1,linear,0.6818233177182107,r2,0.6818233177182107,0.6853260811807971,0.47149326078606946,,,1.1391101593724429,0.9332153498857929,5,-0.018094176604875282,0.32549216617895094,0.5602950518717328,0.483788102256746,0.2029553142811401,0.684132615470457,0.684132615470457,,resistant_in_tested_budget,0.8280238289404793,,,0.5290615427457532,,
california_housing,regression,bn_noisy,learned,1,hgb,0.6732369521488424,r2,0.6732369521488424,0.6945116809690337,0.46150912972753794,,,0.8669501319956526,0.9194550130091762,5,-0.018094176604875282,0.32549216617895094,0.5602950518717328,0.483788102256746,0.2029553142811401,0.684132615470457,0.684132615470457,,resistant_in_tested_budget,0.8280238289404793,,,0.5290615427457532,,
california_housing,regression,bn_noisy,learned,1,mlp,0.6751810515634877,r2,0.6751810515634877,0.6924425761014641,0.4669625138087417,,,0.9617372272134339,0.9650381364870734,5,-0.018094176604875282,0.32549216617895094,0.5602950518717328,0.483788102256746,0.2029553142811401,0.684132615470457,0.684132615470457,,resistant_in_tested_budget,0.8280238289404793,,,0.5290615427457532,,
california_housing,regression,bn_noisy,learned,1,knn,0.6471065990420171,r2,0.6471065990420171,0.7217467783450147,0.47941361555555556,,,1.072227147998677,0.8892212654918109,5,-0.018094176604875282,0.32549216617895094,0.5602950518717328,0.483788102256746,0.2029553142811401,0.684132615470457,0.684132615470457,,resistant_in_tested_budget,0.8280238289404793,,,0.5290615427457532,,
california_housing,regression,vib,learned,1,linear,0.6968684846000518,r2,0.6968684846000518,0.6689268535291207,0.46582265577621973,,,1.164245853619324,0.9424035203317672,4,0.0657558488034814,0.3471105977394333,0.9573655822004677,0.7095249053937324,0.10863429004172662,0.6770850545746578,0.6770850545746578,,resistant_in_tested_budget,0.7704724190499233,,,0.5125758841548316,,
california_housing,regression,vib,learned,1,hgb,0.6874375993288144,r2,0.6874375993288144,0.6792528234651908,0.46028528070081837,,,0.885236788584845,0.9275657797600064,4,0.0657558488034814,0.3471105977394333,0.9573655822004677,0.7095249053937324,0.10863429004172662,0.6770850545746578,0.6770850545746578,,resistant_in_tested_budget,0.7704724190499233,,,0.5125758841548316,,
california_housing,regression,vib,learned,1,mlp,0.6997522539916974,r2,0.6997522539916974,0.6657374118443626,0.4590043195818744,,,0.996736787757802,0.9802676156209622,4,0.0657558488034814,0.3471105977394333,0.9573655822004677,0.7095249053937324,0.10863429004172662,0.6770850545746578,0.6770850545746578,,resistant_in_tested_budget,0.7704724190499233,,,0.5125758841548316,,
california_housing,regression,vib,learned,1,knn,0.683157967347561,r2,0.683157967347561,0.6838872086052108,0.46807304000000005,,,1.1319626782450518,0.8997793893408362,4,0.0657558488034814,0.3471105977394333,0.9573655822004677,0.7095249053937324,0.10863429004172662,0.6770850545746578,0.6770850545746578,,resistant_in_tested_budget,0.7704724190499233,,,0.5125758841548316,,
california_housing,regression,vib_stoch,learned,1,linear,0.6975010180470015,r2,0.6975010180470015,0.6682285764710844,0.46984275030755396,,,1.1653026160632582,0.9348537022359202,4,0.035398117212899385,0.3974309209986058,0.9461580922344925,0.7024696582095866,0.008224894814997358,0.7041166340990709,0.7041166340990709,,resistant_in_tested_budget,0.800337928069892,,,0.607323865218602,,
california_housing,regression,vib_stoch,learned,1,hgb,0.687311642520571,r2,0.687311642520571,0.6793896727787471,0.47086513123076834,,,0.8850745897168478,0.9209451949747774,4,0.035398117212899385,0.3974309209986058,0.9461580922344925,0.7024696582095866,0.008224894814997358,0.7041166340990709,0.7041166340990709,,resistant_in_tested_budget,0.800337928069892,,,0.607323865218602,,
california_housing,regression,vib_stoch,learned,1,mlp,0.6961378373576317,r2,0.6961378373576317,0.6697325358459749,0.467949899005466,,,0.9915883627189312,0.9740492400085933,4,0.035398117212899385,0.3974309209986058,0.9461580922344925,0.7024696582095866,0.008224894814997358,0.7041166340990709,0.7041166340990709,,resistant_in_tested_budget,0.800337928069892,,,0.607323865218602,,
california_housing,regression,vib_stoch,learned,1,knn,0.6793118726226568,r2,0.6793118726226568,0.6880254866988444,0.4906848303703705,,,1.1255898685968087,0.8865172677934892,4,0.035398117212899385,0.3974309209986058,0.9461580922344925,0.7024696582095866,0.008224894814997358,0.7041166340990709,0.7041166340990709,,resistant_in_tested_budget,0.800337928069892,,,0.607323865218602,,
california_housing,regression,rff,nonlinear,1,linear,0.4751376591135815,r2,0.4751376591135815,0.8802089738183758,0.6517692194158672,,,0.7938040846241736,0.8473189983516133,12,0.3605806937488522,0.5661180355650359,0.36497370445330163,0.21607634948029325,0.5054671861126621,0.9034569056262037,0.9034569056262037,100.0,partial_recovery_with_enough_pairs,0.8147995054023502,,,0.526371484266221,,
california_housing,regression,rff,nonlinear,1,hgb,0.6081027280926965,r2,0.6081027280926965,0.7605875383103539,0.5262674731667635,,,0.7830745753098902,0.8815014661883592,12,0.3605806937488522,0.5661180355650359,0.36497370445330163,0.21607634948029325,0.5054671861126621,0.9034569056262037,0.9034569056262037,100.0,partial_recovery_with_enough_pairs,0.8147995054023502,,,0.526371484266221,,
california_housing,regression,rff,nonlinear,1,mlp,0.5930528197393786,r2,0.5930528197393786,0.7750542591720667,0.5526508896568355,,,0.8447526380168668,0.8898818852972655,12,0.3605806937488522,0.5661180355650359,0.36497370445330163,0.21607634948029325,0.5054671861126621,0.9034569056262037,0.9034569056262037,100.0,partial_recovery_with_enough_pairs,0.8147995054023502,,,0.526371484266221,,
california_housing,regression,rff,nonlinear,1,knn,0.5599789030474522,r2,0.5599789030474522,0.8059346630706722,0.5745527266666667,,,0.9278603912290057,0.9250811502723171,12,0.3605806937488522,0.5661180355650359,0.36497370445330163,0.21607634948029325,0.5054671861126621,0.9034569056262037,0.9034569056262037,100.0,partial_recovery_with_enough_pairs,0.8147995054023502,,,0.526371484266221,,
california_housing,regression,microagg_rot,lossy,1,linear,0.40187046876208965,r2,0.40187046876208965,0.9396382946623634,0.7086866888247083,,,0.6713978853798236,0.6809185316188511,8,0.11628925533160744,0.6239138048390487,0.3170689720605313,0.18599431926944826,0.49646973309383924,0.7810014546920958,0.7810014546920958,100.0,partial_recovery_with_enough_pairs,0.7211139542827804,0.0,1.0,0.5007518796992482,,0.6666666666666666
california_housing,regression,microagg_rot,lossy,1,hgb,0.4592374058832477,r2,0.4592374058832477,0.8934420870555476,0.6677969628443197,,,0.5913756343543676,0.7643117975177278,8,0.11628925533160744,0.6239138048390487,0.3170689720605313,0.18599431926944826,0.49646973309383924,0.7810014546920958,0.7810014546920958,100.0,partial_recovery_with_enough_pairs,0.7211139542827804,0.0,1.0,0.5007518796992482,,0.6666666666666666
california_housing,regression,microagg_rot,lossy,1,mlp,0.4508249315004361,r2,0.4508249315004361,0.9003647668896775,0.6762944159533443,,,0.6421612670792589,0.7603702257917311,8,0.11628925533160744,0.6239138048390487,0.3170689720605313,0.18599431926944826,0.49646973309383924,0.7810014546920958,0.7810014546920958,100.0,partial_recovery_with_enough_pairs,0.7211139542827804,0.0,1.0,0.5007518796992482,,0.6666666666666666
california_housing,regression,microagg_rot,lossy,1,knn,0.4296488841238565,r2,0.4296488841238565,0.9175594939016223,0.6811280311111111,,,0.7119092871977099,0.7379400419472145,8,0.11628925533160744,0.6239138048390487,0.3170689720605313,0.18599431926944826,0.49646973309383924,0.7810014546920958,0.7810014546920958,100.0,partial_recovery_with_enough_pairs,0.7211139542827804,0.0,1.0,0.5007518796992482,,0.6666666666666666
california_housing,regression,noisy_gauss_rot,classical,1,linear,0.5762225267584176,r2,0.5762225267584176,0.7909190189355803,0.571322361441014,,,0.9626847853875351,0.8685320797842979,8,0.2848427340888988,0.6065342792506468,0.24452738943237454,0.009610766717639444,0.6648895373082422,0.9114795548289878,0.9114795548289878,25.0,partial_recovery_with_enough_pairs,0.7678215957542524,0.0,1.0,0.5168866610971874,,0.6666666666666666
california_housing,regression,noisy_gauss_rot,classical,1,hgb,0.7043183580644423,r2,0.7043183580644423,0.6606558211727537,0.4545054641757756,,,0.9069747160223215,0.9368857563446839,8,0.2848427340888988,0.6065342792506468,0.24452738943237454,0.009610766717639444,0.6648895373082422,0.9114795548289878,0.9114795548289878,25.0,partial_recovery_with_enough_pairs,0.7678215957542524,0.0,1.0,0.5168866610971874,,0.6666666666666666
california_housing,regression,noisy_gauss_rot,classical,1,mlp,0.7137591824628226,r2,0.7137591824628226,0.6500232147698977,0.4528480675071465,,,1.0166884503798537,0.9397918133030416,8,0.2848427340888988,0.6065342792506468,0.24452738943237454,0.009610766717639444,0.6648895373082422,0.9114795548289878,0.9114795548289878,25.0,partial_recovery_with_enough_pairs,0.7678215957542524,0.0,1.0,0.5168866610971874,,0.6666666666666666
california_housing,regression,noisy_gauss_rot,classical,1,knn,0.6410072029215167,r2,0.6410072029215167,0.7279573792971137,0.5256536444444444,,,1.0621207171316758,0.840630341146545,8,0.2848427340888988,0.6065342792506468,0.24452738943237454,0.009610766717639444,0.6648895373082422,0.9114795548289878,0.9114795548289878,25.0,partial_recovery_with_enough_pairs,0.7678215957542524,0.0,1.0,0.5168866610971874,,0.6666666666666666
banking_mixed_reg,regression,identity,baseline,0,linear,0.8832808515831443,r2,0.8832808515831443,254.34054989541102,203.31032722546706,,,1.0,1.0,15,1.0,1.0,0.0,0.06013210569973592,0.9962498899146589,1.0,1.0,25.0,collapses_with_enough_pairs,1.0,0.2,0.7333333333333333,0.5224068479355488,,0.8888888888888888
banking_mixed_reg,regression,identity,baseline,0,hgb,0.920065572997707,r2,0.920065572997707,210.48031442261419,155.11944579202878,,,1.0,1.0,15,1.0,1.0,0.0,0.06013210569973592,0.9962498899146589,1.0,1.0,25.0,collapses_with_enough_pairs,1.0,0.2,0.7333333333333333,0.5224068479355488,,0.8888888888888888
banking_mixed_reg,regression,identity,baseline,0,mlp,-0.6967397094228749,r2,-0.6967397094228749,969.7329728369868,827.6663287455252,,,1.0,1.0,15,1.0,1.0,0.0,0.06013210569973592,0.9962498899146589,1.0,1.0,25.0,collapses_with_enough_pairs,1.0,0.2,0.7333333333333333,0.5224068479355488,,0.8888888888888888
banking_mixed_reg,regression,identity,baseline,0,knn,0.733076381749677,r2,0.733076381749677,384.625481023562,317.8875079051009,,,1.0,1.0,15,1.0,1.0,0.0,0.06013210569973592,0.9962498899146589,1.0,1.0,25.0,collapses_with_enough_pairs,1.0,0.2,0.7333333333333333,0.5224068479355488,,0.8888888888888888
banking_mixed_reg,regression,secret_affine,typed,0,linear,0.8832808515831443,r2,0.8832808515831443,254.34054989541102,203.31032722546698,,,1.0,1.0,15,0.9963272203766262,1.0,0.2125876517278828,0.060132105699735934,0.9993982268708095,1.0,1.0,25.0,collapses_with_enough_pairs,1.0,0.0,0.4,0.5224068479355488,,0.6666666666666666
banking_mixed_reg,regression,secret_affine,typed,0,hgb,0.9166570990934512,r2,0.9166570990934512,214.92100226022166,158.59928480979326,,,0.9962954011058685,0.99862068254783,15,0.9963272203766262,1.0,0.2125876517278828,0.060132105699735934,0.9993982268708095,1.0,1.0,25.0,collapses_with_enough_pairs,1.0,0.0,0.4,0.5224068479355488,,0.6666666666666666
banking_mixed_reg,regression,secret_affine,typed,0,mlp,-1.485478137778693,r2,-1.485478137778693,1173.6795146639818,1028.25932527282,,,2.1320417333600057,0.9840846272155124,15,0.9963272203766262,1.0,0.2125876517278828,0.060132105699735934,0.9993982268708095,1.0,1.0,25.0,collapses_with_enough_pairs,1.0,0.0,0.4,0.5224068479355488,,0.6666666666666666
banking_mixed_reg,regression,secret_affine,typed,0,knn,0.7330763817496769,r2,0.7330763817496769,384.62548102356203,317.8875079051009,,,0.9999999999999999,1.0,15,0.9963272203766262,1.0,0.2125876517278828,0.060132105699735934,0.9993982268708095,1.0,1.0,25.0,collapses_with_enough_pairs,1.0,0.0,0.4,0.5224068479355488,,0.6666666666666666
banking_mixed_reg,regression,std_rot,classical,0,linear,0.883286216776707,r2,0.883286216776707,254.3347042309194,203.30649644510424,,,1.0000060741649195,0.9999999924749116,15,0.6329338415711128,0.6507723951571188,0.24617819037074984,0.11230642615547244,0.9999511997890671,0.9999740243821107,0.9999683455629805,10.0,collapses_with_enough_pairs,0.8120923707998846,0.0,0.5333333333333333,0.5302826305880293,,0.4444444444444444
banking_mixed_reg,regression,std_rot,classical,0,hgb,0.8799670752737898,r2,0.8799670752737898,257.9257754439932,198.50206302834127,,,0.9564177827094753,0.9683107075853014,15,0.6329338415711128,0.6507723951571188,0.24617819037074984,0.11230642615547244,0.9999511997890671,0.9999740243821107,0.9999683455629805,10.0,collapses_with_enough_pairs,0.8120923707998846,0.0,0.5333333333333333,0.5302826305880293,,0.4444444444444444
banking_mixed_reg,regression,std_rot,classical,0,mlp,-1.3310168094823633,r2,-1.3310168094823633,1136.6251291382976,1024.8082011475092,,,1.9103501515435002,0.8693422121783303,15,0.6329338415711128,0.6507723951571188,0.24617819037074984,0.11230642615547244,0.9999511997890671,0.9999740243821107,0.9999683455629805,10.0,collapses_with_enough_pairs,0.8120923707998846,0.0,0.5333333333333333,0.5302826305880293,,0.4444444444444444
banking_mixed_reg,regression,std_rot,classical,0,knn,0.7505138676976182,r2,0.7505138676976182,371.84997442271134,306.47080223990145,,,1.0237867245242878,0.9873171254009739,15,0.6329338415711128,0.6507723951571188,0.24617819037074984,0.11230642615547244,0.9999511997890671,0.9999740243821107,0.9999683455629805,10.0,collapses_with_enough_pairs,0.8120923707998846,0.0,0.5333333333333333,0.5302826305880293,,0.4444444444444444
banking_mixed_reg,regression,gauss,classical,0,linear,0.8718116971719171,r2,0.8718116971719171,266.54390103714144,211.35119295588004,,,0.9870152801448481,0.9920063812626388,15,0.14759031184762503,1.0,0.04373261374122869,0.06801155273242716,0.8656987155796354,0.9999999564404486,0.9999999564404486,25.0,partial_recovery_with_enough_pairs,1.0,0.0,0.7333333333333333,0.5157789307763038,,0.8888888888888888
banking_mixed_reg,regression,gauss,classical,0,hgb,0.9200655730266801,r2,0.9200655730266801,210.4803143844687,155.11944575630858,,,1.0000000000314904,0.9999999999999997,15,0.14759031184762503,1.0,0.04373261374122869,0.06801155273242716,0.8656987155796354,0.9999999564404486,0.9999999564404486,25.0,partial_recovery_with_enough_pairs,1.0,0.0,0.7333333333333333,0.5157789307763038,,0.8888888888888888
banking_mixed_reg,regression,gauss,classical,0,mlp,-1.493401329727202,r2,-1.493401329727202,1175.5487503404277,1019.0744915207289,,,2.1434135438673643,0.936238727185645,15,0.14759031184762503,1.0,0.04373261374122869,0.06801155273242716,0.8656987155796354,0.9999999564404486,0.9999999564404486,25.0,partial_recovery_with_enough_pairs,1.0,0.0,0.7333333333333333,0.5157789307763038,,0.8888888888888888
banking_mixed_reg,regression,gauss,classical,0,knn,0.710369019066806,r2,0.710369019066806,400.65176321254194,331.11619865647197,,,0.9690245610850619,0.9443881059082998,15,0.14759031184762503,1.0,0.04373261374122869,0.06801155273242716,0.8656987155796354,0.9999999564404486,0.9999999564404486,25.0,partial_recovery_with_enough_pairs,1.0,0.0,0.7333333333333333,0.5157789307763038,,0.8888888888888888
banking_mixed_reg,regression,gauss_white_rot,classical,0,linear,0.8718293975621588,r2,0.8718293975621588,266.525498055604,211.3372813505149,,,0.9870353195130852,0.992000907403211,15,0.36600721273116055,0.5076078870998981,0.16010949999750512,7.21146738702293e-07,0.8657967556745897,0.9999684544843959,0.9999684544843959,25.0,partial_recovery_with_enough_pairs,0.6625612340528554,0.0,0.5333333333333333,0.501778755637287,,0.4444444444444444
banking_mixed_reg,regression,gauss_white_rot,classical,0,hgb,0.8215809902509599,r2,0.8215809902509599,314.45978495856565,246.41898040921603,,,0.89295916982757,0.9338762261947015,15,0.36600721273116055,0.5076078870998981,0.16010949999750512,7.21146738702293e-07,0.8657967556745897,0.9999684544843959,0.9999684544843959,25.0,partial_recovery_with_enough_pairs,0.6625612340528554,0.0,0.5333333333333333,0.501778755637287,,0.4444444444444444
banking_mixed_reg,regression,gauss_white_rot,classical,0,mlp,-1.5760367906367927,r2,-1.5760367906367927,1194.8697912359505,1082.09480684461,,,2.2620166029323334,0.7739088177587151,15,0.36600721273116055,0.5076078870998981,0.16010949999750512,7.21146738702293e-07,0.8657967556745897,0.9999684544843959,0.9999684544843959,25.0,partial_recovery_with_enough_pairs,0.6625612340528554,0.0,0.5333333333333333,0.501778755637287,,0.4444444444444444
banking_mixed_reg,regression,gauss_white_rot,classical,0,knn,0.6512523364491917,r2,0.6512523364491917,439.64304193556745,371.17451162239547,,,0.8883826469689406,0.9036615327932292,15,0.36600721273116055,0.5076078870998981,0.16010949999750512,7.21146738702293e-07,0.8657967556745897,0.9999684544843959,0.9999684544843959,25.0,partial_recovery_with_enough_pairs,0.6625612340528554,0.0,0.5333333333333333,0.501778755637287,,0.4444444444444444
banking_mixed_reg,regression,keyed_monotone,typed,0,linear,0.9071864388317604,r2,0.9071864388317604,226.80376986978663,179.48444968953376,,,1.0270645369542077,0.9894345759644368,18,0.43427664081579787,1.0,0.2566859754371145,0.07239433154513149,0.93179628766493,0.9999613282522306,0.9999613282522306,25.0,collapses_with_enough_pairs,1.0,,,0.5267032269363807,,
banking_mixed_reg,regression,keyed_monotone,typed,0,hgb,0.91745359858243,r2,0.91745359858243,213.89154785678397,158.07287761436623,,,0.9971610997173096,0.9986089215910378,18,0.43427664081579787,1.0,0.2566859754371145,0.07239433154513149,0.93179628766493,0.9999613282522306,0.9999613282522306,25.0,collapses_with_enough_pairs,1.0,,,0.5267032269363807,,
banking_mixed_reg,regression,keyed_monotone,typed,0,mlp,-1.2657204695739024,r2,-1.2657204695739024,1120.5925089406364,969.0818596160661,,,1.8166331737031711,0.9293095435970733,18,0.43427664081579787,1.0,0.2566859754371145,0.07239433154513149,0.93179628766493,0.9999613282522306,0.9999613282522306,25.0,collapses_with_enough_pairs,1.0,,,0.5267032269363807,,
banking_mixed_reg,regression,keyed_monotone,typed,0,knn,0.7409980348692669,r2,0.7409980348692669,378.87511429344784,312.8716570848172,,,1.0108060405665815,0.950334302064491,18,0.43427664081579787,1.0,0.2566859754371145,0.07239433154513149,0.93179628766493,0.9999613282522306,0.9999613282522306,25.0,collapses_with_enough_pairs,1.0,,,0.5267032269363807,,
banking_mixed_reg,regression,typed_keyed,typed,0,linear,0.8737197522457412,r2,0.8737197522457412,264.5527396899822,208.9450282084526,,,0.9891754708366356,0.9905585208589026,15,0.09792589085885979,1.0,0.22484442831306792,0.06940608780868732,0.6224276255553015,0.9999999845867145,0.9999999845867145,50.0,partial_recovery_with_enough_pairs,1.0,0.0,0.4666666666666667,0.5030266211305223,,0.6666666666666666
banking_mixed_reg,regression,typed_keyed,typed,0,hgb,0.9206375078280316,r2,0.9206375078280316,209.72596404867016,155.3826676206759,,,1.000621623987583,0.9979658092096345,15,0.09792589085885979,1.0,0.22484442831306792,0.06940608780868732,0.6224276255553015,0.9999999845867145,0.9999999845867145,50.0,partial_recovery_with_enough_pairs,1.0,0.0,0.4666666666666667,0.5030266211305223,,0.6666666666666666
banking_mixed_reg,regression,typed_keyed,typed,0,mlp,-1.4450320475926786,r2,-1.4450320475926786,1164.0907243443473,1011.1408907787709,,,2.073991230942802,0.9434381518414245,15,0.09792589085885979,1.0,0.22484442831306792,0.06940608780868732,0.6224276255553015,0.9999999845867145,0.9999999845867145,50.0,partial_recovery_with_enough_pairs,1.0,0.0,0.4666666666666667,0.5030266211305223,,0.6666666666666666
banking_mixed_reg,regression,typed_keyed,typed,0,knn,0.7162351569398789,r2,0.7162351569398789,396.5736409835965,325.59994895925115,,,0.9770266438408476,0.9154840072438419,15,0.09792589085885979,1.0,0.22484442831306792,0.06940608780868732,0.6224276255553015,0.9999999845867145,0.9999999845867145,50.0,partial_recovery_with_enough_pairs,1.0,0.0,0.4666666666666667,0.5030266211305223,,0.6666666666666666
banking_mixed_reg,regression,bn_adv,learned,0,linear,0.9136734624754896,r2,0.9136734624754896,218.73420994407923,166.74748460637954,,,1.0344087736509529,0.9756685437318596,9,0.1625379537615579,0.5667022081224105,0.7593152371724308,0.6247390350533037,0.4150598603390198,0.934099010152139,0.934099010152139,,resistant_in_tested_budget,0.9777695058498528,,,0.511039231139717,,
banking_mixed_reg,regression,bn_adv,learned,0,hgb,0.9081627824348095,r2,0.9081627824348095,225.60769550027408,167.6085495483513,,,0.9870631062478336,0.9884385738299724,9,0.1625379537615579,0.5667022081224105,0.7593152371724308,0.6247390350533037,0.4150598603390198,0.934099010152139,0.934099010152139,,resistant_in_tested_budget,0.9777695058498528,,,0.511039231139717,,
banking_mixed_reg,regression,bn_adv,learned,0,mlp,-0.6188782179391432,r2,-0.6188782179391432,947.2217039552842,842.8252319958438,,,0.888248810236141,0.7209003924654993,9,0.1625379537615579,0.5667022081224105,0.7593152371724308,0.6247390350533037,0.4150598603390198,0.934099010152139,0.934099010152139,,resistant_in_tested_budget,0.9777695058498528,,,0.511039231139717,,
banking_mixed_reg,regression,bn_adv,learned,0,knn,0.9099168206497094,r2,0.9099168206497094,223.44281986123937,165.36682984287867,,,1.2412305774712817,0.9278541469042583,9,0.1625379537615579,0.5667022081224105,0.7593152371724308,0.6247390350533037,0.4150598603390198,0.934099010152139,0.934099010152139,,resistant_in_tested_budget,0.9777695058498528,,,0.511039231139717,,
banking_mixed_reg,regression,bn_noisy,learned,0,linear,0.9111965532815758,r2,0.9111965532815758,221.85001475636184,169.05860792485737,,,1.0316045588992413,0.9741556972497879,9,0.15815232511151373,0.5395647740861544,0.7223637808066908,0.5865452790798257,0.3058649912928757,0.9251120858050826,0.9251120858050826,,resistant_in_tested_budget,0.9732851064327895,,,0.520031525022987,,
banking_mixed_reg,regression,bn_noisy,learned,0,hgb,0.9063306154493178,r2,0.9063306154493178,227.84703642201086,169.09791976208894,,,0.9850717623270713,0.9853558528492544,9,0.15815232511151373,0.5395647740861544,0.7223637808066908,0.5865452790798257,0.3058649912928757,0.9251120858050826,0.9251120858050826,,resistant_in_tested_budget,0.9732851064327895,,,0.520031525022987,,
banking_mixed_reg,regression,bn_noisy,learned,0,mlp,-0.6286415072305738,r2,-0.6286415072305738,950.0737090873338,844.5767233832732,,,0.9022616318959222,0.7055081473254617,9,0.15815232511151373,0.5395647740861544,0.7223637808066908,0.5865452790798257,0.3058649912928757,0.9251120858050826,0.9251120858050826,,resistant_in_tested_budget,0.9732851064327895,,,0.520031525022987,,
banking_mixed_reg,regression,bn_noisy,learned,0,knn,0.90556994919055,r2,0.90556994919055,228.77031093553435,171.7619428050529,,,1.235300947807338,0.9261719459702998,9,0.15815232511151373,0.5395647740861544,0.7223637808066908,0.5865452790798257,0.3058649912928757,0.9251120858050826,0.9251120858050826,,resistant_in_tested_budget,0.9732851064327895,,,0.520031525022987,,
banking_mixed_reg,regression,vib,learned,0,linear,0.9150748202220921,r2,0.9150748202220921,216.951565462191,162.750248188042,,,1.0359953106443573,0.9753319075396424,8,0.0721275020564943,0.3321393419959595,0.9325001426517622,0.8075589999597381,0.3615290404392921,0.9269774820020065,0.9269774820020065,,resistant_in_tested_budget,0.9535219098789061,,,0.5353233504093874,,
banking_mixed_reg,regression,vib,learned,0,hgb,0.9101447408917702,r2,0.9101447408917702,223.1599735209211,161.82537042827965,,,0.9892172553814689,0.9887137287849659,8,0.0721275020564943,0.3321393419959595,0.9325001426517622,0.8075589999597381,0.3615290404392921,0.9269774820020065,0.9269774820020065,,resistant_in_tested_budget,0.9535219098789061,,,0.5353233504093874,,
banking_mixed_reg,regression,vib,learned,0,mlp,-0.7945915914664106,r2,-0.7945915914664106,997.3035502007305,905.0985100061321,,,1.1404425221071275,0.641934825721827,8,0.0721275020564943,0.3321393419959595,0.9325001426517622,0.8075589999597381,0.3615290404392921,0.9269774820020065,0.9269774820020065,,resistant_in_tested_budget,0.9535219098789061,,,0.5353233504093874,,
banking_mixed_reg,regression,vib,learned,0,knn,0.9081169091849397,r2,0.9081169091849397,225.664034675139,165.98123483775467,,,1.2387752924429007,0.929671644448794,8,0.0721275020564943,0.3321393419959595,0.9325001426517622,0.8075589999597381,0.3615290404392921,0.9269774820020065,0.9269774820020065,,resistant_in_tested_budget,0.9535219098789061,,,0.5353233504093874,,
banking_mixed_reg,regression,vib_stoch,learned,0,linear,0.9129882844994031,r2,0.9129882844994031,219.6005463965143,164.90140812518982,,,1.0336330543824344,0.9751045517267884,8,0.06028920088682401,0.4345262083803809,0.7254902818366887,0.554450916602791,-0.2796536398687927,0.850563731503022,0.850563731503022,,resistant_in_tested_budget,0.9520800582156439,,,0.6349117737203906,,
banking_mixed_reg,regression,vib_stoch,learned,0,hgb,0.9057151422840032,r2,0.9057151422840032,228.59436775520646,166.75786139397678,,,0.9844028174351226,0.9883127194151556,8,0.06028920088682401,0.4345262083803809,0.7254902818366887,0.554450916602791,-0.2796536398687927,0.850563731503022,0.850563731503022,,resistant_in_tested_budget,0.9520800582156439,,,0.6349117737203906,,
banking_mixed_reg,regression,vib_stoch,learned,0,mlp,-0.7532019576481852,r2,-0.7532019576481852,985.7357878947164,890.4624866966886,,,1.0810377928252135,0.7009504950154702,8,0.06028920088682401,0.4345262083803809,0.7254902818366887,0.554450916602791,-0.2796536398687927,0.850563731503022,0.850563731503022,,resistant_in_tested_budget,0.9520800582156439,,,0.6349117737203906,,
banking_mixed_reg,regression,vib_stoch,learned,0,knn,0.8972873718265202,r2,0.8972873718265202,238.59232637198176,179.42030881927622,,,1.2240025653055566,0.9185765769930344,8,0.06028920088682401,0.4345262083803809,0.7254902818366887,0.554450916602791,-0.2796536398687927,0.850563731503022,0.850563731503022,,resistant_in_tested_budget,0.9520800582156439,,,0.6349117737203906,,
banking_mixed_reg,regression,rff,nonlinear,0,linear,0.5299831811610929,r2,0.5299831811610929,510.3889345981086,400.8972523701079,,,0.6000166087730533,0.7505103332607609,22,0.195344399367779,0.4998295731350564,0.1930370500962883,0.0823398043869401,0.42178104544087913,0.6181689739402612,0.6181689739402612,,resistant_in_tested_budget,0.6925086146642787,,,0.5387932921756645,,
banking_mixed_reg,regression,rff,nonlinear,0,hgb,0.6091055473269325,r2,0.6091055473269325,465.45136084868057,359.08956557969367,,,0.6620240613311704,0.8052597952621222,22,0.195344399367779,0.4998295731350564,0.1930370500962883,0.0823398043869401,0.42178104544087913,0.6181689739402612,0.6181689739402612,,resistant_in_tested_budget,0.6925086146642787,,,0.5387932921756645,,
banking_mixed_reg,regression,rff,nonlinear,0,mlp,-1.1848036994913276,r2,-1.1848036994913276,1100.4004568760715,953.5184744908634,,,1.7004968763338135,0.6270763309175071,22,0.195344399367779,0.4998295731350564,0.1930370500962883,0.0823398043869401,0.42178104544087913,0.6181689739402612,0.6181689739402612,,resistant_in_tested_budget,0.6925086146642787,,,0.5387932921756645,,
banking_mixed_reg,regression,rff,nonlinear,0,knn,0.5098716657710799,r2,0.5098716657710799,521.1940578169755,420.99407290733564,,,0.695523247596845,0.7841200088506676,22,0.195344399367779,0.4998295731350564,0.1930370500962883,0.0823398043869401,0.42178104544087913,0.6181689739402612,0.6181689739402612,,resistant_in_tested_budget,0.6925086146642787,,,0.5387932921756645,,
banking_mixed_reg,regression,microagg_rot,lossy,0,linear,0.17087385399660682,r2,0.17087385399660682,677.8831768300056,567.6368307175543,,,0.19345359258082168,0.43746437418704137,15,0.19376046421654128,0.3869126085256339,0.31700262607170837,0.189691474461521,0.3037625297278523,0.9999665432301468,0.9999665432301468,,resistant_in_tested_budget,0.7203863916760049,0.0,0.5333333333333333,0.5028624283024651,,0.4444444444444444
banking_mixed_reg,regression,microagg_rot,lossy,0,hgb,0.16217254849552032,r2,0.16217254849552032,681.4309324256012,569.8327655706242,,,0.17626194616448765,0.426448459506316,15,0.19376046421654128,0.3869126085256339,0.31700262607170837,0.189691474461521,0.3037625297278523,0.9999665432301468,0.9999665432301468,,resistant_in_tested_budget,0.7203863916760049,0.0,0.5333333333333333,0.5028624283024651,,0.4444444444444444
banking_mixed_reg,regression,microagg_rot,lossy,0,mlp,-1.631821091109725,r2,-1.631821091109725,1207.7380033591444,1026.4729567252361,,,2.3420813670307368,0.5783605930670721,15,0.19376046421654128,0.3869126085256339,0.31700262607170837,0.189691474461521,0.3037625297278523,0.9999665432301468,0.9999665432301468,,resistant_in_tested_budget,0.7203863916760049,0.0,0.5333333333333333,0.5028624283024651,,0.4444444444444444
banking_mixed_reg,regression,microagg_rot,lossy,0,knn,0.09262806350493347,r2,0.09262806350493347,709.1485550829577,588.5681345653244,,,0.1263552691246887,0.41709265969288734,15,0.19376046421654128,0.3869126085256339,0.31700262607170837,0.189691474461521,0.3037625297278523,0.9999665432301468,0.9999665432301468,,resistant_in_tested_budget,0.7203863916760049,0.0,0.5333333333333333,0.5028624283024651,,0.4444444444444444
banking_mixed_reg,regression,noisy_gauss_rot,classical,0,linear,0.8669546063996307,r2,0.8669546063996307,271.54666420972256,215.44471408522247,,,0.9815163601087341,0.9899656024543099,15,0.37961298325333903,0.5232319720972372,0.16038511813044593,0.013170230413130193,0.8499150732969294,0.9942109977833044,0.9942109977833044,25.0,partial_recovery_with_enough_pairs,0.6625612340528554,0.0,0.5333333333333333,0.513310565261176,,0.4444444444444444
banking_mixed_reg,regression,noisy_gauss_rot,classical,0,hgb,0.8207316404373883,r2,0.8207316404373883,315.2073769709853,245.14550133119582,,,0.8920360293053089,0.9332681386850649,15,0.37961298325333903,0.5232319720972372,0.16038511813044593,0.013170230413130193,0.8499150732969294,0.9942109977833044,0.9942109977833044,25.0,partial_recovery_with_enough_pairs,0.6625612340528554,0.0,0.5333333333333333,0.513310565261176,,0.4444444444444444
banking_mixed_reg,regression,noisy_gauss_rot,classical,0,mlp,-1.565809217087422,r2,-1.565809217087422,1192.4954515800496,1079.0662214876652,,,2.2473374144046088,0.7747258850181538,15,0.37961298325333903,0.5232319720972372,0.16038511813044593,0.013170230413130193,0.8499150732969294,0.9942109977833044,0.9942109977833044,25.0,partial_recovery_with_enough_pairs,0.6625612340528554,0.0,0.5333333333333333,0.513310565261176,,0.4444444444444444
banking_mixed_reg,regression,noisy_gauss_rot,classical,0,knn,0.6548843223790544,r2,0.6548843223790544,437.34774843842644,367.72656489842893,,,0.8933370910354566,0.9000721904346544,15,0.37961298325333903,0.5232319720972372,0.16038511813044593,0.013170230413130193,0.8499150732969294,0.9942109977833044,0.9942109977833044,25.0,partial_recovery_with_enough_pairs,0.6625612340528554,0.0,0.5333333333333333,0.513310565261176,,0.4444444444444444
banking_mixed_reg,regression,identity,baseline,1,linear,0.87468317264686,r2,0.87468317264686,267.28996055957475,213.77179297355218,,,1.0,1.0,15,0.9999999999999999,1.0,0.0,0.062187592566841976,0.9964524941420799,1.0,1.0,25.0,collapses_with_enough_pairs,1.0,0.2,0.7333333333333333,0.536390931372549,,0.8888888888888888
banking_mixed_reg,regression,identity,baseline,1,hgb,0.9258022746700072,r2,0.9258022746700072,205.67108868944894,150.93882059734182,,,1.0,1.0,15,0.9999999999999999,1.0,0.0,0.062187592566841976,0.9964524941420799,1.0,1.0,25.0,collapses_with_enough_pairs,1.0,0.2,0.7333333333333333,0.536390931372549,,0.8888888888888888
banking_mixed_reg,regression,identity,baseline,1,mlp,-0.5126548885290707,r2,-0.5126548885290707,928.6410530182574,792.8909827110251,,,1.0,1.0,15,0.9999999999999999,1.0,0.0,0.062187592566841976,0.9964524941420799,1.0,1.0,25.0,collapses_with_enough_pairs,1.0,0.2,0.7333333333333333,0.536390931372549,,0.8888888888888888
banking_mixed_reg,regression,identity,baseline,1,knn,0.772815524904658,r2,0.772815524904658,359.88792573334024,298.08861230316467,,,1.0,1.0,15,0.9999999999999999,1.0,0.0,0.062187592566841976,0.9964524941420799,1.0,1.0,25.0,collapses_with_enough_pairs,1.0,0.2,0.7333333333333333,0.536390931372549,,0.8888888888888888
banking_mixed_reg,regression,secret_affine,typed,1,linear,0.87468317264686,r2,0.87468317264686,267.2899605595748,213.77179297355227,,,1.0,0.9999999999999996,15,0.9935256439338175,1.0,0.23076378871950778,0.062187592566841955,0.9999225786433281,1.0,1.0,25.0,collapses_with_enough_pairs,1.0,0.0,0.4666666666666667,0.536390931372549,,0.7777777777777778
banking_mixed_reg,regression,secret_affine,typed,1,hgb,0.9250028884226387,r2,0.9250028884226387,206.77604291556392,152.35702661022475,,,0.999136547544503,0.9988923122885962,15,0.9935256439338175,1.0,0.23076378871950778,0.062187592566841955,0.9999225786433281,1.0,1.0,25.0,collapses_with_enough_pairs,1.0,0.0,0.4666666666666667,0.536390931372549,,0.7777777777777778
banking_mixed_reg,regression,secret_affine,typed,1,mlp,-1.26526939337792,r2,-1.26526939337792,1136.4174134402886,998.8349379263468,,,2.4680724239425085,0.9862775949714937,15,0.9935256439338175,1.0,0.23076378871950778,0.062187592566841955,0.9999225786433281,1.0,1.0,25.0,collapses_with_enough_pairs,1.0,0.0,0.4666666666666667,0.536390931372549,,0.7777777777777778
banking_mixed_reg,regression,secret_affine,typed,1,knn,0.7728155249046581,r2,0.7728155249046581,359.8879257333402,298.0886123031646,,,1.0000000000000002,0.9999999999999998,15,0.9935256439338175,1.0,0.23076378871950778,0.062187592566841955,0.9999225786433281,1.0,1.0,25.0,collapses_with_enough_pairs,1.0,0.0,0.4666666666666667,0.536390931372549,,0.7777777777777778
banking_mixed_reg,regression,std_rot,classical,1,linear,0.8746796614670681,r2,0.8746796614670681,267.2937050548439,213.77698335775548,,,0.9999959857695887,0.9999999960274751,15,0.6570893700798285,0.6474055793785617,0.21359093953212022,0.10908622255290817,0.9999273242331821,0.9999746913357247,0.9999740178440977,10.0,collapses_with_enough_pairs,0.7663753153184789,0.0,0.5333333333333333,0.5267647058823529,,0.4444444444444444
banking_mixed_reg,regression,std_rot,classical,1,hgb,0.864815925711522,r2,0.864815925711522,277.61358659866926,216.37625552336428,,,0.9341259460825767,0.9580968081752966,15,0.6570893700798285,0.6474055793785617,0.21359093953212022,0.10908622255290817,0.9999273242331821,0.9999746913357247,0.9999740178440977,10.0,collapses_with_enough_pairs,0.7663753153184789,0.0,0.5333333333333333,0.5267647058823529,,0.4444444444444444
banking_mixed_reg,regression,std_rot,classical,1,mlp,-1.0041012624592627,r2,-1.0041012624592627,1068.9017351568211,953.2192846624602,,,1.958630035383587,0.8879899855014677,15,0.6570893700798285,0.6474055793785617,0.21359093953212022,0.10908622255290817,0.9999273242331821,0.9999746913357247,0.9999740178440977,10.0,collapses_with_enough_pairs,0.7663753153184789,0.0,0.5333333333333333,0.5267647058823529,,0.4444444444444444
banking_mixed_reg,regression,std_rot,classical,1,knn,0.7746250590175405,r2,0.7746250590175405,358.45179891148473,298.46822267922704,,,1.0023414826107508,0.9872296779096003,15,0.6570893700798285,0.6474055793785617,0.21359093953212022,0.10908622255290817,0.9999273242331821,0.9999746913357247,0.9999740178440977,10.0,collapses_with_enough_pairs,0.7663753153184789,0.0,0.5333333333333333,0.5267647058823529,,0.4444444444444444
banking_mixed_reg,regression,gauss,classical,1,linear,0.8495651433537514,r2,0.8495651433537514,292.85469402619174,226.63699739016096,,,0.971283282817595,0.9871693165467573,15,0.1288681676257032,1.0,0.043259948379491445,0.07068633779545978,0.8737914529290278,0.9999999580992793,0.9999999580992793,25.0,partial_recovery_with_enough_pairs,1.0,0.0,0.7333333333333333,0.5110232843137255,,0.8888888888888888
banking_mixed_reg,regression,gauss,classical,1,hgb,0.9258022746503245,r2,0.9258022746503245,205.6710887167286,150.93882062439474,,,0.9999999999787399,0.9999999999999997,15,0.1288681676257032,1.0,0.043259948379491445,0.07068633779545978,0.8737914529290278,0.9999999580992793,0.9999999580992793,25.0,partial_recovery_with_enough_pairs,1.0,0.0,0.7333333333333333,0.5110232843137255,,0.8888888888888888
banking_mixed_reg,regression,gauss,classical,1,mlp,-1.1999921232653303,r2,-1.1999921232653303,1119.9239033502492,971.3169706771216,,,2.3407406232063726,0.9456817196139172,15,0.1288681676257032,1.0,0.043259948379491445,0.07068633779545978,0.8737914529290278,0.9999999580992793,0.9999999580992793,25.0,partial_recovery_with_enough_pairs,1.0,0.0,0.7333333333333333,0.5110232843137255,,0.8888888888888888
banking_mixed_reg,regression,gauss,classical,1,knn,0.7349492881390762,r2,0.7349492881390762,388.72497002628853,323.79128447017195,,,0.9510022307454896,0.9379552206674767,15,0.1288681676257032,1.0,0.043259948379491445,0.07068633779545978,0.8737914529290278,0.9999999580992793,0.9999999580992793,25.0,partial_recovery_with_enough_pairs,1.0,0.0,0.7333333333333333,0.5110232843137255,,0.8888888888888888
banking_mixed_reg,regression,gauss_white_rot,classical,1,linear,0.8495636095409604,r2,0.8495636095409604,292.8561869751688,226.62798765213017,,,0.9712815292537459,0.9871619990798678,15,0.25613435306260646,0.523267456956418,0.16220470909762869,7.849706441623869e-07,0.8734588694225985,0.999970094138894,0.999970094138894,25.0,partial_recovery_with_enough_pairs,0.6671522132284515,0.0,0.5333333333333333,0.5221691176470589,,0.4444444444444444
banking_mixed_reg,regression,gauss_white_rot,classical,1,hgb,0.8298227644752277,r2,0.8298227644752277,311.4789366922653,245.63652534468793,,,0.8963282843207634,0.9482182123927378,15,0.25613435306260646,0.523267456956418,0.16220470909762869,7.849706441623869e-07,0.8734588694225985,0.999970094138894,0.999970094138894,25.0,partial_recovery_with_enough_pairs,0.6671522132284515,0.0,0.5333333333333333,0.5221691176470589,,0.4444444444444444
banking_mixed_reg,regression,gauss_white_rot,classical,1,mlp,-1.3474988017720042,r2,-1.3474988017720042,1156.8595628096487,1047.273487276191,,,2.6284715740023468,0.7850163193109622,15,0.25613435306260646,0.523267456956418,0.16220470909762869,7.849706441623869e-07,0.8734588694225985,0.999970094138894,0.999970094138894,25.0,partial_recovery_with_enough_pairs,0.6671522132284515,0.0,0.5333333333333333,0.5221691176470589,,0.4444444444444444
banking_mixed_reg,regression,gauss_white_rot,classical,1,knn,0.6852259166807277,r2,0.6852259166807277,423.6209552335266,360.17191773184567,,,0.8866616865199025,0.9051995015923614,15,0.25613435306260646,0.523267456956418,0.16220470909762869,7.849706441623869e-07,0.8734588694225985,0.999970094138894,0.999970094138894,25.0,partial_recovery_with_enough_pairs,0.6671522132284515,0.0,0.5333333333333333,0.5221691176470589,,0.4444444444444444
banking_mixed_reg,regression,keyed_monotone,typed,1,linear,0.9078372013189584,r2,0.9078372013189584,229.22172604036098,182.53322089561715,,,1.0379040430968527,0.9868912844207127,18,0.2934600261262045,1.0,0.2562345743953992,0.07551947834987038,0.9449433811390582,0.9999956007197885,0.9999956007197885,25.0,collapses_with_enough_pairs,1.0,,,0.5369117647058823,,
banking_mixed_reg,regression,keyed_monotone,typed,1,hgb,0.9251097894315359,r2,0.9251097894315359,206.6286209033741,153.03515460657468,,,0.9992520160541644,0.998770594423696,18,0.2934600261262045,1.0,0.2562345743953992,0.07551947834987038,0.9449433811390582,0.9999956007197885,0.9999956007197885,25.0,collapses_with_enough_pairs,1.0,,,0.5369117647058823,,
banking_mixed_reg,regression,keyed_monotone,typed,1,mlp,-0.8029166087475903,r2,-0.8029166087475903,1013.831477331448,877.4829815961403,,,1.566193216359157,0.9237320604332265,18,0.2934600261262045,1.0,0.2562345743953992,0.07551947834987038,0.9449433811390582,0.9999956007197885,0.9999956007197885,25.0,collapses_with_enough_pairs,1.0,,,0.5369117647058823,,
banking_mixed_reg,regression,keyed_monotone,typed,1,knn,0.7564753185737466,r2,0.7564753185737466,372.6056561529544,309.47811142526075,,,0.9788562654290268,0.9524396958750317,18,0.2934600261262045,1.0,0.2562345743953992,0.07551947834987038,0.9449433811390582,0.9999956007197885,0.9999956007197885,25.0,collapses_with_enough_pairs,1.0,,,0.5369117647058823,,
banking_mixed_reg,regression,typed_keyed,typed,1,linear,0.8502203592021572,r2,0.8502203592021572,292.2162368462232,225.73963775141002,,,0.9720323721666253,0.9868780403744166,15,0.24759825628274135,1.0,0.22826317399653664,0.0687594757032238,0.5545883758488998,0.9999999022642867,0.9999999022642867,100.0,partial_recovery_with_enough_pairs,1.0,0.0,0.6,0.5372732843137255,,0.5555555555555556
banking_mixed_reg,regression,typed_keyed,typed,1,hgb,0.9268820853736621,r2,0.9268820853736621,204.16902250208477,150.6607270205528,,,1.001166351318417,0.9979523300656445,15,0.24759825628274135,1.0,0.22826317399653664,0.0687594757032238,0.5545883758488998,0.9999999022642867,0.9999999022642867,100.0,partial_recovery_with_enough_pairs,1.0,0.0,0.6,0.5372732843137255,,0.5555555555555556
banking_mixed_reg,regression,typed_keyed,typed,1,mlp,-1.209778305417632,r2,-1.209778305417632,1122.4120073276797,976.2036473816038,,,2.359829843598634,0.9444515623772161,15,0.24759825628274135,1.0,0.22826317399653664,0.0687594757032238,0.5545883758488998,0.9999999022642867,0.9999999022642867,100.0,partial_recovery_with_enough_pairs,1.0,0.0,0.6,0.5372732843137255,,0.5555555555555556
banking_mixed_reg,regression,typed_keyed,typed,1,knn,0.7391543169638095,r2,0.7391543169638095,385.62908157123445,319.42386643458957,,,0.9564434113238068,0.9179818351158948,15,0.24759825628274135,1.0,0.22826317399653664,0.0687594757032238,0.5545883758488998,0.9999999022642867,0.9999999022642867,100.0,partial_recovery_with_enough_pairs,1.0,0.0,0.6,0.5372732843137255,,0.5555555555555556
banking_mixed_reg,regression,bn_adv,learned,1,linear,0.9197511898213392,r2,0.9197511898213392,213.8933351264128,165.36426948077096,,,1.0515249619334734,0.9733327297369216,9,0.22919490547246238,0.5632620135124129,0.8148738585358944,0.6281680340716287,0.370927821291302,0.9346221151815463,0.9346221151815463,,resistant_in_tested_budget,0.9736663174508416,,,0.5016544117647059,,
banking_mixed_reg,regression,bn_adv,learned,1,hgb,0.9193433740279938,r2,0.9193433740279938,214.43613780766674,159.20976853643742,,,0.9930234556354751,0.9903046235946941,9,0.22919490547246238,0.5632620135124129,0.8148738585358944,0.6281680340716287,0.370927821291302,0.9346221151815463,0.9346221151815463,,resistant_in_tested_budget,0.9736663174508416,,,0.5016544117647059,,
banking_mixed_reg,regression,bn_adv,learned,1,mlp,-0.3874758538230778,r2,-0.3874758538230778,889.3867768313271,801.5811806136437,,,0.7558220208039731,0.6781785351048355,9,0.22919490547246238,0.5632620135124129,0.8148738585358944,0.6281680340716287,0.370927821291302,0.9346221151815463,0.9346221151815463,,resistant_in_tested_budget,0.9736663174508416,,,0.5016544117647059,,
banking_mixed_reg,regression,bn_adv,learned,1,knn,0.9155491619541033,r2,0.9155491619541033,219.42188066586348,164.25473134692155,,,1.1846930249842669,0.9320976061742087,9,0.22919490547246238,0.5632620135124129,0.8148738585358944,0.6281680340716287,0.370927821291302,0.9346221151815463,0.9346221151815463,,resistant_in_tested_budget,0.9736663174508416,,,0.5016544117647059,,
banking_mixed_reg,regression,bn_noisy,learned,1,linear,0.9150075581623404,r2,0.9150075581623404,220.12435915412422,169.68240342318757,,,1.0461017049104255,0.9719941773448325,9,0.224663452558336,0.5336312708119629,0.7813340210859656,0.5975559182531839,0.2701954618395526,0.9171069163596867,0.9171069163596867,,resistant_in_tested_budget,0.9684825499388385,,,0.5269056372549019,,
banking_mixed_reg,regression,bn_noisy,learned,1,hgb,0.9128146524495915,r2,0.9128146524495915,222.94600923642912,166.3918203098075,,,0.9859714945882532,0.9875263241720867,9,0.224663452558336,0.5336312708119629,0.7813340210859656,0.5975559182531839,0.2701954618395526,0.9171069163596867,0.9171069163596867,,resistant_in_tested_budget,0.9684825499388385,,,0.5269056372549019,,
banking_mixed_reg,regression,bn_noisy,learned,1,mlp,-0.2826324682053496,r2,-0.2826324682053496,855.1239416461378,760.9536859003426,,,0.5513113685822633,0.682676908425078,9,0.224663452558336,0.5336312708119629,0.7813340210859656,0.5975559182531839,0.2701954618395526,0.9171069163596867,0.9171069163596867,,resistant_in_tested_budget,0.9684825499388385,,,0.5269056372549019,,
banking_mixed_reg,regression,bn_noisy,learned,1,knn,0.915630244674047,r2,0.915630244674047,219.31651998619282,167.87676637662366,,,1.184797943580401,0.9301931600371893,9,0.224663452558336,0.5336312708119629,0.7813340210859656,0.5975559182531839,0.2701954618395526,0.9171069163596867,0.9171069163596867,,resistant_in_tested_budget,0.9684825499388385,,,0.5269056372549019,,
banking_mixed_reg,regression,vib,learned,1,linear,0.9210172194547229,r2,0.9210172194547229,212.19940442425988,164.2688758744387,,,1.0529723770352784,0.9738580438992407,8,-0.022887121304404123,0.4195474605462541,0.7671870654086121,0.6253539310697288,0.3616246596717996,0.9198776407174414,0.9198776407174414,,resistant_in_tested_budget,0.9671090587365411,,,0.50125,,
banking_mixed_reg,regression,vib,learned,1,hgb,0.920698053496835,r2,0.920698053496835,212.62771641402506,155.54650738748668,,,0.9944867048690375,0.9915442621013918,8,-0.022887121304404123,0.4195474605462541,0.7671870654086121,0.6253539310697288,0.3616246596717996,0.9198776407174414,0.9198776407174414,,resistant_in_tested_budget,0.9671090587365411,,,0.50125,,
banking_mixed_reg,regression,vib,learned,1,mlp,-0.4329991135611688,r2,-0.4329991135611688,903.8594689981512,811.8334836985416,,,0.8446210564841129,0.7298267548655644,8,-0.022887121304404123,0.4195474605462541,0.7671870654086121,0.6253539310697288,0.3616246596717996,0.9198776407174414,0.9198776407174414,,resistant_in_tested_budget,0.9671090587365411,,,0.50125,,
banking_mixed_reg,regression,vib,learned,1,knn,0.9204334086847666,r2,0.9204334086847666,212.9822093126628,160.29668655434827,,,1.1910130930642475,0.9297824840925601,8,-0.022887121304404123,0.4195474605462541,0.7671870654086121,0.6253539310697288,0.3616246596717996,0.9198776407174414,0.9198776407174414,,resistant_in_tested_budget,0.9671090587365411,,,0.50125,,
banking_mixed_reg,regression,vib_stoch,learned,1,linear,0.9187064160583751,r2,0.9187064160583751,215.2811905421864,166.74575699645843,,,1.0503305022758096,0.9755613449805964,8,-0.020301413515026925,0.44601681998033793,0.5722123415218905,0.40039442492446276,-0.09226708921728277,0.8916857711954548,0.8916857711954548,,resistant_in_tested_budget,0.9544737278496696,,,0.6474264705882353,,
banking_mixed_reg,regression,vib_stoch,learned,1,hgb,0.9127792394633119,r2,0.9127792394633119,222.9912827980617,164.321764511697,,,0.9859332434548864,0.9889412476419723,8,-0.020301413515026925,0.44601681998033793,0.5722123415218905,0.40039442492446276,-0.09226708921728277,0.8916857711954548,0.8916857711954548,,resistant_in_tested_budget,0.9544737278496696,,,0.6474264705882353,,
banking_mixed_reg,regression,vib_stoch,learned,1,mlp,-0.32897793262679387,r2,-0.32897793262679387,870.4359830617775,772.9708384609454,,,0.6417142213755341,0.7660996373889442,8,-0.020301413515026925,0.44601681998033793,0.5722123415218905,0.40039442492446276,-0.09226708921728277,0.8916857711954548,0.8916857711954548,,resistant_in_tested_budget,0.9544737278496696,,,0.6474264705882353,,
banking_mixed_reg,regression,vib_stoch,learned,1,knn,0.9137624140522634,r2,0.9137624140522634,221.73091371385183,171.58733463554017,,,1.18238102704393,0.9225935623620736,8,-0.020301413515026925,0.44601681998033793,0.5722123415218905,0.40039442492446276,-0.09226708921728277,0.8916857711954548,0.8916857711954548,,resistant_in_tested_budget,0.9544737278496696,,,0.6474264705882353,,
banking_mixed_reg,regression,rff,nonlinear,1,linear,0.44062996263185683,r2,0.44062996263185683,564.7126951547116,452.93613466451256,,,0.5037595056258781,0.6544902401235971,22,0.24932021583000427,0.44856779752619763,0.20846081021910798,0.0778467607361797,0.3819522995863849,0.510321574075342,0.505597133536557,,resistant_in_tested_budget,0.5652209845250491,,,0.5340379901960784,,
banking_mixed_reg,regression,rff,nonlinear,1,hgb,0.5993032568928266,r2,0.5993032568928266,477.95373248447356,375.2736525741802,,,0.6473339645945914,0.807158896616354,22,0.24932021583000427,0.44856779752619763,0.20846081021910798,0.0778467607361797,0.3819522995863849,0.510321574075342,0.505597133536557,,resistant_in_tested_budget,0.5652209845250491,,,0.5340379901960784,,
banking_mixed_reg,regression,rff,nonlinear,1,mlp,-1.009360771319225,r2,-1.009360771319225,1070.3034144518322,895.6704850206833,,,1.968889391097629,0.41702350946762534,22,0.24932021583000427,0.44856779752619763,0.20846081021910798,0.0778467607361797,0.3819522995863849,0.510321574075342,0.505597133536557,,resistant_in_tested_budget,0.5652209845250491,,,0.5340379901960784,,
banking_mixed_reg,regression,rff,nonlinear,1,knn,0.5975057290148873,r2,0.5975057290148873,479.02458445307843,393.4078063634543,,,0.7731544071770574,0.8146843621830405,22,0.24932021583000427,0.44856779752619763,0.20846081021910798,0.0778467607361797,0.3819522995863849,0.510321574075342,0.505597133536557,,resistant_in_tested_budget,0.5652209845250491,,,0.5340379901960784,,
banking_mixed_reg,regression,microagg_rot,lossy,1,linear,0.13574505960866667,r2,0.13574505960866667,701.9382145065848,598.8016500547508,,,0.15519340471349352,0.37955995106348733,15,0.14227244312795134,0.38899323925620555,0.3008343623284136,0.1931481404433476,0.2808297048381886,0.9999699939760346,0.9999699939760346,,resistant_in_tested_budget,0.7256973073919847,0.0,0.5333333333333333,0.5036764705882353,,0.4444444444444444
banking_mixed_reg,regression,microagg_rot,lossy,1,hgb,0.13124563319038063,r2,0.13124563319038063,703.7630344796581,598.162251329723,,,0.14176421551476723,0.3799463730643381,15,0.14227244312795134,0.38899323925620555,0.3008343623284136,0.1931481404433476,0.2808297048381886,0.9999699939760346,0.9999699939760346,,resistant_in_tested_budget,0.7256973073919847,0.0,0.5333333333333333,0.5036764705882353,,0.4444444444444444
banking_mixed_reg,regression,microagg_rot,lossy,1,mlp,-1.4142953838552703,r2,-1.4142953838552703,1173.2029687098288,996.9542033178135,,,2.758766990232399,0.5210866972319024,15,0.14227244312795134,0.38899323925620555,0.3008343623284136,0.1931481404433476,0.2808297048381886,0.9999699939760346,0.9999699939760346,,resistant_in_tested_budget,0.7256973073919847,0.0,0.5333333333333333,0.5036764705882353,,0.4444444444444444
banking_mixed_reg,regression,microagg_rot,lossy,1,knn,0.09861068624006752,r2,0.09861068624006752,716.8596795920305,602.2536630832216,,,0.12759925630664976,0.40476764107214525,15,0.14227244312795134,0.38899323925620555,0.3008343623284136,0.1931481404433476,0.2808297048381886,0.9999699939760346,0.9999699939760346,,resistant_in_tested_budget,0.7256973073919847,0.0,0.5333333333333333,0.5036764705882353,,0.4444444444444444
banking_mixed_reg,regression,noisy_gauss_rot,classical,1,linear,0.8506636979871467,r2,0.8506636979871467,291.7834450512293,225.758760279132,,,0.9725392285905895,0.986940818434928,15,0.26305511978876756,0.5231631424732051,0.16293049448436403,0.007057690086450208,0.8698846459995195,0.9987332291587371,0.9987332291587371,25.0,partial_recovery_with_enough_pairs,0.6671522132284515,0.0,0.5333333333333333,0.5151654411764707,,0.4444444444444444
banking_mixed_reg,regression,noisy_gauss_rot,classical,1,hgb,0.8296828475442278,r2,0.8296828475442278,311.6069568193617,242.8915196391006,,,0.8961771538528136,0.9455837487055144,15,0.26305511978876756,0.5231631424732051,0.16293049448436403,0.007057690086450208,0.8698846459995195,0.9987332291587371,0.9987332291587371,25.0,partial_recovery_with_enough_pairs,0.6671522132284515,0.0,0.5333333333333333,0.5151654411764707,,0.4444444444444444
banking_mixed_reg,regression,noisy_gauss_rot,classical,1,mlp,-1.3419377014968474,r2,-1.3419377014968474,1155.4884808199765,1043.8270975679043,,,2.61762392502915,0.7820444654757763,15,0.26305511978876756,0.5231631424732051,0.16293049448436403,0.007057690086450208,0.8698846459995195,0.9987332291587371,0.9987332291587371,25.0,partial_recovery_with_enough_pairs,0.6671522132284515,0.0,0.5333333333333333,0.5151654411764707,,0.4444444444444444
banking_mixed_reg,regression,noisy_gauss_rot,classical,1,knn,0.6851170590754199,r2,0.6851170590754199,423.6941988373863,359.64451184401145,,,0.8865208280591187,0.8993454868425305,15,0.26305511978876756,0.5231631424732051,0.16293049448436403,0.007057690086450208,0.8698846459995195,0.9987332291587371,0.9987332291587371,25.0,partial_recovery_with_enough_pairs,0.6671522132284515,0.0,0.5333333333333333,0.5151654411764707,,0.4444444444444444
banking_mixed_clf,classification,identity,baseline,0,linear,0.9274074074074075,accuracy,,,,0.9274074074074075,0.9831250819170781,1.0,1.0,15,1.0,1.0,0.0,0.061466134531960426,0.9945477974247682,1.0,1.0,25.0,collapses_with_enough_pairs,1.0,0.2,0.7333333333333333,0.5218650116029598,,0.8888888888888888
banking_mixed_clf,classification,identity,baseline,0,hgb,0.9244444444444444,accuracy,,,,0.9244444444444444,0.9804272794792258,1.0,1.0,15,1.0,1.0,0.0,0.061466134531960426,0.9945477974247682,1.0,1.0,25.0,collapses_with_enough_pairs,1.0,0.2,0.7333333333333333,0.5218650116029598,,0.8888888888888888
banking_mixed_clf,classification,identity,baseline,0,mlp,0.9244444444444444,accuracy,,,,0.9244444444444444,0.9798920879024859,1.0,1.0,15,1.0,1.0,0.0,0.061466134531960426,0.9945477974247682,1.0,1.0,25.0,collapses_with_enough_pairs,1.0,0.2,0.7333333333333333,0.5218650116029598,,0.8888888888888888
banking_mixed_clf,classification,identity,baseline,0,knn,0.8533333333333334,accuracy,,,,0.8533333333333334,0.9290761938048844,1.0,1.0,15,1.0,1.0,0.0,0.061466134531960426,0.9945477974247682,1.0,1.0,25.0,collapses_with_enough_pairs,1.0,0.2,0.7333333333333333,0.5218650116029598,,0.8888888888888888
banking_mixed_clf,classification,secret_affine,typed,0,linear,0.9274074074074075,accuracy,,,,0.9274074074074075,0.9831250819170781,1.0,1.0,15,0.9892600435538321,1.0,0.26697957451686477,0.061466134531960405,0.9995423916270376,1.0,1.0,25.0,collapses_with_enough_pairs,1.0,0.0,0.6666666666666666,0.5218650116029598,,0.4444444444444444
banking_mixed_clf,classification,secret_affine,typed,0,hgb,0.9303703703703704,accuracy,,,,0.9303703703703704,0.980875092839355,1.0064102564102564,0.9851851851851852,15,0.9892600435538321,1.0,0.26697957451686477,0.061466134531960405,0.9995423916270376,1.0,1.0,25.0,collapses_with_enough_pairs,1.0,0.0,0.6666666666666666,0.5218650116029598,,0.4444444444444444
banking_mixed_clf,classification,secret_affine,typed,0,mlp,0.917037037037037,accuracy,,,,0.917037037037037,0.9756214775656429,0.9919871794871795,0.9511111111111111,15,0.9892600435538321,1.0,0.26697957451686477,0.061466134531960405,0.9995423916270376,1.0,1.0,25.0,collapses_with_enough_pairs,1.0,0.0,0.6666666666666666,0.5218650116029598,,0.4444444444444444
banking_mixed_clf,classification,secret_affine,typed,0,knn,0.8533333333333334,accuracy,,,,0.8533333333333334,0.9290761938048844,1.0,1.0,15,0.9892600435538321,1.0,0.26697957451686477,0.061466134531960405,0.9995423916270376,1.0,1.0,25.0,collapses_with_enough_pairs,1.0,0.0,0.6666666666666666,0.5218650116029598,,0.4444444444444444
banking_mixed_clf,classification,std_rot,classical,0,linear,0.9259259259259259,accuracy,,,,0.9259259259259259,0.9830813928087728,0.998402555910543,0.9985185185185185,15,0.5890410189173871,0.6054632578107497,0.2191069896247305,0.11275633116772626,0.9999052940226246,0.9999749007273027,0.9999720492903637,10.0,collapses_with_enough_pairs,0.7355904278526681,0.0,0.5333333333333333,0.5161182626209554,,0.4444444444444444
banking_mixed_clf,classification,std_rot,classical,0,hgb,0.9155555555555556,accuracy,,,,0.9155555555555556,0.9683144742015815,0.9903846153846154,0.9259259259259259,15,0.5890410189173871,0.6054632578107497,0.2191069896247305,0.11275633116772626,0.9999052940226246,0.9999749007273027,0.9999720492903637,10.0,collapses_with_enough_pairs,0.7355904278526681,0.0,0.5333333333333333,0.5161182626209554,,0.4444444444444444
banking_mixed_clf,classification,std_rot,classical,0,mlp,0.9244444444444444,accuracy,,,,0.9244444444444444,0.9786906374240902,1.0,0.9644444444444444,15,0.5890410189173871,0.6054632578107497,0.2191069896247305,0.11275633116772626,0.9999052940226246,0.9999749007273027,0.9999720492903637,10.0,collapses_with_enough_pairs,0.7355904278526681,0.0,0.5333333333333333,0.5161182626209554,,0.4444444444444444
banking_mixed_clf,classification,std_rot,classical,0,knn,0.8651851851851852,accuracy,,,,0.8651851851851852,0.9314627113460614,1.0138888888888888,0.9674074074074074,15,0.5890410189173871,0.6054632578107497,0.2191069896247305,0.11275633116772626,0.9999052940226246,0.9999749007273027,0.9999720492903637,10.0,collapses_with_enough_pairs,0.7355904278526681,0.0,0.5333333333333333,0.5161182626209554,,0.4444444444444444
banking_mixed_clf,classification,gauss,classical,0,linear,0.9348148148148148,accuracy,,,,0.9348148148148148,0.983627506662589,1.0079872204472842,0.9837037037037037,15,0.17983155109256393,1.0,0.04221575490336782,0.07054903019351981,0.8741461100838837,0.9999999597933309,0.9999999597933309,25.0,partial_recovery_with_enough_pairs,1.0,0.0,0.7333333333333333,0.5095724418757389,,0.8888888888888888
banking_mixed_clf,classification,gauss,classical,0,hgb,0.9244444444444444,accuracy,,,,0.9244444444444444,0.9804272794792257,1.0,1.0,15,0.17983155109256393,1.0,0.04221575490336782,0.07054903019351981,0.8741461100838837,0.9999999597933309,0.9999999597933309,25.0,partial_recovery_with_enough_pairs,1.0,0.0,0.7333333333333333,0.5095724418757389,,0.8888888888888888
banking_mixed_clf,classification,gauss,classical,0,mlp,0.9125925925925926,accuracy,,,,0.9125925925925926,0.9713617895058761,0.9871794871794872,0.9525925925925925,15,0.17983155109256393,1.0,0.04221575490336782,0.07054903019351981,0.8741461100838837,0.9999999597933309,0.9999999597933309,25.0,partial_recovery_with_enough_pairs,1.0,0.0,0.7333333333333333,0.5095724418757389,,0.8888888888888888
banking_mixed_clf,classification,gauss,classical,0,knn,0.8770370370370371,accuracy,,,,0.8770370370370371,0.9075156188562191,1.0277777777777777,0.9348148148148148,15,0.17983155109256393,1.0,0.04221575490336782,0.07054903019351981,0.8741461100838837,0.9999999597933309,0.9999999597933309,25.0,partial_recovery_with_enough_pairs,1.0,0.0,0.7333333333333333,0.5095724418757389,,0.8888888888888888
banking_mixed_clf,classification,gauss_white_rot,classical,0,linear,0.9333333333333333,accuracy,,,,0.9333333333333333,0.9836821180479707,1.0063897763578273,0.9851851851851852,15,0.3822306475551051,0.4884359179550567,0.15828138078140963,8.828681302637705e-07,0.874019708140726,0.9999711437892148,0.9999711437892148,25.0,partial_recovery_with_enough_pairs,0.6276947658595685,0.0,0.5333333333333333,0.503984412627523,,0.4444444444444444
banking_mixed_clf,classification,gauss_white_rot,classical,0,hgb,0.8933333333333333,accuracy,,,,0.8933333333333333,0.9649285683079207,0.9663461538461539,0.9037037037037037,15,0.3822306475551051,0.4884359179550567,0.15828138078140963,8.828681302637705e-07,0.874019708140726,0.9999711437892148,0.9999711437892148,25.0,partial_recovery_with_enough_pairs,0.6276947658595685,0.0,0.5333333333333333,0.503984412627523,,0.4444444444444444
banking_mixed_clf,classification,gauss_white_rot,classical,0,mlp,0.917037037037037,accuracy,,,,0.917037037037037,0.9806566472978286,0.9919871794871795,0.957037037037037,15,0.3822306475551051,0.4884359179550567,0.15828138078140963,8.828681302637705e-07,0.874019708140726,0.9999711437892148,0.9999711437892148,25.0,partial_recovery_with_enough_pairs,0.6276947658595685,0.0,0.5333333333333333,0.503984412627523,,0.4444444444444444
banking_mixed_clf,classification,gauss_white_rot,classical,0,knn,0.8503703703703703,accuracy,,,,0.8503703703703703,0.920895408274717,0.9965277777777777,0.917037037037037,15,0.3822306475551051,0.4884359179550567,0.15828138078140963,8.828681302637705e-07,0.874019708140726,0.9999711437892148,0.9999711437892148,25.0,partial_recovery_with_enough_pairs,0.6276947658595685,0.0,0.5333333333333333,0.503984412627523,,0.4444444444444444
banking_mixed_clf,classification,keyed_monotone,typed,0,linear,0.9259259259259259,accuracy,,,,0.9259259259259259,0.9824697452924986,0.998402555910543,0.9837037037037037,18,0.34423930252202994,1.0,0.23257139958740916,0.07448676264758598,0.9333242193526481,0.9997836744937547,0.9997836744937547,25.0,collapses_with_enough_pairs,1.0,,,0.5030758789789395,,
banking_mixed_clf,classification,keyed_monotone,typed,0,hgb,0.9244444444444444,accuracy,,,,0.9244444444444444,0.979629953252654,1.0,0.9851851851851852,18,0.34423930252202994,1.0,0.23257139958740916,0.07448676264758598,0.9333242193526481,0.9997836744937547,0.9997836744937547,25.0,collapses_with_enough_pairs,1.0,,,0.5030758789789395,,
banking_mixed_clf,classification,keyed_monotone,typed,0,mlp,0.9214814814814815,accuracy,,,,0.9214814814814815,0.9749115295556817,0.9967948717948718,0.9614814814814815,18,0.34423930252202994,1.0,0.23257139958740916,0.07448676264758598,0.9333242193526481,0.9997836744937547,0.9997836744937547,25.0,collapses_with_enough_pairs,1.0,,,0.5030758789789395,,
banking_mixed_clf,classification,keyed_monotone,typed,0,knn,0.8651851851851852,accuracy,,,,0.8651851851851852,0.9189567040936695,1.0138888888888888,0.9348148148148148,18,0.34423930252202994,1.0,0.23257139958740916,0.07448676264758598,0.9333242193526481,0.9997836744937547,0.9997836744937547,25.0,collapses_with_enough_pairs,1.0,,,0.5030758789789395,,
banking_mixed_clf,classification,typed_keyed,typed,0,linear,0.9333333333333333,accuracy,,,,0.9333333333333333,0.9837694962645812,1.0063897763578273,0.9822222222222222,15,0.12245838162997538,1.0,0.22871960513204356,0.0711707196855008,0.6153181903936576,0.9999999934683476,0.9999999934683476,100.0,partial_recovery_with_enough_pairs,1.0,0.0,0.4666666666666667,0.5150072244844346,,0.6666666666666666
banking_mixed_clf,classification,typed_keyed,typed,0,hgb,0.9259259259259259,accuracy,,,,0.9259259259259259,0.9799139324566386,1.001602564102564,0.9718518518518519,15,0.12245838162997538,1.0,0.22871960513204356,0.0711707196855008,0.6153181903936576,0.9999999934683476,0.9999999934683476,100.0,partial_recovery_with_enough_pairs,1.0,0.0,0.4666666666666667,0.5150072244844346,,0.6666666666666666
banking_mixed_clf,classification,typed_keyed,typed,0,mlp,0.8948148148148148,accuracy,,,,0.8948148148148148,0.9608108698501464,0.9679487179487181,0.917037037037037,15,0.12245838162997538,1.0,0.22871960513204356,0.0711707196855008,0.6153181903936576,0.9999999934683476,0.9999999934683476,100.0,partial_recovery_with_enough_pairs,1.0,0.0,0.4666666666666667,0.5150072244844346,,0.6666666666666666
banking_mixed_clf,classification,typed_keyed,typed,0,knn,0.8577777777777778,accuracy,,,,0.8577777777777778,0.9291144217746515,1.0052083333333333,0.9037037037037037,15,0.12245838162997538,1.0,0.22871960513204356,0.0711707196855008,0.6153181903936576,0.9999999934683476,0.9999999934683476,100.0,partial_recovery_with_enough_pairs,1.0,0.0,0.4666666666666667,0.5150072244844346,,0.6666666666666666
banking_mixed_clf,classification,bn_adv,learned,0,linear,0.9259259259259259,accuracy,,,,0.9259259259259259,0.9821420769802087,0.998402555910543,0.96,9,0.06627980704919646,0.3421775600263488,0.9458729963891774,0.8673453485355886,0.2842182810341274,0.9108217952685573,0.9108217952685573,,resistant_in_tested_budget,0.9704971155553215,,,0.5060204036954332,,
banking_mixed_clf,classification,bn_adv,learned,0,hgb,0.92,accuracy,,,,0.92,0.9786797151470138,0.9951923076923078,0.96,9,0.06627980704919646,0.3421775600263488,0.9458729963891774,0.8673453485355886,0.2842182810341274,0.9108217952685573,0.9108217952685573,,resistant_in_tested_budget,0.9704971155553215,,,0.5060204036954332,,
banking_mixed_clf,classification,bn_adv,learned,0,mlp,0.9274074074074075,accuracy,,,,0.9274074074074075,0.982142076980209,1.0032051282051284,0.9614814814814815,9,0.06627980704919646,0.3421775600263488,0.9458729963891774,0.8673453485355886,0.2842182810341274,0.9108217952685573,0.9108217952685573,,resistant_in_tested_budget,0.9704971155553215,,,0.5060204036954332,,
banking_mixed_clf,classification,bn_adv,learned,0,knn,0.9244444444444444,accuracy,,,,0.9244444444444444,0.9748569181703002,1.0833333333333333,0.8874074074074074,9,0.06627980704919646,0.3421775600263488,0.9458729963891774,0.8673453485355886,0.2842182810341274,0.9108217952685573,0.9108217952685573,,resistant_in_tested_budget,0.9704971155553215,,,0.5060204036954332,,
banking_mixed_clf,classification,bn_noisy,learned,0,linear,0.922962962962963,accuracy,,,,0.922962962962963,0.9800668443357071,0.9952076677316294,0.9511111111111111,9,0.06499915013201502,0.31741458512620035,0.8172291574631979,0.730185139409451,0.09902549377463171,0.8660785116371095,0.8660785116371095,,resistant_in_tested_budget,0.9331907206136834,,,0.5148703971277202,,
banking_mixed_clf,classification,bn_noisy,learned,0,hgb,0.9288888888888889,accuracy,,,,0.9288888888888889,0.98050373541876,1.0048076923076923,0.96,9,0.06499915013201502,0.31741458512620035,0.8172291574631979,0.730185139409451,0.09902549377463171,0.8660785116371095,0.8660785116371095,,resistant_in_tested_budget,0.9331907206136834,,,0.5148703971277202,,
banking_mixed_clf,classification,bn_noisy,learned,0,mlp,0.917037037037037,accuracy,,,,0.917037037037037,0.9793241294945171,0.9919871794871795,0.9392592592592592,9,0.06499915013201502,0.31741458512620035,0.8172291574631979,0.730185139409451,0.09902549377463171,0.8660785116371095,0.8660785116371095,,resistant_in_tested_budget,0.9331907206136834,,,0.5148703971277202,,
banking_mixed_clf,classification,bn_noisy,learned,0,knn,0.9214814814814815,accuracy,,,,0.9214814814814815,0.967052951199266,1.079861111111111,0.8755555555555555,9,0.06499915013201502,0.31741458512620035,0.8172291574631979,0.730185139409451,0.09902549377463171,0.8660785116371095,0.8660785116371095,,resistant_in_tested_budget,0.9331907206136834,,,0.5148703971277202,,
banking_mixed_clf,classification,vib,learned,0,linear,0.9288888888888889,accuracy,,,,0.9288888888888889,0.982786491327712,1.0015974440894568,0.96,8,0.054606191163777164,0.34127306036874305,0.9017055249093245,0.7273630851682613,0.28421378787856005,0.8848936696245963,0.8848936696245963,,resistant_in_tested_budget,0.9352126607319485,,,0.5207539734664389,,
banking_mixed_clf,classification,vib,learned,0,hgb,0.9288888888888889,accuracy,,,,0.9288888888888889,0.9801760671064703,1.0048076923076923,0.9629629629629629,8,0.054606191163777164,0.34127306036874305,0.9017055249093245,0.7273630851682613,0.28421378787856005,0.8848936696245963,0.8848936696245963,,resistant_in_tested_budget,0.9352126607319485,,,0.5207539734664389,,
banking_mixed_clf,classification,vib,learned,0,mlp,0.917037037037037,accuracy,,,,0.917037037037037,0.9804491240333785,0.9919871794871795,0.9333333333333333,8,0.054606191163777164,0.34127306036874305,0.9017055249093245,0.7273630851682613,0.28421378787856005,0.8848936696245963,0.8848936696245963,,resistant_in_tested_budget,0.9352126607319485,,,0.5207539734664389,,
banking_mixed_clf,classification,vib,learned,0,knn,0.9259259259259259,accuracy,,,,0.9259259259259259,0.9717495303420859,1.0850694444444444,0.88,8,0.054606191163777164,0.34127306036874305,0.9017055249093245,0.7273630851682613,0.28421378787856005,0.8848936696245963,0.8848936696245963,,resistant_in_tested_budget,0.9352126607319485,,,0.5207539734664389,,
banking_mixed_clf,classification,vib_stoch,learned,0,linear,0.9288888888888889,accuracy,,,,0.9288888888888889,0.9810498492725763,1.0015974440894568,0.96,8,0.027642838407919864,0.45404445001752186,0.6523499317942172,0.36735892691256433,-0.298484113829624,0.746632244663718,0.746632244663718,,resistant_in_tested_budget,0.93886101015067,,,0.7334767284031699,,
banking_mixed_clf,classification,vib_stoch,learned,0,hgb,0.9259259259259259,accuracy,,,,0.9259259259259259,0.9783629691118004,1.001602564102564,0.96,8,0.027642838407919864,0.45404445001752186,0.6523499317942172,0.36735892691256433,-0.298484113829624,0.746632244663718,0.746632244663718,,resistant_in_tested_budget,0.93886101015067,,,0.7334767284031699,,
banking_mixed_clf,classification,vib_stoch,learned,0,mlp,0.9214814814814815,accuracy,,,,0.9214814814814815,0.9797828651317226,0.9967948717948718,0.9496296296296296,8,0.027642838407919864,0.45404445001752186,0.6523499317942172,0.36735892691256433,-0.298484113829624,0.746632244663718,0.746632244663718,,resistant_in_tested_budget,0.93886101015067,,,0.7334767284031699,,
banking_mixed_clf,classification,vib_stoch,learned,0,knn,0.9259259259259259,accuracy,,,,0.9259259259259259,0.980367206955306,1.0850694444444444,0.8711111111111111,8,0.027642838407919864,0.45404445001752186,0.6523499317942172,0.36735892691256433,-0.298484113829624,0.746632244663718,0.746632244663718,,resistant_in_tested_budget,0.93886101015067,,,0.7334767284031699,,
banking_mixed_clf,classification,rff,nonlinear,0,linear,0.8266666666666667,accuracy,,,,0.8266666666666667,0.8761413779544759,0.8913738019169328,0.8251851851851851,22,0.1924759273112568,0.4448696703368692,0.20089198926655893,0.07208482520691432,0.36092575701701934,0.6033906312931752,0.6033906312931752,,resistant_in_tested_budget,0.6571427902539521,,,0.5311419063881956,,
banking_mixed_clf,classification,rff,nonlinear,0,hgb,0.8340740740740741,accuracy,,,,0.8340740740740741,0.8986631132858578,0.9022435897435898,0.8325925925925926,22,0.1924759273112568,0.4448696703368692,0.20089198926655893,0.07208482520691432,0.36092575701701934,0.6033906312931752,0.6033906312931752,,resistant_in_tested_budget,0.6571427902539521,,,0.5311419063881956,,
banking_mixed_clf,classification,rff,nonlinear,0,mlp,0.837037037037037,accuracy,,,,0.837037037037037,0.8943160470094805,0.905448717948718,0.8533333333333334,22,0.1924759273112568,0.4448696703368692,0.20089198926655893,0.07208482520691432,0.36092575701701934,0.6033906312931752,0.6033906312931752,,resistant_in_tested_budget,0.6571427902539521,,,0.5311419063881956,,
banking_mixed_clf,classification,rff,nonlinear,0,knn,0.8340740740740741,accuracy,,,,0.8340740740740741,0.8802372318580979,0.9774305555555555,0.8740740740740741,22,0.1924759273112568,0.4448696703368692,0.20089198926655893,0.07208482520691432,0.36092575701701934,0.6033906312931752,0.6033906312931752,,resistant_in_tested_budget,0.6571427902539521,,,0.5311419063881956,,
banking_mixed_clf,classification,microagg_rot,lossy,0,linear,0.7288888888888889,accuracy,,,,0.7288888888888889,0.6276268076368561,0.7859424920127795,0.7570370370370371,15,0.22838809843236635,0.376058735320396,0.28794600558220484,0.19335826062855205,0.3000659948114985,0.9999690579671845,0.9999690579671845,,resistant_in_tested_budget,0.7953111294633015,0.0,0.5333333333333333,0.500180612110863,,0.4444444444444444
banking_mixed_clf,classification,microagg_rot,lossy,0,hgb,0.7362962962962963,accuracy,,,,0.7362962962962963,0.6293306828607628,0.796474358974359,0.7496296296296296,15,0.22838809843236635,0.376058735320396,0.28794600558220484,0.19335826062855205,0.3000659948114985,0.9999690579671845,0.9999690579671845,,resistant_in_tested_budget,0.7953111294633015,0.0,0.5333333333333333,0.500180612110863,,0.4444444444444444
banking_mixed_clf,classification,microagg_rot,lossy,0,mlp,0.7333333333333333,accuracy,,,,0.7333333333333333,0.6044606579579711,0.7932692307692307,0.7555555555555555,15,0.22838809843236635,0.376058735320396,0.28794600558220484,0.19335826062855205,0.3000659948114985,0.9999690579671845,0.9999690579671845,,resistant_in_tested_budget,0.7953111294633015,0.0,0.5333333333333333,0.500180612110863,,0.4444444444444444
banking_mixed_clf,classification,microagg_rot,lossy,0,knn,0.7125925925925926,accuracy,,,,0.7125925925925926,0.5993981825330945,0.8350694444444443,0.8059259259259259,15,0.22838809843236635,0.376058735320396,0.28794600558220484,0.19335826062855205,0.3000659948114985,0.9999690579671845,0.9999690579671845,,resistant_in_tested_budget,0.7953111294633015,0.0,0.5333333333333333,0.500180612110863,,0.4444444444444444
banking_mixed_clf,classification,noisy_gauss_rot,classical,0,linear,0.92,accuracy,,,,0.92,0.9782865131722662,0.9920127795527156,0.9629629629629629,15,0.3855546163600729,0.4862274432962693,0.15955198412427357,0.014676873450684653,0.8653358278029006,0.9971380202535357,0.9971380202535357,25.0,partial_recovery_with_enough_pairs,0.6076342575587007,0.0,0.5333333333333333,0.5021892377074303,,0.4444444444444444
banking_mixed_clf,classification,noisy_gauss_rot,classical,0,hgb,0.8859259259259259,accuracy,,,,0.8859259259259259,0.9606361134169251,0.9583333333333334,0.8962962962962963,15,0.3855546163600729,0.4862274432962693,0.15955198412427357,0.014676873450684653,0.8653358278029006,0.9971380202535357,0.9971380202535357,25.0,partial_recovery_with_enough_pairs,0.6076342575587007,0.0,0.5333333333333333,0.5021892377074303,,0.4444444444444444
banking_mixed_clf,classification,noisy_gauss_rot,classical,0,mlp,0.9096296296296297,accuracy,,,,0.9096296296296297,0.977336275066626,0.983974358974359,0.9437037037037037,15,0.3855546163600729,0.4862274432962693,0.15955198412427357,0.014676873450684653,0.8653358278029006,0.9971380202535357,0.9971380202535357,25.0,partial_recovery_with_enough_pairs,0.6076342575587007,0.0,0.5333333333333333,0.5021892377074303,,0.4444444444444444
banking_mixed_clf,classification,noisy_gauss_rot,classical,0,knn,0.8474074074074074,accuracy,,,,0.8474074074074074,0.913359037092053,0.9930555555555555,0.917037037037037,15,0.3855546163600729,0.4862274432962693,0.15955198412427357,0.014676873450684653,0.8653358278029006,0.9971380202535357,0.9971380202535357,25.0,partial_recovery_with_enough_pairs,0.6076342575587007,0.0,0.5333333333333333,0.5021892377074303,,0.4444444444444444
banking_mixed_clf,classification,identity,baseline,1,linear,0.9466666666666667,accuracy,,,,0.9466666666666667,0.9864922096159419,1.0,1.0,15,0.9999999999999999,1.0,0.0,0.0627636191370087,0.9960822079590578,1.0,1.0,25.0,collapses_with_enough_pairs,1.0,0.2,0.7333333333333333,0.522610294117647,,0.8888888888888888
banking_mixed_clf,classification,identity,baseline,1,hgb,0.9377777777777778,accuracy,,,,0.9377777777777778,0.982379689276241,1.0,1.0,15,0.9999999999999999,1.0,0.0,0.0627636191370087,0.9960822079590578,1.0,1.0,25.0,collapses_with_enough_pairs,1.0,0.2,0.7333333333333333,0.522610294117647,,0.8888888888888888
banking_mixed_clf,classification,identity,baseline,1,mlp,0.914074074074074,accuracy,,,,0.914074074074074,0.969206250139313,1.0,1.0,15,0.9999999999999999,1.0,0.0,0.0627636191370087,0.9960822079590578,1.0,1.0,25.0,collapses_with_enough_pairs,1.0,0.2,0.7333333333333333,0.522610294117647,,0.8888888888888888
banking_mixed_clf,classification,identity,baseline,1,knn,0.8666666666666667,accuracy,,,,0.8666666666666667,0.9453168535318637,1.0,1.0,15,0.9999999999999999,1.0,0.0,0.0627636191370087,0.9960822079590578,1.0,1.0,25.0,collapses_with_enough_pairs,1.0,0.2,0.7333333333333333,0.522610294117647,,0.8888888888888888
banking_mixed_clf,classification,secret_affine,typed,1,linear,0.9466666666666667,accuracy,,,,0.9466666666666667,0.9864922096159419,1.0,1.0,15,0.9998184021331666,1.0,0.22117538389181965,0.06276361913700866,0.9954410103137172,1.0,1.0,25.0,collapses_with_enough_pairs,1.0,0.0,0.4666666666666667,0.522610294117647,,0.5555555555555556
banking_mixed_clf,classification,secret_affine,typed,1,hgb,0.9437037037037037,accuracy,,,,0.9437037037037037,0.9836948041816196,1.0063191153238547,0.9881481481481481,15,0.9998184021331666,1.0,0.22117538389181965,0.06276361913700866,0.9954410103137172,1.0,1.0,25.0,collapses_with_enough_pairs,1.0,0.0,0.4666666666666667,0.522610294117647,,0.5555555555555556
banking_mixed_clf,classification,secret_affine,typed,1,mlp,0.922962962962963,accuracy,,,,0.922962962962963,0.9759490002897712,1.0097244732576987,0.9644444444444444,15,0.9998184021331666,1.0,0.22117538389181965,0.06276361913700866,0.9954410103137172,1.0,1.0,25.0,collapses_with_enough_pairs,1.0,0.0,0.4666666666666667,0.522610294117647,,0.5555555555555556
banking_mixed_clf,classification,secret_affine,typed,1,knn,0.8666666666666667,accuracy,,,,0.8666666666666667,0.9453168535318637,1.0,1.0,15,0.9998184021331666,1.0,0.22117538389181965,0.06276361913700866,0.9954410103137172,1.0,1.0,25.0,collapses_with_enough_pairs,1.0,0.0,0.4666666666666667,0.522610294117647,,0.5555555555555556
banking_mixed_clf,classification,std_rot,classical,1,linear,0.9466666666666667,accuracy,,,,0.9466666666666667,0.9865590798653678,1.0,1.0,15,0.6926210506914952,0.5771460712240579,0.22016759905057998,0.11156123813352564,0.9999454588057161,0.999974834135171,0.9999710593302128,10.0,collapses_with_enough_pairs,0.6918456390463635,0.0,0.5333333333333333,0.5272977941176471,,0.4444444444444444
banking_mixed_clf,classification,std_rot,classical,1,hgb,0.9081481481481481,accuracy,,,,0.9081481481481481,0.9716581592849342,0.9684044233807266,0.9288888888888889,15,0.6926210506914952,0.5771460712240579,0.22016759905057998,0.11156123813352564,0.9999454588057161,0.999974834135171,0.9999710593302128,10.0,collapses_with_enough_pairs,0.6918456390463635,0.0,0.5333333333333333,0.5272977941176471,,0.4444444444444444
banking_mixed_clf,classification,std_rot,classical,1,mlp,0.9407407407407408,accuracy,,,,0.9407407407407408,0.9821790785279629,1.0291734197730957,0.9585185185185185,15,0.6926210506914952,0.5771460712240579,0.22016759905057998,0.11156123813352564,0.9999454588057161,0.999974834135171,0.9999710593302128,10.0,collapses_with_enough_pairs,0.6918456390463635,0.0,0.5333333333333333,0.5272977941176471,,0.4444444444444444
banking_mixed_clf,classification,std_rot,classical,1,knn,0.8666666666666667,accuracy,,,,0.8666666666666667,0.9465818157501728,1.0,0.9614814814814815,15,0.6926210506914952,0.5771460712240579,0.22016759905057998,0.11156123813352564,0.9999454588057161,0.999974834135171,0.9999710593302128,10.0,collapses_with_enough_pairs,0.6918456390463635,0.0,0.5333333333333333,0.5272977941176471,,0.4444444444444444
banking_mixed_clf,classification,gauss,classical,1,linear,0.9481481481481482,accuracy,,,,0.9481481481481482,0.9886877828054299,1.001564945226917,0.9807407407407407,15,0.14062439120027267,1.0,0.04189597317182861,0.0702224820256468,0.8718823349680709,0.9999999616892568,0.9999999616892568,25.0,partial_recovery_with_enough_pairs,1.0,0.0,0.7333333333333333,0.5306678921568628,,0.8888888888888888
banking_mixed_clf,classification,gauss,classical,1,hgb,0.9377777777777778,accuracy,,,,0.9377777777777778,0.982379689276241,1.0,1.0,15,0.14062439120027267,1.0,0.04189597317182861,0.0702224820256468,0.8718823349680709,0.9999999616892568,0.9999999616892568,25.0,partial_recovery_with_enough_pairs,1.0,0.0,0.7333333333333333,0.5306678921568628,,0.8888888888888888
banking_mixed_clf,classification,gauss,classical,1,mlp,0.9422222222222222,accuracy,,,,0.9422222222222222,0.986826560863072,1.0307941653160453,0.9481481481481482,15,0.14062439120027267,1.0,0.04189597317182861,0.0702224820256468,0.8718823349680709,0.9999999616892568,0.9999999616892568,25.0,partial_recovery_with_enough_pairs,1.0,0.0,0.7333333333333333,0.5306678921568628,,0.8888888888888888
banking_mixed_clf,classification,gauss,classical,1,knn,0.8696296296296296,accuracy,,,,0.8696296296296296,0.9362726522969931,1.0034188034188034,0.9377777777777778,15,0.14062439120027267,1.0,0.04189597317182861,0.0702224820256468,0.8718823349680709,0.9999999616892568,0.9999999616892568,25.0,partial_recovery_with_enough_pairs,1.0,0.0,0.7333333333333333,0.5306678921568628,,0.8888888888888888
banking_mixed_clf,classification,gauss_white_rot,classical,1,linear,0.9466666666666667,accuracy,,,,0.9466666666666667,0.9885206071818649,1.0,0.9822222222222222,15,0.32058660661237137,0.44773578737402386,0.1594036046183385,7.524223154263304e-07,0.8715817029993578,0.9999722077645438,0.9999722077645438,25.0,partial_recovery_with_enough_pairs,0.5502664628950037,0.0,0.5333333333333333,0.5275183823529412,,0.4444444444444444
banking_mixed_clf,classification,gauss_white_rot,classical,1,hgb,0.8903703703703704,accuracy,,,,0.8903703703703704,0.9568241089539263,0.9494470774091627,0.92,15,0.32058660661237137,0.44773578737402386,0.1594036046183385,7.524223154263304e-07,0.8715817029993578,0.9999722077645438,0.9999722077645438,25.0,partial_recovery_with_enough_pairs,0.5502664628950037,0.0,0.5333333333333333,0.5275183823529412,,0.4444444444444444
banking_mixed_clf,classification,gauss_white_rot,classical,1,mlp,0.9244444444444444,accuracy,,,,0.9244444444444444,0.9804850322091702,1.0113452188006482,0.9333333333333333,15,0.32058660661237137,0.44773578737402386,0.1594036046183385,7.524223154263304e-07,0.8715817029993578,0.9999722077645438,0.9999722077645438,25.0,partial_recovery_with_enough_pairs,0.5502664628950037,0.0,0.5333333333333333,0.5275183823529412,,0.4444444444444444
banking_mixed_clf,classification,gauss_white_rot,classical,1,knn,0.8533333333333334,accuracy,,,,0.8533333333333334,0.9200844794151084,0.9846153846153847,0.9185185185185185,15,0.32058660661237137,0.44773578737402386,0.1594036046183385,7.524223154263304e-07,0.8715817029993578,0.9999722077645438,0.9999722077645438,25.0,partial_recovery_with_enough_pairs,0.5502664628950037,0.0,0.5333333333333333,0.5275183823529412,,0.4444444444444444
banking_mixed_clf,classification,keyed_monotone,typed,1,linear,0.9481481481481482,accuracy,,,,0.9481481481481482,0.9873169426921962,1.001564945226917,0.9866666666666667,18,0.3740912238713393,1.0,0.2504534301400783,0.07647333782000253,0.9337916907383589,0.9999961210353289,0.9999961210353289,25.0,collapses_with_enough_pairs,1.0,,,0.5303308823529411,,
banking_mixed_clf,classification,keyed_monotone,typed,1,hgb,0.9422222222222222,accuracy,,,,0.9422222222222222,0.9825580099413771,1.004739336492891,0.9866666666666667,18,0.3740912238713393,1.0,0.2504534301400783,0.07647333782000253,0.9337916907383589,0.9999961210353289,0.9999961210353289,25.0,collapses_with_enough_pairs,1.0,,,0.5303308823529411,,
banking_mixed_clf,classification,keyed_monotone,typed,1,mlp,0.9259259259259259,accuracy,,,,0.9259259259259259,0.9780331230635491,1.0129659643435982,0.9437037037037037,18,0.3740912238713393,1.0,0.2504534301400783,0.07647333782000253,0.9337916907383589,0.9999961210353289,0.9999961210353289,25.0,collapses_with_enough_pairs,1.0,,,0.5303308823529411,,
banking_mixed_clf,classification,keyed_monotone,typed,1,knn,0.8725925925925926,accuracy,,,,0.8725925925925926,0.9353141787218867,1.0068376068376068,0.917037037037037,18,0.3740912238713393,1.0,0.2504534301400783,0.07647333782000253,0.9337916907383589,0.9999961210353289,0.9999961210353289,25.0,collapses_with_enough_pairs,1.0,,,0.5303308823529411,,
banking_mixed_clf,classification,typed_keyed,typed,1,linear,0.9466666666666667,accuracy,,,,0.9466666666666667,0.9900474778770925,1.0,0.9762962962962963,15,0.09111620475587626,1.0,0.2190806361394806,0.06116164506117616,0.5508589332070765,0.9999999841206249,0.9999999841206249,100.0,partial_recovery_with_enough_pairs,1.0,0.0,0.3333333333333333,0.5077941176470588,,0.6666666666666666
banking_mixed_clf,classification,typed_keyed,typed,1,hgb,0.9466666666666667,accuracy,,,,0.9466666666666667,0.9826806053986581,1.0094786729857819,0.9762962962962963,15,0.09111620475587626,1.0,0.2190806361394806,0.06116164506117616,0.5508589332070765,0.9999999841206249,0.9999999841206249,100.0,partial_recovery_with_enough_pairs,1.0,0.0,0.3333333333333333,0.5077941176470588,,0.6666666666666666
banking_mixed_clf,classification,typed_keyed,typed,1,mlp,0.9422222222222222,accuracy,,,,0.9422222222222222,0.986826560863072,1.0307941653160453,0.9362962962962963,15,0.09111620475587626,1.0,0.2190806361394806,0.06116164506117616,0.5508589332070765,0.9999999841206249,0.9999999841206249,100.0,partial_recovery_with_enough_pairs,1.0,0.0,0.3333333333333333,0.5077941176470588,,0.6666666666666666
banking_mixed_clf,classification,typed_keyed,typed,1,knn,0.8696296296296296,accuracy,,,,0.8696296296296296,0.9397443327463612,1.0034188034188034,0.9081481481481481,15,0.09111620475587626,1.0,0.2190806361394806,0.06116164506117616,0.5508589332070765,0.9999999841206249,0.9999999841206249,100.0,partial_recovery_with_enough_pairs,1.0,0.0,0.3333333333333333,0.5077941176470588,,0.6666666666666666
banking_mixed_clf,classification,bn_adv,learned,1,linear,0.9525925925925925,accuracy,,,,0.9525925925925925,0.9845641174241581,1.006259780907668,0.9733333333333334,9,0.019110300237494278,0.47769165201192987,0.8954197322714796,0.7756868867602162,0.37046480683059874,0.9445457382050689,0.9445457382050689,,resistant_in_tested_budget,0.9615819281785956,,,0.5425980392156863,,
banking_mixed_clf,classification,bn_adv,learned,1,hgb,0.9466666666666667,accuracy,,,,0.9466666666666667,0.9834830483917705,1.0094786729857819,0.9674074074074074,9,0.019110300237494278,0.47769165201192987,0.8954197322714796,0.7756868867602162,0.37046480683059874,0.9445457382050689,0.9445457382050689,,resistant_in_tested_budget,0.9615819281785956,,,0.5425980392156863,,
banking_mixed_clf,classification,bn_adv,learned,1,mlp,0.9451851851851852,accuracy,,,,0.9451851851851852,0.9816329714909837,1.034035656401945,0.9392592592592592,9,0.019110300237494278,0.47769165201192987,0.8954197322714796,0.7756868867602162,0.37046480683059874,0.9445457382050689,0.9445457382050689,,resistant_in_tested_budget,0.9615819281785956,,,0.5425980392156863,,
banking_mixed_clf,classification,bn_adv,learned,1,knn,0.9525925925925925,accuracy,,,,0.9525925925925925,0.9595434990972516,1.099145299145299,0.8844444444444445,9,0.019110300237494278,0.47769165201192987,0.8954197322714796,0.7756868867602162,0.37046480683059874,0.9445457382050689,0.9445457382050689,,resistant_in_tested_budget,0.9615819281785956,,,0.5425980392156863,,
banking_mixed_clf,classification,bn_noisy,learned,1,linear,0.9451851851851852,accuracy,,,,0.9451851851851852,0.9826248801908032,0.998435054773083,0.9718518518518519,9,0.023519155018716126,0.4092513787450177,0.7706961003750777,0.636583546709483,0.18049645763005492,0.9150486586380574,0.9150486586380574,,resistant_in_tested_budget,0.9512559088683261,,,0.5138296568627451,,
banking_mixed_clf,classification,bn_noisy,learned,1,hgb,0.9318518518518518,accuracy,,,,0.9318518518518518,0.9808751086641553,0.9936808846761452,0.9466666666666667,9,0.023519155018716126,0.4092513787450177,0.7706961003750777,0.636583546709483,0.18049645763005492,0.9150486586380574,0.9150486586380574,,resistant_in_tested_budget,0.9512559088683261,,,0.5138296568627451,,
banking_mixed_clf,classification,bn_noisy,learned,1,mlp,0.9392592592592592,accuracy,,,,0.9392592592592592,0.9814546508258476,1.027552674230146,0.9333333333333333,9,0.023519155018716126,0.4092513787450177,0.7706961003750777,0.636583546709483,0.18049645763005492,0.9150486586380574,0.9150486586380574,,resistant_in_tested_budget,0.9512559088683261,,,0.5138296568627451,,
banking_mixed_clf,classification,bn_noisy,learned,1,knn,0.9392592592592592,accuracy,,,,0.9392592592592592,0.962563805362994,1.0837606837606837,0.8918518518518519,9,0.023519155018716126,0.4092513787450177,0.7706961003750777,0.636583546709483,0.18049645763005492,0.9150486586380574,0.9150486586380574,,resistant_in_tested_budget,0.9512559088683261,,,0.5138296568627451,,
banking_mixed_clf,classification,vib,learned,1,linear,0.9496296296296296,accuracy,,,,0.9496296296296296,0.9850879343779952,1.0031298904538342,0.9762962962962963,8,-0.015681732886689743,0.31074986817428907,0.9864682547453033,0.8682791434390598,0.34883344334232097,0.9197612456290594,0.9197612456290594,,resistant_in_tested_budget,0.9551848015029937,,,0.5088664215686275,,
banking_mixed_clf,classification,vib,learned,1,hgb,0.9481481481481482,accuracy,,,,0.9481481481481482,0.9801673985243965,1.0110584518167456,0.96,8,-0.015681732886689743,0.31074986817428907,0.9864682547453033,0.8682791434390598,0.34883344334232097,0.9197612456290594,0.9197612456290594,,resistant_in_tested_budget,0.9551848015029937,,,0.5088664215686275,,
banking_mixed_clf,classification,vib,learned,1,mlp,0.9496296296296296,accuracy,,,,0.9496296296296296,0.9856228963734034,1.0388978930307942,0.9348148148148148,8,-0.015681732886689743,0.31074986817428907,0.9864682547453033,0.8682791434390598,0.34883344334232097,0.9197612456290594,0.9197612456290594,,resistant_in_tested_budget,0.9551848015029937,,,0.5088664215686275,,
banking_mixed_clf,classification,vib,learned,1,knn,0.9422222222222222,accuracy,,,,0.9422222222222222,0.9667209058689789,1.087179487179487,0.8859259259259259,8,-0.015681732886689743,0.31074986817428907,0.9864682547453033,0.8682791434390598,0.34883344334232097,0.9197612456290594,0.9197612456290594,,resistant_in_tested_budget,0.9551848015029937,,,0.5088664215686275,,
banking_mixed_clf,classification,vib_stoch,learned,1,linear,0.9511111111111111,accuracy,,,,0.9511111111111111,0.9848761785881461,1.0046948356807512,0.9688888888888889,8,-0.013931315424071212,0.3713311534617017,0.8982671186307308,0.7767534097752408,-0.32135881934031424,0.7904614553027276,0.7904614553027276,,resistant_in_tested_budget,0.9414378327548838,,,0.6607720588235295,,
banking_mixed_clf,classification,vib_stoch,learned,1,hgb,0.9437037037037037,accuracy,,,,0.9437037037037037,0.9819840403004703,1.0063191153238547,0.9585185185185185,8,-0.013931315424071212,0.3713311534617017,0.8982671186307308,0.7767534097752408,-0.32135881934031424,0.7904614553027276,0.7904614553027276,,resistant_in_tested_budget,0.9414378327548838,,,0.6607720588235295,,
banking_mixed_clf,classification,vib_stoch,learned,1,mlp,0.9496296296296296,accuracy,,,,0.9496296296296296,0.984508392216303,1.0388978930307942,0.9348148148148148,8,-0.013931315424071212,0.3713311534617017,0.8982671186307308,0.7767534097752408,-0.32135881934031424,0.7904614553027276,0.7904614553027276,,resistant_in_tested_budget,0.9414378327548838,,,0.6607720588235295,,
banking_mixed_clf,classification,vib_stoch,learned,1,knn,0.9496296296296296,accuracy,,,,0.9496296296296296,0.9763725118694693,1.0957264957264956,0.8874074074074074,8,-0.013931315424071212,0.3713311534617017,0.8982671186307308,0.7767534097752408,-0.32135881934031424,0.7904614553027276,0.7904614553027276,,resistant_in_tested_budget,0.9414378327548838,,,0.6607720588235295,,
banking_mixed_clf,classification,rff,nonlinear,1,linear,0.845925925925926,accuracy,,,,0.845925925925926,0.8634732407551878,0.8935837245696401,0.8755555555555555,22,0.2220539987302626,0.40848748241966665,0.1906828643089237,0.07998458828945224,0.41202793669954946,0.5899711733456179,0.5899711733456179,,resistant_in_tested_budget,0.5170965532983338,,,0.5242218137254901,,
banking_mixed_clf,classification,rff,nonlinear,1,hgb,0.8681481481481481,accuracy,,,,0.8681481481481481,0.9124556984597553,0.9257503949447077,0.8740740740740741,22,0.2220539987302626,0.40848748241966665,0.1906828643089237,0.07998458828945224,0.41202793669954946,0.5899711733456179,0.5899711733456179,,resistant_in_tested_budget,0.5170965532983338,,,0.5242218137254901,,
banking_mixed_clf,classification,rff,nonlinear,1,mlp,0.8651851851851852,accuracy,,,,0.8651851851851852,0.905155696230747,0.9465153970826581,0.9007407407407407,22,0.2220539987302626,0.40848748241966665,0.1906828643089237,0.07998458828945224,0.41202793669954946,0.5899711733456179,0.5899711733456179,,resistant_in_tested_budget,0.5170965532983338,,,0.5242218137254901,,
banking_mixed_clf,classification,rff,nonlinear,1,knn,0.8266666666666667,accuracy,,,,0.8266666666666667,0.8950972962129149,0.9538461538461538,0.8977777777777778,22,0.2220539987302626,0.40848748241966665,0.1906828643089237,0.07998458828945224,0.41202793669954946,0.5899711733456179,0.5899711733456179,,resistant_in_tested_budget,0.5170965532983338,,,0.5242218137254901,,
banking_mixed_clf,classification,microagg_rot,lossy,1,linear,0.7229629629629629,accuracy,,,,0.7229629629629629,0.698259144506609,0.7636932707355242,0.7318518518518519,15,0.23556926310777038,0.3440359811784372,0.2973086489448916,0.19464692756543114,0.29682934802535843,0.9999699227725406,0.9999699227725406,,resistant_in_tested_budget,0.7553990357686079,0.0,0.5333333333333333,0.5046323529411765,,0.4444444444444444
banking_mixed_clf,classification,microagg_rot,lossy,1,hgb,0.7348148148148148,accuracy,,,,0.7348148148148148,0.6843724227091366,0.7835703001579778,0.7525925925925926,15,0.23556926310777038,0.3440359811784372,0.2973086489448916,0.19464692756543114,0.29682934802535843,0.9999699227725406,0.9999699227725406,,resistant_in_tested_budget,0.7553990357686079,0.0,0.5333333333333333,0.5046323529411765,,0.4444444444444444
banking_mixed_clf,classification,microagg_rot,lossy,1,mlp,0.7348148148148148,accuracy,,,,0.7348148148148148,0.6870472326861778,0.8038897893030794,0.7851851851851852,15,0.23556926310777038,0.3440359811784372,0.2973086489448916,0.19464692756543114,0.29682934802535843,0.9999699227725406,0.9999699227725406,,resistant_in_tested_budget,0.7553990357686079,0.0,0.5333333333333333,0.5046323529411765,,0.4444444444444444
banking_mixed_clf,classification,microagg_rot,lossy,1,knn,0.7140740740740741,accuracy,,,,0.7140740740740741,0.6664121882174621,0.8239316239316239,0.802962962962963,15,0.23556926310777038,0.3440359811784372,0.2973086489448916,0.19464692756543114,0.29682934802535843,0.9999699227725406,0.9999699227725406,,resistant_in_tested_budget,0.7553990357686079,0.0,0.5333333333333333,0.5046323529411765,,0.4444444444444444
banking_mixed_clf,classification,noisy_gauss_rot,classical,1,linear,0.9422222222222222,accuracy,,,,0.9422222222222222,0.9857343467891135,0.9953051643192488,0.9718518518518519,15,0.3125751976482137,0.448527885056112,0.16077009837909262,0.008970940196339506,0.8675075285509808,0.9937861954737085,0.9937861954737085,25.0,partial_recovery_with_enough_pairs,0.5502664628950037,0.0,0.5333333333333333,0.5365012254901961,,0.4444444444444444
banking_mixed_clf,classification,noisy_gauss_rot,classical,1,hgb,0.9007407407407407,accuracy,,,,0.9007407407407407,0.9549183068452844,0.9605055292259084,0.9274074074074075,15,0.3125751976482137,0.448527885056112,0.16077009837909262,0.008970940196339506,0.8675075285509808,0.9937861954737085,0.9937861954737085,25.0,partial_recovery_with_enough_pairs,0.5502664628950037,0.0,0.5333333333333333,0.5365012254901961,,0.4444444444444444
banking_mixed_clf,classification,noisy_gauss_rot,classical,1,mlp,0.9303703703703704,accuracy,,,,0.9303703703703704,0.9831598421862113,1.0178282009724473,0.9362962962962963,15,0.3125751976482137,0.448527885056112,0.16077009837909262,0.008970940196339506,0.8675075285509808,0.9937861954737085,0.9937861954737085,25.0,partial_recovery_with_enough_pairs,0.5502664628950037,0.0,0.5333333333333333,0.5365012254901961,,0.4444444444444444
banking_mixed_clf,classification,noisy_gauss_rot,classical,1,knn,0.8429629629629629,accuracy,,,,0.8429629629629629,0.9237289080088269,0.9726495726495725,0.914074074074074,15,0.3125751976482137,0.448527885056112,0.16077009837909262,0.008970940196339506,0.8675075285509808,0.9937861954737085,0.9937861954737085,25.0,partial_recovery_with_enough_pairs,0.5502664628950037,0.0,0.5333333333333333,0.5365012254901961,,0.4444444444444444
