age,income,tenure_months,region,segment,risk_score,num_products,is_premium,usage,engagement,complaint_count,credit_util,y,y_class
29.204402978751364,14000.0,18,West,Mass,64.56180847790249,1,0,12.024810939789244,60.61144724873158,0,0.6116265789171573,151.36315517487589,0
44.540086667423815,65825.9135343921,57,West,Private,50.7131706425992,3,0,48.120473524178905,60.965442444176595,0,0.26988043035130127,117.52809785631759,0
32.004282221279446,30293.301230841804,52,Northeast,Mass,62.1206071754444,1,0,13.997385330478844,56.83162161885638,0,0.6594419694218526,116.02513053327517,1
35.16244098943756,23000.05731624346,44,Midwest,Mass,58.6480018991126,2,0,12.376367568401601,62.38083229018332,5,0.581153608703401,253.2310879111012,0
41.380121151475755,28268.879140411453,25,Midwest,Mass,34.21505075184459,1,0,6.317197986352178,74.82096072936059,1,0.1406653426679513,47.194030386078474,0
58.84154052016949,71079.77010241644,41,Northeast,Mass,28.001306096141015,3,0,24.542103553865473,75.88646448916924,0,0.11791504202595747,33.58341529650057,0
64.5123825086092,18266.264713377157,83,Midwest,Mass,59.04515181960803,0,0,14.07036590347692,60.374921845239285,1,0.3578320316289118,74.66122645310347,0
47.60177680783383,38149.061576555054,33,Northeast,Mass,52.382607863338485,3,0,11.891811199382289,71.50279425785605,0,0.32429138709786287,65.8974504984291,0
37.29256596220643,64328.66375037998,20,West,Affluent,48.35307242014687,4,0,25.95718829122804,73.84058494704527,1,0.35170577352651344,121.71761138537398,0
73.15923583298148,28633.594982104114,78,Midwest,Mass,61.02792973570145,2,0,11.077243138249635,79.11752136441004,0,0.10704165799340741,44.023336101338074,0
36.655568983380995,16563.736165803057,27,South,Mass,68.20273477865047,2,0,36.23144498962161,60.066538789550464,0,0.47630370517544385,236.71407195025827,1
34.860801070503285,74028.88119823892,11,Midwest,Mass,48.17487731000173,0,0,23.02378526183189,68.19592953603264,7,0.4177030374388581,362.3256366328563,1
19.813211942765914,22905.217460917076,9,Northeast,Mass,42.43593432587107,0,0,11.068580746993781,68.54079471325386,5,0.4507276410042736,178.71920826304478,0
59.45114461555929,32204.57749082021,26,West,Private,58.58343488408325,4,1,38.740101169407524,89.10867178604481,1,0.7244148647902102,314.8689055578285,1
54.103069904641174,37382.44153653834,9,Northeast,Mass,71.69053868936464,1,0,12.271148888963575,70.80483113235047,0,0.4626584065992865,139.1230302896662,1
72.22256920145557,73006.48233456489,119,Northeast,Affluent,46.424048410500426,2,1,14.093203361518897,80.84396768452284,0,0.14738310192857815,45.38428964732328,0
24.630958097273428,37832.45038405924,15,Midwest,Mass,62.164076170879085,3,0,15.866147178555131,51.4741314315835,1,0.1689191383804878,152.45009107116758,0
60.22713509348887,37518.17304569966,37,South,Mass,48.988696583871075,0,0,11.49029945195428,66.14621558624262,2,0.36570103561181216,124.93950730298796,0
42.876693979576594,15691.116228788818,22,Midwest,Mass,61.42169137131876,1,0,4.44812053754325,,1,0.3881622921485851,52.777219934084776,1
52.076252710001704,,34,Northeast,Mass,51.061315130438,3,0,9.613877354930027,68.15693040656924,1,0.5019395472528454,245.52821674928592,0
21.40278573619411,38037.62783080307,10,Northeast,Mass,54.32465748884104,3,0,6.306042204486348,56.26550344184454,1,0.5237553865950993,144.9381804963874,1
60.35102278331621,60676.87136432641,26,Northeast,Mass,45.43459070084847,2,0,14.215566720100332,78.97275851777906,0,0.13072262670653523,70.19355514647725,0
51.83145939164788,14000.0,27,Northeast,Mass,72.40734084643731,0,0,6.700173690385981,40.129031426347694,0,0.6706545382894978,103.36087780689495,0
41.51362456517228,14000.0,39,Midwest,Mass,93.40828152201883,2,0,10.50201540334988,31.308006374943496,4,0.8730590389564188,2067.10706613556,0
50.06390859576402,,51,Northeast,Mass,53.4778202511186,1,0,10.011306779222188,65.07784666548044,0,0.47277718028771143,99.72544415524523,1
32.431308736971886,137131.40806730354,24,Northeast,Private,51.20049810485689,3,0,42.72063039635269,59.68129138767487,2,0.08432207205295633,136.01277566315176,0
34.75699893022876,14078.151864173647,45,South,Mass,49.351513615986214,1,0,5.026605986433011,46.5597883340857,0,0.3447489539550853,26.000721629342372,0
36.20694232968255,30295.731670963145,21,South,Mass,75.02275150616686,1,0,10.25497813547342,53.897922143762095,1,0.23961818160513013,205.72122657643789,0
18.840901728871525,47411.54368157436,7,Northeast,Mass,51.25861816157855,2,0,25.10385931452065,,4,0.45083982176104537,182.7314197596273,0
52.77198117754209,70333.60957643398,48,Northeast,Affluent,57.25298047904934,3,1,25.049269174952254,70.6931727535643,5,0.4125892490982648,391.2777388741262,0
56.894920177282074,17064.54371223726,74,Northeast,Mass,78.67678299189572,2,0,12.371472929388611,45.82388520085358,2,0.29309315595762364,266.42164728746445,1
33.23319812795198,15464.733147119354,27,West,Mass,73.17293526448607,1,0,11.57957847235739,42.78966801800022,0,0.6757097654563171,345.50542859291255,1
46.35253769931023,38113.131021242254,25,Northeast,Affluent,55.05596704820342,0,0,17.76404712651981,65.50206464190659,0,0.4204841206926763,128.26182524571146,0
38.68074406713455,15701.120600708908,13,Northeast,Mass,56.41527945049221,2,0,20.918453552287836,74.05361460246328,3,0.32617416088769857,114.49571740900397,0
46.10342452601288,14000.0,20,Midwest,Mass,86.52194685822363,0,0,5.64140398103927,54.425631661990046,1,0.8507141896223402,961.2455098452274,1
34.155284484862136,19712.91915499856,31,Northeast,Affluent,59.471476016573426,0,0,10.969158954971032,56.67311502032978,3,0.4735146734493707,270.7825812275725,0
30.957185548904555,,30,Northeast,Mass,45.98863606818168,2,0,24.10318339161556,66.95439828849835,0,0.18973684358962514,59.30332894742249,0
55.150936075296784,41276.212202715404,63,Northeast,Mass,46.624258542395324,3,0,8.955937546506245,67.89288388847993,0,0.27450783715283655,45.816876103740576,0
41.201617685943845,83300.66211377893,38,South,Private,49.73671188796974,3,1,46.00598072081743,81.92901684086652,0,0.2099758824603547,141.96454480577324,0
67.27636188566845,83471.98501633023,57,South,Affluent,66.5010754623722,1,0,21.00155555460353,66.50126282232982,0,0.5252408423067079,257.7715788646639,1
42.57887455992675,94342.22486352683,40,South,Private,57.424807730412226,6,0,35.607929598000005,74.2388969837671,0,0.5122940175845562,298.4515109932592,1
30.424024495618845,14000.0,28,South,Mass,64.04651296661336,1,0,7.463694237121059,39.20991431433703,0,0.4894511617820472,74.16235849895938,0
57.336760955449236,105008.44445563237,62,Northeast,Affluent,36.39973870417794,1,0,13.57007185410605,,1,0.40464850254832496,37.87166183396058,0
49.885002051825246,94933.22376770196,30,West,Private,43.066162960437666,3,1,23.78476833600828,74.64164611757086,0,0.2639168921609849,126.55411270650018,0
51.0859107962053,18870.012361551395,45,South,Mass,58.16831067632859,1,0,6.753938337347546,61.25232075736204,0,0.2302036755637124,89.57802706717851,0
56.88250848584899,48037.48930704771,62,South,Mass,63.99361804602977,2,0,36.83731479061747,55.1964377425425,0,0.4651470505509188,131.31468330113395,1
33.84004632692757,14000.0,32,South,Mass,65.93576168027423,2,0,9.852776234780285,43.430890052948605,1,0.5378416089712418,153.09312624895185,1
40.40933363768391,55021.81826727529,31,Midwest,Mass,66.13588204023405,4,0,41.680665927313676,70.37245172418213,0,0.44102755437219343,143.72220911169254,0
39.856877106402585,57866.57692665731,37,Northeast,Private,59.058048575930385,3,1,39.82086576711706,,0,0.21650732182824087,178.71670902200447,0
25.86566828855477,21835.26324690475,14,Midwest,Mass,55.568944907892934,0,0,13.596992964269838,43.74583610139622,0,0.649007882813796,80.774214157491,0
38.705123123021956,19145.096824932953,25,Northeast,Mass,59.30337061176707,1,0,25.674674081790858,67.62581008854238,0,0.5382309271058435,138.43379246567514,0
58.7047432234603,53817.967921527736,91,Midwest,Affluent,63.11598789690571,3,0,19.179913418272925,68.07732271203477,0,0.3976409423655068,156.3280195935679,0
44.96672629742309,78592.88309481024,33,Northeast,Mass,32.946056227149,0,0,27.327384833977614,71.82144051163344,0,0.11357668616067987,35.64088406631765,0
25.174233401937652,,11,Northeast,Mass,61.77224094910688,2,0,13.905371758904128,54.17225679951562,1,0.48089870101091886,140.35399818768465,1
22.552007354188312,41503.889067138356,19,West,Affluent,36.897034802015064,4,0,36.77616231278041,64.11485768088481,0,0.16571434823749068,37.84013696785017,0
62.80970073435339,53110.099188602704,63,South,Mass,51.18894535901221,3,1,27.98614266487016,88.1792040847227,1,0.5861934571963635,117.83977438043141,0
40.87101237181088,26403.61476061315,40,Midwest,Mass,56.478387453047354,1,0,7.941271422164391,48.84865405050159,0,0.2648750389671298,61.82395431721375,0
33.907372428729786,28041.693297400383,14,Midwest,Mass,68.06999074819396,0,0,25.566603258931732,38.3095099762956,1,0.7855826086563342,538.2100207401212,1
38.57510293878746,69704.34485949262,49,Midwest,Mass,34.23739184339469,3,1,21.63652453385256,71.7981436039662,1,0.18737247773107887,42.569237546476316,0
23.53365307103335,52606.470936792124,26,West,Affluent,59.00926528548207,3,0,51.08885759233378,57.98078061586248,0,0.6786784679300919,371.97454183091077,1
59.78868936889525,72742.14957170222,77,South,Mass,43.99984777788465,3,0,21.369302609849033,71.68323376089602,0,0.1238359013208477,29.81470577038524,0
37.08683828017463,20746.81126066722,12,South,Mass,47.54886177505668,2,0,10.689057296108418,68.50497994420455,0,0.34844986320998955,32.394480044137836,1
59.09251909673027,41630.652610511526,67,Midwest,Mass,50.275343971802116,1,0,27.989776859755356,74.70160145381465,1,0.5192376313797052,83.91334213534317,0
42.64564643059144,31829.067997805858,18,Midwest,Mass,67.50912514063626,0,0,9.431060568530482,61.337605110436314,0,0.5462578214265672,170.36078979814715,0
59.8691496821055,17991.99670481298,37,South,Mass,69.8535477482203,2,0,12.23156891736782,63.00179862200258,2,0.675718761853211,214.29561793215436,1
45.208681238038565,33377.24880729793,42,West,Mass,68.481668958509,1,0,11.342436715402025,61.569047406849066,0,0.39721394503021507,134.11672731181903,1
52.66540828586345,35690.21703472804,21,Midwest,Mass,51.14663771067034,5,1,102.83010475405749,71.86163131523773,0,0.3071222239259594,68.37057538939128,0
50.98866307610421,23402.299795067764,27,Midwest,Mass,69.7200193377433,1,0,11.844704575852239,51.92454219947219,1,0.5282677234124463,110.67616438004872,0
49.791138328149636,43946.49000226635,18,Midwest,Affluent,69.68511638369279,0,0,11.580054253455298,48.20295871844727,3,0.36444674999238963,162.76657541943555,0
46.34918096478388,30787.08772752867,44,Midwest,Mass,48.488723925043196,2,0,7.851877467326243,51.48208981905878,0,0.4382114370916998,33.651509796792986,0
39.08936604855519,74653.8055872114,21,West,Affluent,41.10562286536802,1,0,50.262075942063355,69.72995949998764,0,0.17736175337157517,74.99924706998532,0
65.94293364466076,32659.846334664613,47,South,Mass,42.93486512014509,1,0,10.722983043977816,72.01008496156521,4,0.29305115945958665,46.60719012110328,1
30.663287686301242,24965.99110788607,21,Northeast,Mass,44.00123318414848,1,0,5.575290539445172,52.784642490486554,0,0.2764905474730596,73.4337924640567,0
42.0538455292895,18320.349592814757,30,Midwest,Mass,51.40844705944145,4,0,9.001525094840577,59.203111384669235,0,0.34492750656236576,37.608525639889955,0
42.186073440094944,29661.13179255105,33,Midwest,Affluent,55.04413191320378,2,0,14.683391464928729,,1,0.35340431105216796,117.97876059247417,1
47.03050941679402,20712.0343306977,34,Northeast,Mass,68.23979970553823,0,0,12.965555420116017,47.80726521852373,0,0.5088989322300428,329.21569700542835,1
36.631591926318734,33963.60070842224,12,Midwest,Mass,48.291116234394856,4,0,15.115249293864514,58.14837728808184,1,0.2973451703128968,74.42932886945124,0
45.93432881986985,17100.48742731042,27,South,Mass,54.85117113195017,2,0,9.832799016131188,49.40097435665353,1,0.6639392881414834,120.01728267038709,1
39.88946768496292,15212.907826095096,28,South,Mass,53.82284799738973,2,0,11.415145071143527,63.014273363122534,2,0.6388436754495521,162.69139556531795,0
22.22559353202626,34086.76687808529,12,Northeast,Mass,64.63879342731747,1,0,14.903299605335617,,3,0.3479617834907457,158.21330658794065,1
42.11940357821058,32028.457791229914,26,South,Mass,59.57050497768314,2,0,17.117800177747466,67.60078195695918,1,0.3166101865270868,92.63708108667129,0
28.242933337123105,52513.100832658165,16,South,Affluent,35.509306692310496,1,0,45.04282518013053,62.432540427943934,0,0.17264147362754423,51.45505665946304,0
20.320177969388737,37846.98388167853,14,Northeast,Mass,53.82962408685427,1,0,20.14596963173553,60.251914335265795,0,0.5879478383019173,146.05117278232345,1
43.71091650861731,39726.47453723131,41,South,Affluent,62.78551635501545,1,0,10.994324642639308,83.60714896712825,3,0.19816097318418324,58.634843783227865,0
48.098541775244584,27720.329868966845,27,Midwest,Mass,47.91196326223309,4,0,11.729892526983912,53.23485481761949,0,0.2643785564709115,63.24257083592763,0
48.583725526307205,,50,South,Mass,42.25086077587051,2,0,19.309845298266485,72.86188569823585,1,0.5019325208635266,71.23541080642211,1
49.08963383774618,46833.611334076944,70,Northeast,Affluent,66.22143461436747,1,0,7.7819173905068135,84.0001466248203,0,0.2651014025837591,80.09082597648018,1
18.0,26351.736267670833,13,Northeast,Affluent,35.317059326073945,1,0,7.069551659266493,68.39184322782577,2,0.22682737609092687,70.19636124649,0
24.98728840115663,14000.0,9,Midwest,Mass,55.97254668281095,1,0,13.13080462898622,52.80498814369615,2,0.35542247901740104,176.08720726169565,0
66.66901796017089,21919.312820234863,27,Northeast,Mass,52.31775356665907,0,0,30.025925395917973,72.61294435207175,1,0.393119337479317,97.32141557233555,0
28.909890499037047,14000.0,14,Midwest,Mass,57.08045399686517,0,0,3.162945448799244,52.027253964427445,1,0.3960582811098878,103.10060929867319,0
49.63551288920861,,34,South,Mass,58.111916264825005,2,0,18.382172789046763,57.10627258558019,3,0.5581173559941673,119.91689296829351,0
33.41327972917692,33270.70304267433,12,Northeast,Mass,32.743628673763574,3,0,15.813055871026418,60.32942944694812,0,0.3075833016034828,54.342296751935606,0
42.995909240844554,38604.05926715227,25,Midwest,Mass,51.587509500172644,3,0,13.320823637886804,57.783280147843584,0,0.2815723846179272,165.77301129230423,0
34.08432247158007,142786.14587342303,48,West,Private,35.70919887355647,3,1,72.12533687337108,74.95326763560429,0,0.1308025894367723,77.44521510160291,0
49.01926443274556,47234.04684865306,11,Midwest,Mass,37.14156415452531,1,0,6.905737542333394,80.98008160575019,2,0.28432647476212264,82.13924757609784,0
43.70967646645874,58885.09056160021,35,Midwest,Affluent,25.799475847558682,3,1,14.760638894857955,71.75211221295712,0,0.1491535786905749,42.75976155650725,0
36.39637782944708,20175.569812910282,17,Midwest,Affluent,71.22793987846941,2,0,11.113338634353664,50.96755772406487,2,0.7558300111960765,1413.4797790936038,1
28.872848503991122,14237.477723250979,12,Northeast,Mass,78.67955356916494,4,0,10.925333810939959,28.738128107175044,0,0.6337031532377835,1073.8314100722932,1
45.34717746865639,26964.040078992104,59,Northeast,Mass,43.9365831696979,4,0,7.913155784298251,69.04325886116452,2,0.4441337284176181,58.72227089183261,0
26.841015011967624,39375.02987807714,16,South,Mass,35.197710024291474,0,1,33.24081838846634,60.912725750946905,1,0.2615775915396235,89.94372373419912,0
47.34351302651048,27926.536157471746,33,Midwest,Affluent,69.3717537651711,5,0,15.852304834684798,44.06422736248238,0,0.5419847645782628,240.1857531055555,0
74.83106136296125,182469.6374998014,84,Northeast,Private,48.44693861951285,2,1,49.47304257991889,78.15563045884404,0,0.1753861018937082,188.74091885842495,0
58.87712564077515,28312.1750016578,47,Northeast,Mass,53.11479682890831,1,0,17.487058090721657,69.21241418030438,0,0.30989638745906534,129.57039722454667,1
50.97934858617704,112646.20936975397,42,South,Affluent,34.5717760923587,2,0,26.811015659820022,75.58564478318877,0,0.09237602811635895,58.94857053169581,1
40.92990877823566,17535.320346896835,31,Northeast,Mass,52.55955713156742,3,0,15.84145226959626,67.16428407190845,2,0.2715182028691177,61.13028061411069,0
18.0,41284.06752165151,23,South,Affluent,34.326910996815286,2,0,12.818246984010559,66.80366472474743,1,0.3015631970093006,50.25912288619993,0
25.471420051247698,25808.65291924701,21,Midwest,Mass,49.300247700788816,2,0,5.7452425056278305,60.251415636478,2,0.2072150194033022,82.70166469527084,0
58.03491070128392,47166.11383705514,35,South,Affluent,94.9205186297805,2,0,20.959875488924357,51.68657567742231,0,0.6195366700098108,1671.1234943536067,1
32.12804899844025,246831.3554320598,50,Northeast,Affluent,25.149220850756507,3,1,73.12973981454331,80.23958475163516,0,0.06447633394996735,93.89996649843458,0
33.259348772949416,,17,Northeast,Mass,48.24008652399995,1,0,7.574417247136314,66.8659522257279,0,0.36800791680305595,63.76947765384958,0
39.929369053949735,24754.837429247975,25,Midwest,Mass,57.675338643926146,3,1,5.086348054596526,79.62921298845107,2,0.31894331191629827,129.59121876454324,0
28.724421764418068,24593.67179343126,19,South,Mass,45.912727495067216,0,0,13.16250922865682,56.62423698524179,0,0.28261983740376656,45.156911857503104,0
26.665390818104548,119212.59886393661,18,Northeast,Affluent,35.22363277802908,3,0,22.162797052126752,66.43887892628973,0,0.2666055985181005,46.06978709172575,0
41.369074090232225,28301.13095168867,50,Midwest,Mass,59.5763669364502,1,0,8.460299019976478,57.810757306531045,0,0.5748692649176501,63.76672384977215,0
30.85588181659955,63660.278241219276,23,Midwest,Private,50.87122284730249,2,1,51.008630655890435,60.32822352694981,0,0.5117079639397637,168.46389001521183,0
32.73726775276381,20806.173158047295,24,Northeast,Affluent,50.180717233532235,1,0,13.21234543663449,55.48416690647133,0,0.2022604940380299,67.43964420501571,0
32.23511217316243,27817.293894866685,38,Midwest,Affluent,49.62630357332866,3,0,30.271708279459837,74.93377735636176,2,0.25512548313461964,93.73810565956144,0
48.52950267293086,49623.76451886051,30,Northeast,Affluent,83.6416476996757,1,0,26.662113430967878,44.89658873675122,0,0.6610425905267385,787.6627874886229,1
39.098428868808035,35796.05950450819,16,Midwest,Affluent,56.19846845229725,2,0,24.066505946977905,75.99124241521223,0,0.2730301816383496,111.46913383269688,0
39.767850401326825,107090.08377991711,34,Northeast,Affluent,46.763671349362234,3,0,30.88910494828257,67.21693545180953,1,0.3079745721307297,118.30902739969697,0
49.46182371636104,54086.80435405687,21,Midwest,Mass,56.55663372125904,1,0,5.412051465943002,82.44835181531688,2,0.40355042852255113,163.71507412822643,1
40.224504897088245,35998.99904406684,16,Northeast,Mass,50.76250304783298,1,0,11.873445701610928,,0,0.6282118387970812,56.53517134510555,0
38.52182789428534,14000.0,8,Midwest,Mass,78.3716397369912,1,0,10.442720488340779,50.43897522279807,0,0.7298095620302911,265.56842971489107,0
47.88062944462713,18383.848594989176,12,Midwest,Mass,67.97207462614902,1,0,13.409707742982846,47.0262956626059,2,0.6702378904537443,277.25165825932,0
50.352473044470386,44726.95152027002,14,West,Mass,49.72973526330447,3,0,11.578843954986908,54.01404752447534,1,0.3461834387252022,115.76804552211034,0
40.16158125614245,25985.721634296326,59,Midwest,Affluent,66.17608073158154,3,0,15.584812004281773,68.34626217923275,0,0.5505598903595897,253.43122701048063,1
43.00759719525652,66734.73764115498,11,South,Mass,32.89578879901979,2,0,13.670684593586186,74.35164946890997,1,0.1826879078797769,32.24420288306674,0
32.2276221283334,33460.69512780822,13,Northeast,Mass,50.61412197288468,2,0,18.03623442485175,75.05090653042463,1,0.13479939298500906,55.77429844303243,0
31.24146196044343,55625.183991807,19,Northeast,Mass,51.75240188430129,2,0,15.156408909005227,55.906408503559355,1,0.4307182453868691,79.17986777175064,0
51.614343774585095,31764.372449070335,47,Northeast,Mass,53.80182240881729,3,0,22.293337462042988,71.86846560824995,0,0.44397836432632354,76.38808101229618,0
47.56177578180777,220438.08214845954,58,Midwest,Private,31.984939486643697,5,1,109.65419008260729,74.6011554095613,0,0.11499276539660684,292.1870463961744,0
47.6912304802072,24887.159447510738,23,South,Mass,58.38524504389869,2,0,21.427849814484937,45.40020135375519,1,0.665681768092774,186.96551090194907,1
45.51067935906903,19221.55237498712,31,South,Mass,39.68200209459148,1,0,12.370113476565013,64.908593028334,1,0.286823153507696,53.12680347903965,0
42.57754094768692,83856.25691848902,30,Midwest,Affluent,27.640616959571872,5,0,16.062846552908553,75.15901131079609,0,0.06613189824779961,56.65903107345373,0
50.705148635284615,171898.20041125297,41,South,Affluent,36.852432460390446,5,0,176.55164339705735,73.31864845049384,0,0.3177717695755509,1540.3365343677006,0
53.6888595127848,27037.628410184872,40,Northeast,Mass,49.86028148492312,2,0,7.576802937143336,67.82444232599437,0,0.25572032462577077,46.87685774424798,0
53.390350064883094,17709.837506126136,42,Northeast,Mass,69.01790041432842,1,0,6.0263349653747404,65.51568522723771,2,0.49184676145187545,162.65404065163764,1
40.74027605067516,29114.878565358704,20,West,Affluent,99.0,2,0,42.5805668642477,49.790019890197065,3,0.899927268825343,15995.572163378765,1
59.337409123860475,,69,Northeast,Mass,83.88461187868187,1,0,24.727399355984325,36.06716921646372,0,0.8066839969373794,957.8955634224404,1
44.85575852165402,53512.554586591665,79,Northeast,Private,64.99426521331375,5,1,35.52213357590548,86.00531421801789,0,0.4821307654023914,171.09714090619408,0
49.90470240707248,80947.9833216648,29,West,Mass,40.60631234415568,1,0,25.676256056010438,88.08316772305255,0,0.29875110559607343,68.81322228750157,0
45.526098635436,167880.88657589504,97,West,Private,26.058061075885878,5,1,18.454601905753005,85.99649338399155,0,0.13836669533028853,22.102108051294564,0
45.087583843552174,31283.368221466,24,South,Mass,55.64214958290402,4,0,29.404457035678696,44.87893645249754,0,0.29633674806831967,85.20978273088873,0
32.803100121871005,109796.37760804202,31,Midwest,Private,45.04610450278034,4,1,43.42462061419105,64.42825511011594,0,0.2189685880690326,80.18909457259207,0
50.766885479310325,29863.549293366024,34,South,Mass,47.48751164519979,0,0,32.67122996933924,60.53742224053992,0,0.16457708854604222,58.11356587325883,0
77.56617993634549,75496.59873248478,59,Northeast,Mass,55.1190238399867,2,0,7.797930377629277,88.742300425121,0,0.5262409933996656,52.41047563758062,0
37.31506156512396,14000.0,30,Midwest,Mass,64.50803995317412,3,0,13.858242122838423,46.431439544619025,1,0.5600416608383455,258.1398148089036,1
42.88743394281185,18435.44913377262,26,Midwest,Mass,58.42284303084481,1,0,9.583877803551506,49.316733237860404,0,0.48278366916780124,139.693835228543,0
36.42243419565922,113686.66376808666,16,West,Affluent,56.575224058514195,1,0,41.89548923909265,57.48379473594247,1,0.17122234922082616,189.52826423010495,0
35.899751230475815,20999.281089359956,17,West,Mass,37.65268064743969,0,0,12.362461250299763,49.16701387362873,0,0.2675305197574806,45.02306143814203,0
61.30561847648341,22374.739811767784,39,South,Mass,58.1456931102457,2,0,10.195067515716625,76.2272189174283,0,0.291287832142534,50.89684185535002,0
33.58786227840669,110159.64550092787,28,Northeast,Affluent,37.23960652152625,1,0,15.500573297954054,73.779349317905,0,0.11437037548610308,67.99878711485005,0
36.073994082920485,37905.91530217314,19,Midwest,Affluent,44.25290515326698,1,0,18.821063679150555,,3,0.46393593603294103,102.11091322941604,0
22.156339703358732,27599.138406041413,10,Northeast,Mass,44.76826743669973,0,0,15.480998793518912,67.39508889726139,0,0.38033528390629184,81.75050549760597,0
32.52985344322191,32656.577118707144,23,West,Mass,81.44433650140664,0,0,23.478200502936012,60.41090421600671,5,0.5115810401996926,598.2819054046498,1
20.645001338083155,22464.711505125957,12,Northeast,Mass,62.59844771403392,2,0,20.797975835101397,57.730776590526084,0,0.35934981302520624,144.94651260762666,0
49.89755874014911,20927.55532977864,51,Northeast,Mass,65.41385015531675,1,0,18.725047415085548,46.95231729210846,1,0.7039097366569677,163.88451852187362,0
76.99621527296637,,42,South,Mass,55.26857461441715,4,0,10.11066349396902,59.46068091876018,0,0.4458843817354418,62.9786719155033,0
37.41651507936847,37142.359095284,35,Midwest,Affluent,32.098103285799546,2,1,19.192944132488048,64.22837679285774,1,0.10986908029760668,38.62603510733727,0
21.165525837622035,53391.85945329247,11,South,Mass,41.80007446706792,2,0,60.21090686829913,76.72688459526795,0,0.15778152421149996,62.01572150792761,0
53.24999580537167,118882.12012448732,38,Northeast,Private,39.184577338738926,5,0,109.09710837077087,66.50817954158772,0,0.29956016744076436,454.8847088927602,1
32.91343801337304,,18,South,Mass,78.56834229444013,1,0,1.6441989519613278,56.89999305601408,1,0.7238037111345033,580.9203019977892,1
58.241836631919256,115039.5190530852,43,Northeast,Mass,52.08488463795353,3,1,36.03700896169026,79.68108793906366,0,0.11995933946355686,46.90851984410328,0
38.47463690262569,14000.0,13,Northeast,Mass,67.19379175239936,0,0,10.604864425185472,51.342814622430694,2,0.6492844521476391,234.3442820696954,1
34.10230388646524,35073.689271979114,13,Midwest,Mass,35.28866443937431,2,0,13.822295494924697,55.726368231223304,1,0.16579902094174448,83.70711627955723,1
39.77553055317892,14000.0,27,Northeast,Mass,82.39920296502801,1,0,8.423899506794298,,14,0.9234428865645108,10109.68802519926,1
51.47220951170234,14000.0,28,South,Mass,65.84237318677076,2,0,5.318490740788,55.64036327297329,2,0.5704747458270952,92.4980582439132,0
39.1572421155543,42838.199477532384,29,Northeast,Mass,43.382151300614396,2,0,24.97596261277217,72.66370093991823,2,0.19848351917932575,65.70462730272848,0
35.79094121507868,36182.662194797645,40,Northeast,Private,53.654533368737894,0,0,9.461797827090694,56.858997284577974,0,0.28060489052986104,103.2697613728457,0
39.5146049627641,14000.0,18,South,Mass,66.5598985384706,1,0,10.039665506215293,53.27067846162533,8,0.6477579015764636,441.9363131435284,1
26.101810193738938,34296.834850265615,21,Northeast,Mass,59.6196303912039,2,0,19.808891196021765,75.39240288711035,1,0.42608861197780246,145.46743751316802,0
46.96289502867475,71242.49517016967,35,South,Mass,38.63303838370824,0,0,18.684986872845425,69.87391775907335,2,0.25951546380556145,62.75216598659978,0
19.66591757693862,81788.86063011992,17,South,Affluent,34.483270655360734,1,0,54.490545056893446,78.32465170625221,0,0.0997679360476473,56.29268286084479,0
36.448481820431056,48822.7037323298,45,Northeast,Affluent,35.34861459440929,2,0,8.797722888891048,76.88689573520587,0,0.10121153630832798,49.552005244562515,0
51.49231511038429,16227.552097601843,28,South,Mass,96.05774568916621,1,0,9.622126425565874,62.92935353149434,0,0.8379181922138498,1097.4122354006736,1
45.78810353665896,40987.491948569645,47,Northeast,Affluent,69.21443852726118,0,0,19.161278495369977,58.96027543515393,1,0.6056133415797657,187.33506875156488,0
49.37900716232988,75870.88995690265,19,Midwest,Affluent,65.58672035431,3,0,96.85571103304976,69.82294727672245,0,0.3685204207304658,203.95108764982558,0
41.18692909101489,44871.91452455597,31,Northeast,Mass,54.270803629828166,2,0,16.899639579883196,63.760650201855746,1,0.3760264830440766,116.22448719831297,0
56.62182726231896,32512.14938465894,76,South,Affluent,68.33065333241476,2,0,4.08745671605432,56.22575104483688,1,0.33188931077182326,115.79716804843683,0
53.5587399596224,14409.109614848214,92,South,Mass,67.61791239795829,2,0,9.828859021169233,45.42079956110125,0,0.6206609046581492,175.32153445796027,1
47.57676255309593,35177.67423784519,19,Midwest,Affluent,63.72177130172002,6,0,22.88164926561601,73.03777543985915,1,0.7614852128205684,159.14230629848396,0
53.594322216419286,18810.712606206762,30,West,Mass,65.94562496522428,1,0,11.444696492910534,53.991922076259385,1,0.5387325112599886,64.97177281934314,0
51.380294430044714,,24,Midwest,Private,92.90818629814959,4,1,74.19091010457386,54.52322572917532,0,0.8009643440028756,2786.062288442575,1
36.50670608316387,,27,West,Affluent,54.1642132713004,7,0,97.12884207705406,67.5595075704447,0,0.27129734115791243,392.8098759259544,0
25.20126360385833,22656.680482124437,22,South,Mass,57.936977706814005,1,0,19.02519615496256,61.59000689600404,2,0.1798920248705583,129.54141643163067,0
47.2545265730328,91576.50218898754,68,West,Private,49.32201520448894,2,1,32.680332769738555,68.80227836017723,0,0.4597523469077654,95.25949004929674,0
48.82611538539286,45686.44745567598,57,South,Mass,50.994853213495,1,0,40.004458925150644,64.14858223484241,0,0.32576542102037165,63.35590060075419,0
55.63089988923207,,19,West,Mass,49.82087074920426,1,0,14.516378814616337,,0,0.16333162568663884,39.69789773242267,0
30.29598406193383,19647.2236908293,26,Northeast,Private,56.73806763750182,4,1,17.052181598798303,56.838309643617094,0,0.33302202208646453,146.15430810406053,1
30.669611759035458,14000.0,13,South,Mass,64.36578725270728,1,0,7.62526376131822,38.13574008500602,1,0.45110309465400134,279.5891072583365,1
47.74875332884713,18107.862245680215,29,South,Mass,49.75369473486776,0,0,5.227872733547238,80.56819192805573,1,0.4506655709604159,36.40796662538724,0
41.11041263933642,63407.17782649748,26,South,Affluent,52.143160605674865,2,0,21.739990002842205,58.5967503270741,0,0.28015160678217044,107.33548819237411,0
18.4279798678609,14000.0,7,Northeast,Affluent,54.605173977267874,3,1,21.130339628860746,49.22962358955891,3,0.6342564204576667,349.3552587869692,1
46.68885204692739,25387.393278827065,57,West,Affluent,50.99916872415139,2,0,15.220290235684772,67.3042806587913,0,0.2725215844856156,39.21202231615056,0
18.844713562638066,95922.48765856089,10,Northeast,Affluent,40.61858560826913,3,1,30.94718209522098,88.44426474906692,2,0.28144017450952785,104.58981870672174,0
30.184293101582796,31272.40170321472,14,Midwest,Mass,56.126414652083156,2,0,8.0988911464896,37.5288987263758,0,0.49387028465404537,207.91625621144755,0
58.89601716075134,81607.07000183228,76,Midwest,Mass,62.77099051399908,3,0,10.238846998110615,80.64743334470242,0,0.41411274595608355,166.52985732160485,0
64.81098772258895,98073.36821041515,23,Northeast,Affluent,36.97569528128331,3,1,37.178472659199144,63.75850272174593,0,0.10482041529873153,116.40342848560789,0
26.80429539410048,36037.5902102011,18,South,Affluent,78.92844347296058,2,1,29.228914681596805,58.123488551333025,1,0.4708897056880948,2817.6675765771174,1
37.88260578234132,25035.232618293856,38,Northeast,Mass,57.89630900514232,0,0,11.221485725229998,54.15856844469589,1,0.3656057794350447,73.64440239146214,0
42.532781538483825,26271.59757915584,52,South,Mass,53.79305797252813,4,0,17.845528403540317,74.50504474296436,1,0.7136368603181766,78.53387548111107,0
64.2653365947696,69852.98826955847,54,South,Mass,71.28407011560373,5,0,26.470162488384375,66.46562938316488,0,0.6498651861764005,193.02643368998866,1
35.83913815219498,18660.50629493518,25,Midwest,Mass,91.39705228044316,0,0,31.75965547207992,35.74846196473497,13,0.7919469751648089,9468.562783270674,1
36.038949712084026,116291.37328169511,40,South,Affluent,26.55223925048395,3,1,15.730899478591079,82.14882898060429,0,0.0777640185243378,18.07018771320118,0
61.35906948078578,98668.38338503662,46,Northeast,Affluent,40.510672445582735,7,0,42.96121045288919,67.28835104696422,0,0.12758158673440878,69.75139117910769,0
37.31513559102177,114516.87804927966,19,South,Affluent,33.937384445254736,2,0,42.159807893166246,71.36704025472869,0,0.32275062796188575,80.11954031937739,0
51.02752136208072,75840.10138381062,74,West,Affluent,56.27372122331662,2,0,16.4828292281314,77.94903336275816,1,0.1606004130420875,68.3089389321701,0
23.535712936094658,35148.66995296781,20,Northeast,Affluent,46.35185421734937,2,0,9.810435202085797,,1,0.6748911954154541,126.88549528780797,1
39.85959069884592,47349.26292150481,26,South,Mass,41.30137484716475,1,0,13.532268953182514,52.061371642615775,0,0.22041594347461396,45.23845065267442,0
21.255039520919944,32948.67615027482,10,Midwest,Private,64.61278737890994,4,0,13.748267728618648,53.286488411292446,0,0.757168803279809,364.5158966054509,1
28.807077738053696,46111.60677759508,7,Midwest,Affluent,28.477806991553088,1,0,19.91107160225121,75.25658243946569,0,0.28776957012320814,39.11709191757891,0
52.49001693940329,14000.0,41,South,Mass,50.72364955697276,2,0,6.672497593237074,54.299265175681334,3,0.29172873905590685,66.02593184920215,0
41.37618261141609,,8,Midwest,Mass,53.83993045836905,2,0,28.293004492662664,70.72883452268456,0,0.33794799500771,57.01890929862269,1
38.01117824308782,35639.75226528252,25,South,Mass,55.77431658010748,0,0,7.533624398552839,64.67344491536284,0,0.43292037259931765,82.65500365549214,0
32.640629700238534,42103.01231628797,18,Northeast,Affluent,56.52473861555249,1,0,26.091232573696747,55.00119943610277,1,0.43547395112396853,137.6094833320893,0
39.241799084483965,26908.628463744306,21,Midwest,Mass,61.25569760991952,4,0,28.943668554405146,70.0602175353434,0,0.5718819962924087,174.9386151982708,0
45.763914588758674,,52,West,Mass,66.23904206521784,2,0,47.46206934365891,39.83759602050944,4,0.6669271046114809,231.87469991726658,1
54.28645258077202,37537.31000790626,30,Northeast,Affluent,52.0784932355363,2,0,43.15477430056784,57.40365026448269,1,0.44560098720681085,106.32141220825952,0
18.0,34649.440599589216,9,Midwest,Mass,40.36462779942926,2,0,6.721101000303681,77.158045570559,4,0.2604228870490337,147.94487047638796,1
31.60298532171488,18763.48065960172,14,Northeast,Mass,46.216483647063875,1,0,12.276197288127417,79.04189312258517,0,0.21188816062367358,66.68653376694333,0
43.98870302736257,35192.27052525697,34,South,Mass,52.27231928909134,0,0,11.946439002265477,83.41779245268391,1,0.38540872206420335,81.67232700611872,0
40.764211050471424,53276.68376227665,30,South,Mass,48.69065708507286,3,0,26.7557707252652,63.31703381450606,0,0.38900024128178035,76.60910305977475,0
47.042203031584066,54523.19070409813,35,Midwest,Affluent,50.4492177444411,0,0,8.327172633035268,74.45447488199315,0,0.08680967573476556,38.451683469516496,0
45.34425357658192,19619.17334818458,49,Northeast,Affluent,64.23571498661505,1,0,3.50818810348365,69.72510079765355,0,0.43589576082607434,105.4853820936553,1
38.18915171258241,18970.418605377814,12,Midwest,Mass,47.73248554045885,1,0,14.047031811813142,71.19948598027511,1,0.4062397194601489,104.11341914569434,0
35.41433505016029,14000.0,9,West,Mass,69.23381753133076,2,0,14.549485854267084,48.18701324563545,0,0.5388150437623191,108.11236476254922,0
38.93123137830624,17038.74132564103,14,South,Mass,71.80413544107647,1,0,13.721651098440946,58.66955724698194,1,0.5887105730871166,161.19804743327117,0
56.359279372784286,,41,Midwest,Mass,64.90920561046987,1,0,8.850206028711394,70.66185596121387,0,0.2781546892558487,50.28149536137352,0
32.84990083867857,30729.696756282305,29,South,Affluent,48.648078325951914,2,0,13.957773660709755,68.975899425626,0,0.6168530225537495,69.54892587310705,0
41.21491596070056,43688.68285230801,6,Midwest,Mass,38.22867158094235,1,0,20.17958011030375,61.33804975694353,0,0.22598762008753687,51.07460913478874,0
44.29177767498026,35524.23900013116,38,Midwest,Mass,49.065016727898055,3,0,26.845453140122295,63.39848751761806,2,0.44756494583043643,87.70132885115346,0
61.504386623430726,35100.743767558124,86,Northeast,Mass,59.5401720679195,1,0,11.266814611984266,59.18621133656595,0,0.4095262866040391,74.22064487544681,0
38.24614677204608,34698.290410155256,23,Northeast,Mass,54.78388887211185,1,0,27.42257114052042,44.468967948924494,2,0.24870486023837715,151.19055289182856,0
53.98508320013701,36026.024585166066,77,South,Affluent,58.327865352350294,2,0,31.11663676145245,53.7755039449742,0,0.38637264074038863,58.3133803703605,0
57.39974254081278,30581.95621758437,47,South,Mass,52.04765660279369,1,0,13.28975760136335,62.98594125877234,2,0.23228926163489846,60.07061785495719,0
41.2030716876169,252783.6712300012,67,South,Private,30.29005655771186,4,1,69.31345311363667,86.3849019964547,0,0.07603287537840057,84.20137371777422,0
39.36601276154047,35880.12853479548,43,South,Mass,53.106247290368735,3,0,17.91757718272284,65.46856814170583,0,0.21249605662714174,67.29905682566186,0
37.886829099397296,41691.04308600035,24,Midwest,Affluent,49.720668414420516,1,0,12.595399670493315,74.01408857068401,0,0.2459603844551838,68.13084175127946,0
38.80221082196772,29769.236773324712,37,Northeast,Mass,61.5462321430128,1,0,11.51058390020687,67.49703212374057,2,0.46277957023898436,63.6749651885994,0
52.67799825721041,139815.41365555365,39,South,Private,48.98187374765059,8,1,61.03385967461906,76.50246615198385,0,0.29674273537760837,194.505594949343,0
44.887624715693924,82345.04878068388,68,West,Private,94.8149303327265,2,0,28.692311470506233,43.76956071179387,3,0.8528022657083315,4888.810702420978,1
44.94112136462337,51988.30783134948,27,South,Mass,49.69728669463152,2,0,12.772839324943684,81.5857204736447,0,0.3848745959112395,60.84813387804391,0
27.934706120252063,63796.12996491043,26,Midwest,Affluent,30.7955349955341,4,0,12.407190436904942,71.12371252612719,0,0.057998455261141314,41.81292853970324,0
29.906374032809566,20028.11847261129,39,South,Mass,76.9330349517134,2,0,15.248747558406444,46.12487980435412,0,0.4689448446921213,228.80006274660656,1
68.79308530971225,26597.047497716972,62,South,Mass,48.3101588128338,1,0,14.313043202243383,69.21204169555986,0,0.10432605541520701,39.94960186247024,0
39.77717843389138,31523.760138135727,22,West,Mass,56.94197977080425,1,0,13.296112195448881,61.18164177502151,0,0.3272795739733783,77.81664955091605,0
32.3153500552705,16172.125341808049,11,South,Mass,63.48717987288323,2,0,4.7893027492677875,44.75907983688791,1,0.5232410689260665,162.69180363737686,0
59.88873956986622,20737.051311255367,20,Midwest,Mass,85.97190571994527,2,0,26.990066421994207,39.67400210734476,0,0.7022547165064986,572.2440894688099,1
45.5226068585444,52478.84578408178,40,Northeast,Mass,34.76302749637046,0,0,26.436135053889206,68.03750801937305,0,0.20279949906654446,33.03732726943788,0
49.22693646080652,14000.0,27,Midwest,Mass,83.26665858422663,1,0,5.860563232959706,52.87423391161958,2,0.7948705563304657,347.60776572432053,1
40.27441155898083,16577.061386686968,15,Northeast,Mass,53.14109813606376,2,0,17.55336061804901,62.17186953986386,1,0.24206549554687723,86.17546613232193,1
38.01658636778995,22552.133001544727,34,West,Mass,69.93603502059268,1,0,8.696105872041096,67.15277215772012,0,0.41127954390116034,289.10833164228563,1
39.880170343783874,33244.793235124926,36,Midwest,Mass,35.09603042982584,0,0,21.86709014238382,79.94710856095412,0,0.25625504841147495,63.409078964541926,0
24.715772871267166,27641.52297268148,15,Midwest,Mass,56.327849847435445,2,0,16.90502623066403,81.34501350243663,0,0.506824701627797,66.38817808204203,0
40.90090738225128,37745.12588224221,63,Midwest,Private,58.24425756514617,3,1,8.03898856269174,73.33431680206648,1,0.4091402017738989,227.07082849411802,0
45.70041346303272,20793.107289388594,14,South,Affluent,59.89892670475353,2,0,11.32843499937592,63.43999059606925,1,0.3350189393067532,137.39529309684335,0
65.13079042304693,48289.24426133789,38,Midwest,Mass,59.847207012450276,3,1,14.410973604032748,68.952322413193,1,0.09827599509960815,31.663021827798943,0
43.074988312565196,67427.02274953593,43,Northeast,Affluent,48.609110594332925,3,0,22.435799510884724,73.673290585168,0,0.45718253058525,95.67139996998091,0
18.0,45542.194409076066,6,South,Mass,38.80328026152608,0,0,11.096512285866103,63.44216297030401,0,0.1297658954351586,40.426406143446265,0
40.82518209019223,103885.27453853143,52,Midwest,Private,45.73628564033938,6,0,39.10585728529172,53.963129965734545,0,0.1632333233967785,167.82137745206595,1
76.24380166385382,25613.38830943945,88,Midwest,Mass,54.182410162415806,0,0,9.724399988241462,81.20729256043887,0,0.18005194009827197,34.36093379871949,0
52.829577937313,44122.67821502062,10,Northeast,Affluent,68.58278107896462,0,0,7.424355976886754,49.113190476832564,0,0.21045139221342785,173.87175656868374,1
31.863888202392644,66162.35402824427,49,Midwest,Affluent,36.380060930712794,4,1,95.39451099865052,80.09807228842907,0,0.14071377033253674,79.80980736701267,0
49.388831430381956,19835.462340809907,41,South,Mass,57.315230429010114,1,0,8.81739908580492,51.08693402493122,5,0.42680667572848935,81.34444711504895,1
32.724832188878246,14000.0,10,West,Mass,99.0,0,0,3.4356231347338815,46.92634338110365,3,0.7643864547410126,3233.894289191759,1
25.07740600566428,58107.71976335372,9,Northeast,Affluent,44.06221698113851,5,1,20.466088496111556,,0,0.32430385756682073,205.39680607414252,0
37.6453829595741,14000.0,36,West,Mass,47.55197018555074,2,0,13.509094241827531,,0,0.42022192541530634,64.35868302964711,0
43.14408049048576,32741.118377289902,16,South,Mass,54.53215690243443,0,0,8.125891363487762,73.41943915161825,0,0.7051182852709545,201.28728218397666,0
18.598056219582553,24887.368188510532,11,Northeast,Mass,40.59839496293864,2,0,12.949874272854544,61.00731562335016,0,0.16075974914976224,75.92257573684837,0
27.635508868267053,53346.32218163168,10,Northeast,Mass,31.943652522834903,2,0,14.463413330706103,,2,0.27021763769897117,57.76744799074697,0
42.129194539779434,,27,Northeast,Mass,57.25627629748189,2,0,7.31088811940395,66.07083917596717,0,0.4736803147848501,60.00264298506317,0
36.89783530013807,30040.538071789826,36,South,Mass,49.874360920405934,1,0,8.296237594184133,54.744563716996765,0,0.22525303499681015,42.25371905828999,0
46.935140889326135,24124.630928699844,25,Northeast,Mass,83.09486551855599,4,0,12.447044689882928,,3,0.6682237359842315,1734.9101891707514,1
26.816645908642982,20794.320557114108,27,Midwest,Mass,76.22166197841847,1,0,10.590435609111156,51.28462321518067,5,0.6856888526327551,596.7364699611481,0
50.92642185691626,14501.154511948762,44,South,Mass,64.8528266225423,2,0,11.20111204943472,56.955575917988064,0,0.4862686175269238,50.57956166368199,1
27.20301128674756,21961.440579619684,10,South,Mass,42.350010625142296,1,0,8.249702503415163,49.03689637300684,1,0.4840660790817028,106.35848607447232,0
62.53417877422038,89576.09544223292,22,South,Mass,50.61111974000786,1,0,13.335372884488303,,1,0.07000744257209077,35.88484835816017,1
20.553021445271042,,7,South,Mass,72.10471468047933,0,0,17.01317528908273,39.647151595643706,4,0.4098262665193145,197.36835699802882,0
28.343071620207343,14000.0,17,Northeast,Mass,61.373599384832076,4,0,5.38856583849741,34.43726863639185,2,0.6529035767599332,165.70118814349885,0
47.21713503789786,24701.142080115646,68,West,Affluent,65.22726956900848,4,0,12.85420728606946,58.14613311373511,2,0.5900092277908588,431.5640807617275,1
62.802915643720475,22791.223721236336,94,Northeast,Mass,32.025906915546514,1,0,7.664298117747703,67.70614718033076,0,0.28341966385982076,30.293502002011998,0
45.93803795145213,,24,Northeast,Mass,73.75742598599238,1,0,8.978904125263623,48.687281281739644,0,0.6810016760102452,221.0568030066912,1
49.03572400227989,37926.05528075471,27,West,Affluent,68.44219321053677,1,0,15.656173930384684,30.850421321655272,3,0.18417172315881647,160.00560178814305,0
42.219211270913235,50400.28796969573,45,Northeast,Affluent,44.768732645301725,3,0,16.174679465041375,62.525966645271836,0,0.3280198303818945,83.38363081286474,0
29.170019323560084,56850.668798881095,32,Northeast,Affluent,42.50199243547986,0,0,15.096798878521174,65.01942855395036,0,0.4231065325064564,142.94813316133605,1
35.87327064700776,33174.445040962724,39,South,Mass,53.851712263067796,0,0,26.827764933997305,55.692977259118926,2,0.30069457742484984,84.17173682348175,0
26.85112850023404,17664.226733629806,29,Northeast,Mass,55.041761791169506,1,0,23.359713521898808,64.49650981723367,1,0.7646276217506153,108.81031137473002,0
26.016125402789104,17012.279678368355,10,Northeast,Mass,47.75740868461283,1,0,4.470914061237284,74.80727535356306,1,0.3762997185640835,62.38960280590288,0
47.02186149149683,44697.40267876443,16,South,Affluent,52.96647129077088,1,0,9.14143374539623,68.0930857726901,0,0.11963312600401649,101.75182277143615,0
27.960275223900478,62345.69748194498,34,South,Private,44.162252460680165,6,1,61.65906443022543,83.04370123688463,0,0.3045471685727656,196.90668021911233,0
45.994425084042014,36108.39573441196,35,South,Mass,59.777076325187544,4,0,16.224378156443205,72.84888338173982,0,0.2874604082142629,44.60144674158923,0
25.727215597236277,14000.0,4,Northeast,Mass,76.48573699677715,3,0,11.840793555884757,39.246860655674574,0,0.7775037626242814,326.0035262859426,1
45.704787751459435,136120.35877431804,14,Midwest,Private,22.60465497471112,4,0,41.60435368979745,83.46931844003824,0,0.13834576234552898,45.1652491934488,0
35.89146788796297,59313.111950909646,12,South,Affluent,43.06974991556253,2,0,31.005514861517963,73.83407692625788,2,0.23248267775928622,119.53475234753881,1
59.58269417063306,42425.594599075885,53,Northeast,Mass,57.51731666388256,6,0,9.60312753073653,59.4157741937196,3,0.6259798610059338,84.88120684055586,1
46.046486194738314,50066.85471980608,30,Northeast,Mass,55.80273694376645,5,0,30.619361950450184,54.52175464709332,0,0.5309513563298747,75.68005580897264,0
57.44728616242677,35776.22127182433,51,Northeast,Mass,63.50076231163997,0,0,6.912626218350069,71.09348453922932,0,0.2335849453937695,95.49051667476512,0
32.55441604468509,16440.728389606036,11,Midwest,Mass,51.68645526150351,1,0,15.085454376233594,55.52953625820717,0,0.1911360999976964,39.84083745231402,0
42.70179175305209,38062.69299605734,38,Northeast,Mass,63.54597668973838,1,0,21.253872591167294,51.30275704830669,0,0.4805641091156281,113.87087148950252,0
29.73641052354652,14000.0,19,South,Mass,74.31482936381289,0,0,4.137213785059731,42.75926322704014,0,0.5956600401310134,360.26622547138714,1
36.82993446569478,41625.28194719366,33,West,Mass,28.5274295586877,2,0,22.67641960175691,76.09863395361879,0,0.16481801122950798,41.12542465924154,0
38.723697215692134,87089.72633280217,27,Northeast,Private,55.71964588493593,5,1,148.5631818604463,,5,0.3825227365575397,968.1449584131274,0
32.92677224141076,14000.0,14,South,Mass,46.183326386055136,3,0,5.851323550645839,70.96920202477882,0,0.23225885499577262,50.76450883633362,0
26.80621426442881,28003.2267905732,7,Northeast,Mass,61.17570704924282,3,0,13.569720915869494,,0,0.11951946203904261,73.76955159949622,0
24.33103345434184,41377.828308945696,12,Northeast,Mass,32.50417484553802,0,0,9.849235494104406,58.73714970566209,2,0.25382813592820413,79.20494113395874,0
18.0,35642.71090153747,15,South,Mass,47.08128644229083,3,0,16.318256732511713,68.83679251223218,0,0.11057106586937913,57.167965869126654,0
28.795669206206775,14000.0,36,Midwest,Affluent,58.32874771545043,0,0,5.210950078776964,46.18822647740436,0,0.4115935865028535,121.17103585589793,0
49.84367370839806,34818.635003698335,24,West,Private,53.8426657241988,4,0,27.98268865404532,53.52108819839474,1,0.21266733354713535,156.93434340626408,0
22.018768349833962,,12,South,Mass,67.55206124385168,2,0,22.198344855593596,34.59001020637441,2,0.31647252327442926,391.51379453546065,0
24.898464421833687,,29,Northeast,Mass,70.82230093448518,4,0,41.50887955287069,58.175924580569955,4,0.5783089223905701,272.45143571750043,0
64.38623214041144,30014.56820933868,95,Midwest,Mass,59.56047948109223,2,0,6.5273461913236765,78.23493430754894,1,0.4212482695675227,75.53116778494129,1
34.04379937689683,32356.90867263157,18,Northeast,Mass,69.687914886722,4,1,20.911382500880997,50.08311421082347,4,0.49756213029067664,866.8146521779213,1
46.01307511456045,15875.01064858748,50,West,Mass,53.32548091442166,3,0,18.663485070192333,69.29572552517124,0,0.2793943898093559,95.03246303270579,0
50.028964331256184,33921.97051720947,53,South,Mass,61.354077153226996,0,0,18.25247569409271,58.873142143323506,1,0.38156101576142715,169.52794011511673,0
50.281576622266,30772.176223907805,49,Northeast,Mass,61.49651249107482,2,0,10.165295615917637,48.39718003872324,0,0.40011946162363565,65.46296301959639,0
22.971072117399252,28517.793789673342,7,Midwest,Affluent,48.192151907461536,2,1,16.572874639892362,59.67897332014573,1,0.31396281145165744,95.40113514342313,1
39.11175400125637,59615.12828556528,21,South,Mass,41.712768649743516,2,0,16.361401859782973,58.33398652924856,0,0.36863202649908355,36.11292031779203,0
21.7721591310201,31787.899911564564,11,South,Mass,61.31420285742391,1,0,6.76186164883908,53.075692777928865,2,0.6175344969298099,324.57105683579266,1
72.57897323637904,,48,Northeast,Mass,51.811509510923564,1,0,13.140081214165905,75.75570414180405,0,0.2129193765856233,51.60931658800083,0
22.064059199804998,38600.37990079632,12,Northeast,Mass,47.00034509283289,0,0,11.478722704633993,75.30828182424213,0,0.19518322490398612,51.09978030268827,0
28.901997264127246,14843.472141074946,32,Northeast,Mass,48.301479478494784,0,0,5.665648441634654,48.30545287125226,1,0.2691542475189669,92.27656220145144,0
28.99248931448119,22923.60010080144,15,Midwest,Mass,67.53695166616939,0,0,10.552531484741555,49.913569069481575,0,0.5056649301430909,149.95832301091957,1
23.291744040963994,14000.0,15,Midwest,Mass,55.46300771011657,3,0,7.9919713315213246,46.04665579469997,0,0.3924616996848125,90.78340869069845,0
58.907423871956816,14000.0,41,Northeast,Mass,88.9370699412879,0,0,8.388647107429154,22.984852336404387,1,0.8431332677492213,725.4207223408673,1
72.2805987635437,75622.5566807383,54,Midwest,Affluent,71.89791646625875,4,0,24.835441009346823,62.857915949025944,0,0.4628883950868871,296.632378966238,0
36.05313600859228,39546.23526935413,18,Midwest,Private,35.276911687017886,3,0,13.934962532641192,71.09482319321828,0,0.5197005456415452,98.60276552653391,0
25.494710664444874,15955.649266064678,14,Northeast,Mass,46.933910877427,3,1,6.967775397677313,50.67328390916673,0,0.2726768056379146,67.20494816557873,0
18.0,37971.38258625976,3,West,Mass,30.970749149633555,3,1,21.10587550822359,75.63048093113417,1,0.1849758086402555,43.70306431534091,0
38.94864101847373,75669.33676039093,36,Midwest,Affluent,39.11924026810605,7,1,46.384204423018694,63.88118510777092,0,0.11902111107343226,150.0104211268686,0
38.045432210481955,17293.061721112153,7,Midwest,Mass,65.49910927142135,2,0,14.57560702054989,51.644952493059634,0,0.7573492349237478,141.92652551526024,0
33.85879842049819,21142.80537982455,26,Midwest,Mass,66.16427655461457,2,0,10.655463140491875,69.9255126185679,0,0.5963212564774294,107.70117709992822,0
44.76719067470285,61181.63692855991,23,Northeast,Mass,46.94746362269693,1,0,23.714495223618915,72.00010868329915,1,0.37126232627797573,108.12939089194249,0
46.93966428519358,34651.26586506906,19,South,Mass,55.89773694538097,0,0,4.082908021259908,69.43427280073713,0,0.44743470171876354,53.29970416557809,0
46.03854072422376,34541.316322838284,44,Midwest,Mass,48.91969548201104,1,0,15.59833963758883,58.33621130042609,1,0.31460169254076986,50.30337011248411,0
38.04843910039391,,22,Midwest,Mass,51.97384933072148,2,0,26.272558817466983,72.39747021218523,0,0.1621740946743258,100.20147156432468,0
28.229727130321727,14000.0,16,West,Mass,40.49260863531361,1,0,4.384329078228935,68.71650843347098,0,0.575534281591429,89.8296930670181,0
50.32291372258395,36915.59781469237,15,South,Mass,48.06811162355416,1,0,11.82475230310452,64.79786283287423,0,0.5076357162216152,131.06721743432274,0
42.15642199276913,22040.98847433594,50,South,Mass,73.82256288450516,1,0,9.768311173389389,55.49478741247002,0,0.22679140922747038,156.96274121005058,1
53.10446906043313,23363.902246370002,38,Northeast,Mass,66.47237105545032,3,0,21.044913795613578,60.988360911087014,2,0.5471343476512407,111.83121290128412,1
51.87594436840289,,38,Northeast,Mass,35.69232031814445,3,0,24.846761723765123,64.923626998379,0,0.09955846127057752,27.64251709616475,0
24.227974136911055,,23,South,Mass,60.26959262812425,0,0,8.593980055575361,52.90856361349223,0,0.5376818992161362,115.5784701967908,0
24.07222240677996,40375.51664477252,13,Midwest,Mass,79.98558307153397,1,0,21.833232528175046,53.53498225224396,0,0.7623453887574912,1780.5504677764893,1
32.55574101574339,17237.363554557705,4,South,Mass,58.034775620920826,1,0,7.009292015752186,65.39451952399371,0,0.2126209993945382,111.69483655406148,0
28.79668239636665,14000.0,31,South,Mass,65.61774155491048,2,0,12.980051657100503,52.46684242817192,0,0.6470859655020932,115.18205400433226,1
51.44064719970126,31849.300697618924,30,Northeast,Mass,43.0251596404862,0,0,10.914886510591307,87.97303469003236,2,0.1933760193850574,49.97422799105502,0
46.39137094984897,64109.022630534826,63,Northeast,Mass,49.58902905211993,2,0,32.713913696583525,74.14627023494178,2,0.32145241830671034,44.66572572177904,0
55.73979992231639,41866.665360775936,32,Midwest,Mass,73.06187443546504,2,0,19.661366460696375,57.87669231651295,0,0.5348196055543876,184.7478189023526,1
46.95608521763648,80335.25460209709,27,Northeast,Affluent,52.99700207537946,1,0,14.746632215188667,61.74163125845707,0,0.3527845261599721,52.15704646698457,0
44.608119773417116,14000.0,35,South,Mass,73.71395040429934,0,0,21.301734192880314,66.26079319906177,0,0.6682181005368871,155.1999923998947,1
56.99662225430213,25768.944321780127,92,South,Mass,52.875761118022325,2,0,11.149472353547518,70.76867528290526,2,0.44873132538091,165.36471100663493,1
47.871591746688104,14000.0,53,Midwest,Mass,79.0370070563588,2,0,6.794609989467476,73.64229064818103,4,0.7086555439995978,203.51675699198591,1
42.851262042971484,97639.17661634409,44,South,Affluent,36.16717055777258,4,1,51.93519147620205,97.25892278554383,1,0.5345143615052715,120.14428492908777,0
60.50566292413357,90984.86425876548,57,Midwest,Affluent,65.03153249913677,7,0,60.88287699046359,49.877643058361755,2,0.5790733695266511,436.3954056278942,1
43.43976103940987,16819.30241833356,29,South,Mass,65.65267336232193,0,0,8.22142728648025,42.90991377522407,2,0.5739510020023233,146.7313201416681,0
38.19574243852598,46519.22757089887,53,Northeast,Affluent,47.54692995900057,4,1,44.988108087361006,43.768062125258254,2,0.39502635832855787,137.66923026192683,0
31.52720926527938,14000.0,27,South,Mass,63.53527008591687,3,0,5.457361045214062,66.10095198301575,4,0.5095919781738002,244.08458119481918,0
50.78781823806764,14563.472359518215,16,South,Mass,63.249890990324474,2,0,4.989166815485117,64.67674998599792,0,0.4588480997249586,146.43234756205328,0
57.46313177303086,123235.42566678545,30,Northeast,Private,47.75196502374004,0,1,66.80435495344429,78.99974386064957,0,0.4899949939303532,244.71488565659766,0
41.36765748208212,63434.81453741024,37,Midwest,Mass,42.24726676505489,8,0,17.295351409357828,53.776785522186415,0,0.22635672405446264,59.76161331441601,0
58.34894529724798,87594.92720858888,24,South,Mass,52.719418965599964,0,0,43.35122801131142,64.66620196181054,1,0.4906934205908111,196.13596234023194,0
18.0,17463.627030113574,9,Northeast,Mass,50.530597940859586,0,0,13.453057765565504,59.62393724823719,3,0.40140866083232496,153.57012788797908,1
41.306832814901064,25330.069849059168,44,South,Affluent,59.42783507502847,3,0,9.091925890823834,64.7322544786762,1,0.2923161436351471,123.52525551979697,0
41.49881359869455,53976.751480220584,44,West,Private,40.129235815305655,4,0,24.786947254915837,73.02646502957786,0,0.21100309264324751,74.7067625539906,0
32.91257034490816,33434.600740404334,11,South,Mass,61.87458570965226,1,0,13.324639421458604,68.64029379249394,2,0.27026882295638727,127.42918350397152,0
71.79826297477342,19005.299639164186,34,Midwest,Affluent,72.99299450239978,3,0,14.499720812759277,52.22868677800982,3,0.7022221450537505,393.71593520054336,0
41.172592091390484,14000.0,32,Midwest,Mass,35.802875876789386,1,0,17.560844141077197,75.46229608208277,2,0.34642120562816897,36.33012696233276,0
36.90336535494458,32798.44144734907,62,West,Affluent,52.38297079514689,1,0,13.143791093101717,74.92933789415545,0,0.16433787971025668,64.5488566131753,0
42.32452641791881,119472.47882109137,35,Midwest,Private,54.591588628218936,1,1,64.87956866913687,61.1344709438568,2,0.5037153485085183,540.6599496441493,0
18.0,,11,Northeast,Mass,64.28397338976617,1,0,8.159563489883377,67.5872753358438,0,0.6661129924160778,69.54968122883332,0
32.50165093318856,26969.89744840844,23,Northeast,Affluent,77.70941725986991,2,0,17.834832784633157,58.371030033077034,5,0.8802984439159557,788.3032938508705,1
54.29049961806755,24251.64029824611,27,South,Mass,62.35415187394595,0,0,14.84862827288709,58.86870163918236,0,0.6049796166734538,135.47680237050082,0
34.138183063340314,19438.4669519889,38,Midwest,Affluent,73.45091826776306,0,0,10.897204952988588,59.78447340784994,2,0.48989319103917145,240.02546222162616,1
31.639060464996604,45295.95507682074,9,Northeast,Mass,61.019932159415056,3,0,26.83856534952101,73.39213477384544,0,0.5526874718328252,301.38810699494917,0
58.36907045643001,14000.0,58,Midwest,Mass,50.19497235797149,0,0,8.096971253278532,43.1503667289836,0,0.4252822737785443,224.2265956524936,0
58.75318001189786,14000.0,49,South,Mass,85.80597057538971,0,0,4.361666429832792,59.518763449834054,5,0.7549110468573779,334.5322866817155,1
48.462380902014274,29877.145649870017,25,Midwest,Mass,61.21713063765189,1,0,21.530192201952055,,2,0.331289353924387,111.47764894233664,0
36.31103332451666,124265.88175288605,19,South,Private,27.099336293023104,4,1,47.393033328228825,94.16098736343871,1,0.04793638533046307,70.93065474044728,0
39.00661168604596,14000.0,20,South,Mass,65.62701902165604,1,0,9.129243665964026,52.09439968064407,0,0.6391008003587014,173.97542323240452,1
31.948125480313013,14000.0,14,West,Mass,42.19732708998298,2,0,18.544358401877762,50.29991569202024,0,0.28866784798094225,60.4720269287588,0
29.56533601214194,14000.0,14,West,Mass,50.916698702866874,3,0,2.5672610812395766,53.66423091761277,0,0.39169218887466967,88.84962819481684,0
28.944793896144596,34634.400629994496,19,Northeast,Affluent,73.14755263546843,1,0,51.18705088352766,64.67514392029535,3,0.5719139697309832,376.4153004919308,1
34.274319915184904,33037.13292110887,16,South,Affluent,64.23170992755382,1,0,12.266867247008182,53.7083824781833,0,0.716259398253459,283.8591203174499,0
29.065987616440687,78604.48839456978,8,Northeast,Mass,21.1529090694333,5,1,36.70798660142001,72.01319003226622,0,0.10399114287842123,49.62350313733705,0
22.45368601821064,46717.637484305116,10,West,Affluent,35.775717258770925,2,0,16.516147939382453,65.23389902192986,1,0.14723235330913384,61.03833086665384,0
44.74253337192382,59619.39329602407,50,Northeast,Mass,44.15027316516562,1,0,13.785861481986835,75.64886696475652,0,0.17586010967437066,48.8442574866882,0
44.932444761167964,28809.513934104754,23,South,Mass,54.020735774181006,2,0,27.281476638579008,76.16233774885144,0,0.31378130413951816,71.8436566267937,0
63.259909480353954,55588.9854474428,42,South,Affluent,52.983059645459925,5,0,45.27600152177467,41.35035170064588,0,0.3440227323041293,343.0527575819809,1
33.64577039556622,22366.20484535248,17,Northeast,Mass,48.84937195401446,0,0,11.037915712576723,86.09872959064552,1,0.38336844752693994,105.83171165904626,1
45.70125737029088,280624.28225654294,77,South,Private,37.821002445605494,6,1,115.54341566658759,87.58825428823717,1,0.17584707426483379,641.9705480772824,0
45.90890724093502,92017.53344222173,25,Northeast,Affluent,32.23222076219335,4,0,24.746720689472806,83.06406079185838,1,0.14810088051344622,39.54003223276482,0
38.827030485930834,44660.018204819855,22,Midwest,Private,51.27356462051789,4,1,55.29132314668681,,1,0.1930432544161099,139.79674584478363,1
51.30416985937095,29191.88003886815,46,Midwest,Mass,53.900302294076006,1,0,5.908686959504665,65.8073245838087,1,0.5223886741731736,89.70577055886852,0
51.69036483563393,14000.0,38,Midwest,Mass,67.06673504590002,1,0,9.244065079798752,59.1074994403211,1,0.6533891837266268,58.22674420455865,0
46.09263868996925,57879.98731117622,42,South,Mass,52.54327407437374,1,0,20.36730106884766,50.84154783622678,0,0.30199749776465584,75.70155941256294,0
38.80450368690256,27561.316797013234,31,West,Mass,57.640547755819924,1,0,3.784081745185871,53.86870286807452,0,0.5777490368435477,82.39870605307453,0
37.53087364306831,36279.393031357795,38,Midwest,Mass,68.4478318095218,1,0,15.850947574053786,70.40027208643298,0,0.50346100725783,111.84661153017424,0
24.90307626503676,37579.65568394871,10,South,Affluent,60.94886123673509,1,0,56.06479636104087,45.86416587715893,0,0.34687025925142206,101.38977370211367,0
31.926027767278853,28108.49952686351,18,West,Mass,76.01327414409114,1,0,12.120652167227378,47.88970108191375,2,0.8163230121673343,965.7984899928393,1
34.224905951228905,32601.595075042555,15,South,Mass,39.65747748797123,3,1,30.943629554794196,69.66187189439339,0,0.24240315840119322,83.28076337833194,1
27.950352969632075,34726.91983269535,6,Northeast,Mass,57.023580882336006,1,0,28.951179686272166,53.32379394290219,0,0.4066438895257189,115.02068406614079,0
47.499049583595806,58540.93257062386,49,West,Private,69.10192201268661,4,0,21.483374683852954,82.73203963954691,0,0.3962555967860001,115.23985322552838,0
56.95784836233763,45361.41446211219,47,Northeast,Mass,75.86097043524697,3,0,15.951540863843018,50.77812014348282,0,0.42099945736897,144.9715062976517,0
30.649219595885626,24389.235716090676,19,Midwest,Mass,40.7421174144832,1,0,5.251489913893086,52.75916062119448,3,0.12005290388188622,55.42049889756293,0
45.543017946807964,41428.54822139422,49,South,Mass,66.18530486273046,1,0,18.188375186108157,59.60848059258975,1,0.5061485974157908,79.18246843487968,0
29.073610755878622,17244.376043428285,12,South,Mass,49.70038205653842,0,0,19.290295232640062,54.27338555436477,0,0.30307711543732063,72.99555253977232,0
38.18847286326047,42047.365311924776,33,Northeast,Mass,62.229192147545255,3,0,13.906351801771065,64.11382297941748,6,0.45212360345575264,282.52626887591595,1
33.3708802602778,22401.227253333444,19,Northeast,Mass,68.88517449380231,1,0,14.65325667637337,58.03942904570596,0,0.5575269332383523,129.2854113120627,1
49.52369560758052,168551.18022843974,42,South,Private,19.134155424335923,3,1,56.461344501437054,87.92507099924877,0,0.0916191377793265,71.04973158613625,0
33.51514782697277,174580.93343982115,8,Northeast,Mass,43.04297918907844,1,0,93.74553557787374,71.40197967171527,0,0.2709577443622751,227.12577120521834,0
54.645755171333086,81347.18906712411,60,Midwest,Mass,46.004133847673124,1,0,19.057359720152437,67.95703924691313,4,0.2108296498312837,50.39340859345534,0
38.92849032922251,35443.42686804495,31,South,Mass,31.243985440805336,2,0,31.349329120879172,81.8338809925392,0,0.1565623238101211,26.625422723292047,0
33.87995363006461,62471.282738295486,39,South,Private,42.385028936989094,4,0,27.62693562789574,67.35628254853376,1,0.23861858023559987,75.94395193047308,0
26.333684220685463,14000.0,9,Northeast,Mass,54.60848242464849,2,0,22.550475559548115,50.289767141991675,0,0.737474882887632,96.52713232699432,1
45.16505637869187,29017.950642347187,34,Northeast,Mass,54.88392009036141,1,0,7.512837503352304,78.19841027887121,0,0.25214831998997456,38.6608422289163,1
53.190230027827255,,35,West,Mass,55.45629840154092,0,0,25.02794755431679,61.40715068472283,0,0.34355725501321294,93.37245689910671,0
45.416515706710925,33301.180064798726,42,Midwest,Affluent,54.158111931514206,3,0,17.010445218953564,67.72521195284104,0,0.3259393660356823,167.0982316678896,0
69.9853958301803,14000.0,54,Northeast,Mass,72.56258045152263,1,0,9.640518003598604,66.01937272148834,3,0.7215241668548987,397.10313759955255,0
59.87234315588023,51963.19961284724,83,Northeast,Mass,56.1101386792403,3,0,26.109200949679334,79.27804909099387,2,0.2792174909018583,128.79457052363878,0
38.155902941037304,24764.195520778798,43,Midwest,Mass,61.99861687940316,1,0,18.425100537861343,,3,0.478874634303322,129.0587594976006,1
38.02465707741163,55468.81170584213,24,West,Mass,49.17524023470932,3,0,55.811872703926994,63.063868015575814,4,0.2793559952667788,186.77950818839966,0
47.87120899356692,27864.478603868203,39,Northeast,Mass,38.01911796353896,1,0,6.020997734143952,66.74655334183899,0,0.29506140741531267,30.232630094240243,0
31.524760244678937,67324.70461406732,23,Northeast,Private,48.52405936353681,4,1,21.38261181803043,72.4365388839995,0,0.11766424394111238,106.50676501354671,0
56.57860383165608,38342.41467809195,58,Midwest,Mass,40.92725448568236,1,0,10.785974284331433,52.11779074262053,0,0.06526869034895401,44.73877975506006,0
46.5200065230448,44733.999561031116,30,Northeast,Mass,39.761863289107126,0,0,13.823952083652012,75.10377470947742,0,0.3179257469682009,61.82537854639575,0
45.20573638573166,34447.00601346168,24,Northeast,Mass,26.86773239393302,1,1,17.104721831272776,74.22474033985007,1,0.09877371981108847,61.17656482586127,0
50.586920847135204,30967.63619062409,38,West,Mass,72.74718645651151,0,0,8.60163435891135,66.37043798866033,4,0.6138229746958365,229.5503230772584,0
63.535373542113234,26978.778913164515,73,South,Mass,81.72787234778833,2,0,23.97738456324013,53.96598527706108,1,0.8133835142948758,508.28165206530747,1
44.136941902343814,53515.601037042456,47,Northeast,Mass,41.08993586235208,1,0,14.763442054952023,78.67338576963714,1,0.18890074616155897,31.413334646357356,0
40.58699536410769,21686.501484424258,21,Midwest,Mass,67.838968436567,3,0,24.22377055932771,45.9108005343434,0,0.6351356418943096,146.05405979997187,1
60.858995291532224,,81,Northeast,Mass,53.77723903798002,2,0,11.833458858497643,61.25026802296431,0,0.24786697610484168,50.04462813089215,0
54.094380199889194,43891.70465169108,27,Northeast,Affluent,63.25346687254641,2,0,29.99343519680034,37.04490930676303,0,0.6671134031023618,204.78273773780546,0
37.98775199520347,59300.52522259027,22,Midwest,Affluent,47.20908757894009,5,0,30.84780892377005,63.07155547915466,0,0.2609641241136372,85.1152522716858,0
42.06483060823775,132127.2609144349,55,Midwest,Private,24.99896864598021,2,1,30.195150430735403,77.59563896217186,0,0.03094505255886026,36.15989930818111,0
44.442261449234984,14000.0,10,South,Mass,69.93070656767082,1,0,8.831153355291544,45.31663425552351,2,0.5346263694496167,250.42661911677857,1
46.52266180756229,34646.829766201925,33,South,Mass,60.9963164046743,4,0,44.75399928682821,69.4488091288626,1,0.5536176926042965,98.92990942170125,0
25.042501863261077,36553.91656783349,14,Northeast,Mass,45.32590325927299,1,0,21.959647214000324,60.9198376442789,0,0.3556775218414656,48.21445451662918,0
22.718942402480497,23879.358218343383,31,West,Affluent,52.16420868248538,3,0,16.0843744777509,54.20812095793843,2,0.1912441375348376,36.4554749050898,1
30.907624724969327,20918.235862257112,12,Midwest,Mass,49.32931923187635,2,0,18.885108923842665,88.34994617128271,2,0.34696352992885865,63.050129201010115,0
29.940769462358222,19252.14986745841,11,Northeast,Mass,62.151316320586,2,0,15.0293816378132,57.61690891731668,0,0.5846571086511309,79.72853787303558,1
33.95219982534372,71871.42863153502,50,South,Mass,58.35970477961196,1,1,49.10515878935246,63.87911668408608,0,0.25276722388214906,76.16728367607746,1
49.93388302612505,159572.5373346661,38,Northeast,Private,70.19938748960378,3,0,69.13332875616841,58.71153141423164,2,0.7213724543923892,809.9410891220718,1
39.88838554594077,18477.27339278764,40,Midwest,Mass,70.9282507279251,4,0,11.966639306856859,58.182883895315236,2,0.36435695218607433,129.585603408716,1
44.454932562627356,34989.786755656445,32,South,Private,54.90388592224825,0,1,26.25360693340938,61.48227183132695,0,0.642620669468447,227.7129325737821,0
26.69620737447173,27092.103236915245,11,Northeast,Mass,66.95507337245039,1,0,12.711176971830865,75.39767859392839,0,0.43047678710225884,250.4413256103844,1
36.229472463488186,83144.96302765979,55,South,Private,34.564905774259366,2,0,28.434425965740797,73.62115156918286,0,0.12185855369734101,38.18315888824526,0
49.3407207718105,52831.16105503355,88,Northeast,Affluent,60.43908564160669,1,0,20.27651120494047,78.73440986266286,4,0.42166012214825593,280.9585272726099,0
49.436905727210025,,57,South,Mass,41.01274996164412,3,0,20.855396900965047,61.33783814111601,2,0.5007488287740153,63.79873076530054,0
32.94282714765115,24395.310102740495,17,Northeast,Mass,65.73239719483098,3,0,11.664613681452453,59.14103477865992,0,0.5373300404862809,129.2620030526988,0
44.02077982974442,32673.060942727803,32,Northeast,Affluent,51.3913243944874,3,0,7.612036635704489,70.34657258674874,1,0.4701149408034344,156.02194373227718,0
69.48559816852915,83323.62608759668,37,Midwest,Private,53.56786782235558,4,0,42.534678094286384,77.34337310554088,0,0.15580602197334723,120.00356405334732,0
41.78002588430452,52700.66027218097,19,South,Mass,49.94436752098634,0,0,9.635235266963944,73.72323848032275,0,0.48576845573356936,82.77556336565021,0
33.335163173219435,26913.623424935744,15,Northeast,Mass,83.14961286439447,1,0,8.263801001549558,48.0312503035342,1,0.6577404550944066,1832.2602452711617,0
39.827970132973,26795.309909556472,21,West,Mass,78.10211199510692,0,0,24.83518792113647,50.18981627233498,1,0.6305156144746622,183.4294316613212,1
43.152213844085416,50385.01294945599,34,Northeast,Affluent,70.75382177588976,2,0,18.54194085037544,39.95976708895386,6,0.40891643685441487,256.86410125439136,1
40.11039524136813,70429.00947071619,31,Midwest,Affluent,40.01651159337585,1,1,45.91070216367287,69.29152162672798,0,0.25586296264471664,112.80364146174361,0
41.608066241543725,,39,Midwest,Mass,73.08335449972832,1,0,12.026412845318482,65.83759558596547,0,0.45303399123018423,316.4120610004631,0
23.956915038289505,,16,Northeast,Mass,28.529379008463096,0,0,11.95075318152954,76.8178728266762,1,0.2007065922773117,44.82090418323641,0
29.96711906142561,20110.84767005117,28,West,Affluent,57.56688188281752,6,0,6.165138695759723,58.70812042151596,1,0.35279932430667,291.4920414320389,1
40.13330953660628,27972.4665328518,36,Midwest,Mass,56.1690679705205,2,0,9.619876203225195,78.87761269298272,1,0.695205876222628,171.3488668826205,0
39.93415037471954,19471.727427727034,23,South,Affluent,57.27791380737533,1,0,6.003817320018045,55.63457979642168,0,0.5728245691802483,53.62908082218202,0
34.92263406424999,19872.237425998894,21,Midwest,Mass,40.821011736340004,2,0,12.740977790324433,58.72818954235863,0,0.18264237738159766,27.25200208350368,0
39.78733017404454,115468.47927728017,101,Midwest,Private,59.94720934371175,1,0,25.92634289541725,,7,0.7610381269398506,677.6919259283137,1
42.762685692677564,91828.19041606311,29,Midwest,Private,18.085551806401433,7,1,45.95693529687141,73.29941023707275,0,0.09207172648505092,33.13223570160779,0
53.117668206556566,73162.13759635268,50,South,Mass,40.6368316557187,3,0,20.3191947042656,77.72940539105868,2,0.22735897365463548,65.39625972389543,1
40.75985330967436,37875.659382439335,12,South,Mass,75.38400950621366,1,0,29.524052795369013,52.26424476248204,2,0.7842204207911597,558.276107610286,1
46.98879006622816,81174.95912388003,59,Midwest,Private,48.75508256023719,6,1,60.45027468744714,81.32282749130913,0,0.09381929234917835,75.96311739269491,0
35.22999623207599,,16,South,Mass,73.95783560919718,0,0,12.404950254274597,45.95555090445662,2,0.6007904501341814,252.2430895255427,1
49.151196544981026,14000.0,33,South,Mass,74.7313417845342,2,0,10.035342986591914,53.710727021951634,2,0.48545086512380403,349.31693850367924,0
46.69662872015446,69017.45042270666,17,Midwest,Private,58.15339979184429,3,0,39.662685005820855,33.31259844256947,1,0.6217729196075431,146.28707211236372,0
52.82271253974774,22173.01098383785,36,South,Mass,56.834462258574156,3,0,4.059174248687033,63.69766090534945,0,0.502723452589883,150.18660984134166,0
50.918255780556095,37234.765592934156,35,Midwest,Mass,54.88348565347558,2,0,23.081753418528905,66.40291971367208,2,0.3137835240367393,120.5531304474689,0
49.35919528601433,47385.83124993351,31,South,Mass,54.04642329590419,3,0,17.085321516149186,54.69257683116126,0,0.3082588817509682,69.05567300776156,0
40.769782391777746,23842.228264543708,32,West,Mass,54.08382194197093,3,0,14.591157256100564,59.97657497567419,0,0.5698337064662911,56.662288227939634,0
45.061740338055856,,47,West,Mass,71.29916399077932,1,0,3.6818717350153456,54.72943551667067,0,0.5644518748613333,190.66144427104223,0
55.29386160564408,73128.38030542963,24,South,Mass,46.377212887784,4,0,20.49109500341332,82.86681738760875,1,0.30997088994299404,74.26762111138389,0
33.84906788246507,14000.0,14,South,Mass,86.70907427238095,0,0,4.9362168219295395,27.75588751732412,0,0.8695136034205196,614.0197457418335,1
34.14490276628918,166839.32436293375,16,South,Private,41.40352945587233,3,0,103.09494010766753,75.2086965398774,4,0.40316730296684544,1290.346230241394,0
44.26789247437952,28863.793290024107,11,Northeast,Mass,56.59856474384967,1,0,5.455253438739857,50.896659633734615,0,0.40376981048700583,75.09819945804458,0
47.19099612831817,14000.0,33,South,Mass,79.29717589210895,0,0,4.923034313942279,40.24048146540156,0,0.688183966218874,258.23800177812495,1
31.698668759199943,25933.95123386186,14,Northeast,Affluent,46.37855127636337,2,0,22.02949486021293,62.604781270148514,0,0.16700381032336886,85.95077052892152,0
41.065467957333645,,29,Northeast,Mass,53.745406416854934,2,0,23.928532610556324,54.71492786494805,0,0.29468380718456505,137.82471413086782,0
40.82501532214019,32257.337110178436,30,West,Mass,50.52747774415826,2,0,9.979978993421291,62.04532781475556,0,0.3135077915045093,123.31937730931378,0
18.0,25937.640987314964,4,South,Mass,62.92201136742348,2,0,27.2559649919925,,3,0.4077804124085167,155.6043679545798,1
39.2550751342655,14000.0,28,Midwest,Mass,57.406523268467346,1,0,11.206901522512453,56.05854047849885,0,0.32412113606107695,62.462185549183644,0
40.03352708939417,39749.20659089932,41,Northeast,Mass,60.13598395873422,4,0,19.58169237815015,73.04846216092396,0,0.3863666108061361,97.50482500055621,0
39.99633821471226,21990.002959164027,33,South,Mass,50.398173911744784,0,0,15.185744471190223,63.23611934471436,0,0.22803155597371896,52.027160313985654,0
59.69892843221585,14000.0,27,Midwest,Affluent,58.32273862573373,2,0,5.83926356748897,56.63950209219562,0,0.3633640316886308,113.64720979785204,0
26.802521268639058,,16,South,Mass,33.27416836195968,1,0,13.767867598151026,69.71528409343995,3,0.3422635282399513,71.02021668755945,0
31.69221785994234,16293.65034744159,18,West,Mass,61.059053686675654,0,0,4.849729660120846,58.802256939335976,1,0.6809005026607775,182.25760074749863,0
18.0,14871.143258571912,7,Midwest,Mass,57.800407953936556,4,0,9.304217975152659,59.63331376685134,2,0.35259001558093755,127.42094610713796,0
35.98854167282324,20501.813726565535,12,Northeast,Mass,53.545588063751474,1,0,8.94558266658722,61.52308379993067,1,0.46889615919642785,161.3431361968896,0
37.05445557342499,40166.21582904044,16,Northeast,Mass,55.176845951261484,2,0,10.523852016301404,68.39203496496032,0,0.1257740431029488,61.915982155912815,0
35.6252852958218,48246.88950594921,24,Northeast,Affluent,59.923944972063346,0,0,27.03638371608011,57.6539583616121,0,0.20841199849006894,154.9321788284515,0
55.845966743547,42917.06984331079,43,Midwest,Mass,65.14588408807712,3,0,33.351112389452965,55.55023619182319,0,0.25825453979714647,128.44536653389633,1
52.75771902921204,44261.92944211367,31,Northeast,Affluent,59.93447830345134,4,0,27.73161543491912,44.711833728225216,1,0.654388052916971,169.30735764434758,0
42.9732090533413,85459.43545903778,8,Northeast,Mass,43.89105076738739,4,0,61.66134388981888,57.93490010842319,0,0.10151182787238883,145.19086228124345,0
37.367336830751725,39886.95184094858,9,Northeast,Mass,56.56124565357503,2,0,16.05469168472903,80.55187520995581,0,0.21647999758783923,66.69123718880141,0
54.8273708513358,67596.41347570681,31,Northeast,Mass,33.76533821096916,1,0,7.474632112035776,54.36426306296097,0,0.16146072254642405,25.076697697485297,0
41.75302675205185,74777.16507563654,64,South,Affluent,41.094101426906036,3,0,30.555698509420278,86.0566506168147,0,0.1859455172157178,58.00834824008923,0
31.771624513519278,15462.14906942255,28,Northeast,Affluent,72.4234732308073,0,0,10.001442045440506,45.43126289874252,9,0.44945620194088753,601.597357065566,1
20.546891531443105,19801.30171952831,12,West,Mass,64.35809976008078,0,0,12.352106421262683,66.79207893333101,1,0.7615356873676941,224.45891941602616,0
36.483568826303966,29318.1634862037,16,Northeast,Mass,45.18427628653395,0,0,5.4598557296494645,44.63932105901187,0,0.2532886553684923,74.78701036222074,0
51.43304521465761,71821.66126078849,29,Northeast,Mass,36.00737201843124,1,0,11.226840843275909,70.50203629650886,0,0.2016938865834316,43.30998149180732,0
70.45673361928863,,19,Northeast,Affluent,13.434683490262604,1,0,6.07612747095488,93.00763021206656,1,0.09399645043177306,39.06767286646015,0
42.77012932736845,39941.59401736615,19,South,Mass,48.714691468480495,0,0,14.907691717229476,72.27813258618275,1,0.3568820469748207,78.34067372029548,0
32.43305606099619,14000.0,23,Northeast,Mass,75.26930761649758,0,0,9.598040075671788,43.31208516929617,0,0.8402125936124295,304.97020223540443,1
27.187934896447324,26901.53506028602,17,Midwest,Mass,54.39071713836383,0,0,12.843375524616091,40.60470485298913,1,0.6654249164464444,117.795089515309,0
48.89943620381999,31768.087167614656,24,Northeast,Mass,51.522741662207125,1,0,23.48406267082922,52.75292865289054,0,0.22068947215401072,69.5939076174521,0
19.942299345196645,26877.118779829972,9,West,Mass,51.03838818453382,2,0,14.743558749735595,71.65162970660235,3,0.5789000163121061,202.0338719147614,0
48.8793137675611,121843.8169184775,39,Northeast,Affluent,42.76107901500363,1,0,13.43978725762842,71.56716828407193,0,0.22014722311603563,60.530476035499454,1
52.221395078286406,35726.205076538805,27,Midwest,Mass,57.20343209866023,1,0,22.103708160499753,63.63868487461565,1,0.48558169428954745,75.01812657941217,0
47.4534931654108,31036.682202326687,42,South,Affluent,49.578105220833876,8,1,16.84750047133813,72.81947758694268,0,0.3350542687867472,128.12136915323154,1
39.25422910076803,39522.86167750622,29,Northeast,Mass,49.831950074156424,1,0,19.854951771756333,51.134706854943985,0,0.3197140817179642,144.95788636810428,0
49.06175816933518,30981.735156555093,27,Northeast,Mass,57.80852795949827,3,0,13.195310167325461,61.8635905303766,1,0.6223694069962757,157.77430576080343,1
44.13672963910375,14000.0,15,South,Mass,68.46799273933836,1,0,8.2253218165089,53.296937363191326,0,0.6187801535028586,340.1651257249189,0
32.27345197674261,26982.386161696722,17,Northeast,Mass,62.40359661694369,1,0,14.13641043096694,60.57643832590797,0,0.6841688122823724,244.055492804017,0
65.13015402968782,58141.8039266956,38,Northeast,Affluent,52.243473071538425,1,0,14.456548372173684,,0,0.3132983092429694,169.81455110029543,0
37.60400775486855,32050.85994107239,17,Midwest,Mass,66.16538278482813,1,0,25.531272677324427,41.992602986897566,1,0.46109866394442967,199.1559993994853,0
51.696903755623865,14000.0,17,Northeast,Affluent,61.94643505685936,1,0,8.472173387378435,46.56290951143862,0,0.2781021507691291,154.48520112462506,0
18.0,100686.07582810379,25,West,Affluent,26.154482669072152,2,0,18.079239606668335,76.48564042943343,1,0.08242790675839004,66.71371699981982,0
57.95588603476161,39827.47914219762,74,South,Private,78.88417830284698,6,0,18.434142675905868,59.15744667364604,4,0.5845385663267434,632.2354278148429,0
60.35954680818227,,38,South,Mass,74.86990653688216,0,0,4.267361004617198,52.8467739303901,0,0.4641091191566542,251.72688728736685,0
42.372922339082976,,40,Northeast,Private,44.80451552471961,4,1,10.300742676016895,79.26004111536925,2,0.4454798001648225,209.06989481020312,0
48.98463793422198,14000.0,39,South,Mass,70.17232037491281,1,0,8.439129663273603,50.92663403428159,0,0.4128145574845964,203.730848123633,0
48.98143977009453,98353.93121606199,36,South,Affluent,53.12544642468088,4,0,77.64372815870124,68.5797581058602,0,0.21632505379957034,166.40529587406778,0
33.965205379490946,19292.931356834855,24,Northeast,Mass,74.52906921506394,3,0,13.414726135815986,48.481449709897944,0,0.5017861444776175,278.1754181021797,1
48.83902881799175,17950.742221328594,40,South,Mass,59.71659368202239,1,0,7.47911398168217,70.11362696858193,1,0.6088601412558722,155.47269574813936,0
31.89211912659306,25783.34208715309,22,South,Mass,43.0024068140791,1,0,5.560151792855603,62.97722405151644,2,0.3143166747497686,108.22183396614284,0
34.390538454433425,32338.90388157963,37,South,Affluent,56.97540386328786,3,0,35.067664411441996,49.09961180770936,2,0.6270579240875099,316.34472458481457,0
56.08678929015373,38092.24258248819,25,Northeast,Mass,73.60482605025709,2,0,26.68391767643932,35.573593274629474,1,0.7273348726981236,675.4348259594548,1
54.18322113375253,149509.12641334563,46,Northeast,Private,48.37518512029143,6,1,46.0935291693048,90.33957415798396,0,0.2846007778392004,120.81863529218863,0
33.17030622355259,24842.935929255807,58,South,Mass,47.28534116855369,1,0,11.573114226721788,58.91727409231571,0,0.4430628301685611,45.17786474434237,0
32.830295706236996,41011.038853415346,44,South,Private,50.979637177028664,4,0,27.861435322177158,62.148606339573384,0,0.39648828008010795,157.61049570544603,1
33.9300424692791,49525.528343000515,23,Midwest,Mass,32.518379815348,2,0,8.220422016041507,94.21095638218904,0,0.07333863258807855,39.47294248865546,0
51.15799458081864,26413.78749938958,22,Northeast,Mass,56.73030186108152,0,0,18.651216370346468,65.79419005765838,0,0.43576551812618475,141.98867479098462,0
29.500190239870037,14931.018060184098,17,South,Mass,49.697966507920746,2,0,15.178648415328212,78.3110339257994,0,0.3270636891415588,47.39688203485156,0
46.45890798794941,15860.446137813782,45,Northeast,Mass,55.19545153405785,2,1,12.527941198654005,57.801645345724964,0,0.5589087497321884,125.34584332966165,0
51.335585132928685,96977.3937465093,52,Northeast,Affluent,39.102870264893205,3,0,11.13318957474292,89.80006706953931,0,0.08063777960355407,23.115811136511034,0
40.89693187133625,80870.15813917722,14,South,Private,40.21943768334739,6,1,37.1820503464683,76.01090758386444,0,0.348576355628527,85.4555365887384,0
54.6257962108116,65658.02546719149,17,Northeast,Mass,53.43893117692406,0,0,36.0482630671749,76.34905186354396,0,0.1827721354702732,64.36511120068054,0
38.1961228813776,73212.56817135026,13,Northeast,Affluent,34.46369522555445,2,0,11.60501843941189,87.37995205457644,1,0.1498708969136313,98.7201502414653,0
39.32680498757607,38005.90665359281,30,Northeast,Mass,63.65264559085252,4,1,19.829280719543867,66.48989469019466,1,0.28481726652747785,111.67793573042043,0
29.784422110851793,28956.521742525747,8,West,Mass,65.15548251973564,3,0,9.749647214386142,62.30518551080627,1,0.6293057314722442,359.0092315280562,0
54.71471684525257,47502.5768420019,23,Northeast,Mass,52.459589048776245,0,0,15.95841793042045,,0,0.43110429184933813,86.36230077966911,0
32.41849441276412,63254.94963067266,20,South,Mass,48.40479910240728,0,0,18.565211910664722,72.98779685425721,0,0.4589116412695823,101.84624585120649,0
46.37214772143824,48658.06341044983,57,West,Affluent,45.09638508185473,3,0,18.78356364095974,58.632583904045845,2,0.2414901100834482,63.647149037537275,0
41.10854916092582,97367.54070676143,45,South,Private,29.39936979336526,5,1,96.06291732092443,88.84469280446366,0,0.12842632521863726,107.71260596398731,0
28.840211711104217,14000.0,14,Midwest,Mass,59.96594328072018,2,0,4.457605706984425,39.55856148094797,0,0.3970337579305217,73.70422486886793,0
34.38621070220849,14000.0,27,Midwest,Mass,66.58935933889552,3,0,5.902191809455996,60.65370617184971,0,0.5479492705433271,67.53716524731895,1
59.28590298800917,14270.364564927038,90,Midwest,Mass,52.407120137095376,2,0,17.371047706191966,55.71546155399286,2,0.45568192251522155,45.50270365832494,0
44.520719282931005,43378.91578260703,32,South,Mass,70.9715200019119,0,0,36.62427240428347,67.30553273590475,3,0.353752307740027,211.25343086072172,0
29.385620732914475,17168.45504945736,9,West,Mass,53.793506504701504,1,0,5.869500598223714,58.177878381907355,0,0.3700878263659157,75.94195731452382,0
45.81660359185865,14000.0,18,South,Mass,75.58158698063937,2,0,5.178863959553466,43.44979457487749,0,0.5627501695938415,283.3097052016526,1
40.17357460506818,76069.89835268159,18,Midwest,Mass,44.00174329876104,2,0,22.393677684444768,60.81128056868241,0,0.2909878407340152,99.83298118910535,0
79.0,124051.17043949294,45,Northeast,Private,52.148080784842286,1,0,42.817687456156,60.27354746860087,2,0.4708459858622376,138.43677983889836,0
45.56404801677841,21984.395315949016,26,South,Mass,41.775069855783016,3,0,15.218157082814516,73.5687969919417,0,0.14632256238887506,42.0891769142291,0
37.242189411670445,28738.40467206446,27,Northeast,Mass,44.133408123590115,0,0,7.112415812663957,57.878765026518764,2,0.2981200509793411,78.30710882566329,0
59.7503489723388,37036.063909895776,22,South,Affluent,46.42126613652851,2,0,9.807503970384788,66.80450156508103,2,0.43314314588556063,122.26024204302719,0
18.987047908839433,39460.83423197354,6,Northeast,Mass,46.6902634763991,0,0,11.534709139099569,69.93751463928454,1,0.21907081719521454,81.69598452366505,0
43.17900195476372,111377.3231043088,49,South,Private,45.167823051446895,2,1,51.13608175524574,89.84156974594089,0,0.20631028704602886,146.60239855761333,0
66.93035618351341,59659.458767268414,39,South,Affluent,65.68138208356865,3,0,58.087987001732685,62.64941925136873,1,0.5499080066566813,182.64489338789528,1
40.547508945503075,31916.459985953457,18,Midwest,Mass,50.41199084197416,0,0,11.96856918176422,59.334973248370865,0,0.24518139830793836,72.94440332371815,0
20.333736941899016,65549.38413758694,14,Northeast,Affluent,42.25512464788744,4,0,16.388888793285002,70.23731706968195,0,0.22927642516977975,128.52582543864727,0
37.05102544486753,14000.0,39,South,Mass,61.09199250373702,0,0,4.8168807008662435,36.24269801022656,0,0.3693997626710116,108.57732055164237,1
60.181475511987955,33934.97701520523,63,Midwest,Affluent,64.50923740259381,3,0,27.431657563141002,49.08837982214946,0,0.22598109181066675,97.94672704350613,0
46.70086995400964,42286.388797829204,42,Northeast,Mass,54.77301518930756,1,0,15.212180724621588,61.22741323649263,0,0.32098876919360075,89.71245754226491,0
31.514298631093528,17840.31087808819,35,Midwest,Mass,47.89238018339674,1,0,3.9472761458265744,58.27694986021726,0,0.1706712673897267,46.54035686236055,0
33.4344649102622,15683.29275185783,22,Midwest,Mass,61.617598812255025,1,0,5.692201002015028,42.210573232714495,0,0.4645201921589111,125.36203646573463,0
35.00374661062733,15591.131029893471,44,South,Mass,59.269507928697585,0,0,6.235177658274629,68.74574047373918,0,0.5934154192275777,90.61003829635668,0
46.51497355067495,99048.91579291693,70,Northeast,Mass,42.08198521651411,1,0,28.968794334234552,77.93047471199748,0,0.41009947752693565,49.20808993640221,0
58.72745166173316,35327.1992251446,20,Midwest,Mass,54.44462929323992,1,0,63.18660807340674,63.980191567144026,0,0.38944299087760886,134.1495091096291,0
55.15528765998964,47948.42678626584,16,West,Mass,55.83163302444097,6,0,24.666588020983305,54.75280214637001,1,0.5525094202790997,69.71315763519561,0
47.70015227636411,118486.29313654476,25,Northeast,Private,42.25478080293439,5,1,58.9947870874642,,0,0.2325183812867532,184.13800022377526,0
25.35444049928146,21338.44667460873,34,Midwest,Private,61.11480337946782,0,0,7.943967498010157,65.67696896286516,1,0.33915588622564546,118.13409228145045,1
25.400843575081986,17309.049968255942,14,South,Mass,47.6594287182637,0,0,6.227568796023488,65.71657458865803,0,0.08077662982644684,22.806141655251803,0
48.66565026517204,24291.19652145704,28,West,Mass,67.0309314839547,1,0,23.111534271046477,58.68929899620612,1,0.7795488152631009,146.6670633579311,1
25.181611275838822,14775.683487884608,19,South,Mass,68.38714064789727,2,0,14.228886984336189,45.7004719471377,0,0.38941695211218447,136.10513126106733,0
39.18041223664245,29960.76974973228,20,South,Mass,41.089212218481784,5,0,12.051098434931186,64.19330172378609,0,0.5479098858137925,84.12711384884305,0
45.80188057732721,31153.0175961716,31,Northeast,Mass,67.84997342365607,3,0,18.04197586161007,71.4317341719111,0,0.5031399043075995,170.31005021172126,1
27.780075057966393,94450.75152370402,34,Northeast,Private,14.98906574738735,5,0,36.233913516206194,90.36275918724712,3,0.06287486053717821,60.5635517809605,0
29.19672082051421,29371.668423913623,13,West,Affluent,35.974611513377475,1,0,17.784067891412604,80.41769176966109,0,0.271467249334107,33.14206574896208,0
40.823486692902264,56429.43311674884,16,South,Mass,53.463313406738095,3,0,38.19642205780895,67.50647480377283,0,0.6235850637936398,164.33358012511002,0
48.29562859405067,38814.36899520094,33,Midwest,Mass,38.31845487860594,4,1,19.272287932205295,76.91177408975351,0,0.41810279081640384,75.35316601836075,0
55.26898463017196,78671.28050706773,45,Midwest,Affluent,53.312939448767125,1,0,17.51020011200194,57.37760490793694,0,0.3515761233036409,138.66908950388984,0
49.5881679346319,33441.64238629263,46,Midwest,Mass,69.90869969529712,1,0,15.143798332491748,35.41590112696703,1,0.5227952834183612,288.2538578991902,1
42.920707437402434,42153.39964011543,19,Northeast,Affluent,42.79741979399376,4,1,32.869677339475025,63.8376033192969,0,0.21083448722802023,32.68366960134103,0
32.67256558053688,23253.442236364433,14,South,Mass,38.88884459984152,1,0,9.00602865835594,,1,0.25948201755874345,39.2556261244212,0
28.61366255194351,18331.245371264216,37,South,Mass,57.211538154108595,3,0,16.826300303380123,59.310563180104594,4,0.5957382772603632,242.1061398577804,1
35.614036395885655,40897.039160976085,39,Midwest,Affluent,67.60348464044617,1,0,11.129060316448282,68.22513103033364,0,0.6629027862225367,223.8299657247339,0
47.12419481225709,54751.24907557964,29,Northeast,Mass,46.797396545240694,3,0,21.10128381445072,83.03398355584034,1,0.09017289836208141,92.30107584969917,0
46.20779633284179,43008.132900435,63,Midwest,Private,63.50442138476405,5,0,22.492572807371978,,0,0.45901830099926133,93.54605078158868,0
18.0,14000.0,5,Northeast,Mass,58.860747087112074,3,0,4.621740731188783,55.35824436946905,2,0.6254615554212147,459.7118021543011,1
32.17903714665621,73090.2329890943,21,South,Mass,38.56417853335202,0,0,33.37900225987051,68.62620116194361,0,0.16785704778118887,40.42447284581294,0
57.05634439507695,57847.26535526962,7,Midwest,Mass,38.77973686357378,1,0,28.19374436559122,76.27308340067795,3,0.249561351403242,102.9549308403372,0
42.990188097551744,46917.225795398685,27,Northeast,Mass,76.92359796374839,0,0,14.357171646420154,58.326741171946544,0,0.8114617963749985,545.2549498213132,1
24.287388586212675,14000.0,12,South,Mass,43.269582145224014,1,0,6.487819333684241,74.25438296695738,0,0.4741721713066104,73.68752841601648,0
71.44776476997689,35444.4390212819,43,West,Mass,61.03955588590548,2,1,22.504031278485716,61.89731301034212,0,0.34712340726763324,136.50707021059236,0
41.63822834606544,32702.072214701224,35,Northeast,Mass,75.78352376975424,1,0,31.330124848515236,71.2202215100626,3,0.3890213371422562,184.4326756899093,0
46.8041744914176,52940.466705498366,54,Midwest,Affluent,33.55494093835504,1,1,14.505627405718885,64.58517388444707,0,0.11899668152600426,38.24280266726269,0
46.99405945056418,55594.73999780663,25,Midwest,Mass,52.013745880637714,1,0,25.502963979262837,73.1163170500425,0,0.19695326499837124,84.58766345342181,0
37.405056672997674,86780.74126770046,13,Northeast,Mass,41.72533305824466,2,0,37.65271728309558,66.984541016643,1,0.2414483243161788,100.86636610957888,0
32.90532897723257,15193.174392117062,9,South,Mass,59.56625733598284,1,0,10.009341618976084,52.598768052750124,0,0.8007031091172346,63.63971118645196,1
68.52093731332425,119374.39041178755,19,Midwest,Private,50.105149780937225,4,1,57.51487909672671,56.73713257739627,1,0.0945749268733577,156.4414831861572,0
54.54007337022188,65389.28370354206,83,Northeast,Affluent,49.027072816363535,2,0,18.4114261167699,67.02553092727251,0,0.2739560418664571,94.38827924576766,0
52.27421501385845,42187.133319732406,51,Northeast,Mass,49.6522929931093,5,0,22.837270099290137,74.30551977105588,1,0.42628670240300087,124.95454666425798,0
49.20361489647763,19688.935969129234,40,South,Mass,56.575585601383054,1,0,5.799142493461442,53.72098549042444,0,0.5458253331137448,158.55252248693435,0
29.45853262047894,129148.55289225906,18,Northeast,Affluent,44.78653365157664,4,1,63.31914861389439,77.08827435225693,1,0.19035529256298028,228.32100409701528,0
57.96912739675342,37247.0967502597,30,Midwest,Mass,44.37200803296913,1,0,21.30995368091514,72.54984923373229,1,0.09553888497473204,60.95196574315112,0
31.460841774853133,27429.000474019467,29,South,Mass,48.61169572171996,1,0,12.377942918255497,69.29762215246589,0,0.2445476038465847,80.777090922291,0
45.54108497688307,36020.59892433121,16,South,Private,52.041594349896314,4,1,29.486186980032652,77.10838444438716,0,0.3928943682352484,92.74263677095972,0
21.50762618169289,70843.13026851365,14,South,Affluent,41.57038166836653,2,1,69.14592360716752,60.967507709923126,1,0.18567031272487955,189.3716139128651,0
18.0,,17,South,Mass,27.931834633635425,2,0,22.953091510970648,71.916376525626,2,0.13492800417443293,60.20522874456265,0
45.978640033163934,21387.104144839777,25,South,Mass,61.24467180691615,1,0,9.157239413136866,74.10109295602662,0,0.7523776107330274,202.85725212757825,0
31.88625916006365,87223.31409604115,33,Midwest,Affluent,52.08292630115169,1,0,23.454614557480852,74.32186686539094,0,0.15709433435448075,70.6131628069056,0
18.0,22958.632967870948,10,Midwest,Mass,28.257052889935814,3,0,7.876904119149658,66.6377289985848,1,0.26196098369043996,46.73769164702222,0
48.75761878683844,85341.00565240736,8,Midwest,Affluent,54.63057132044845,5,0,33.11756137227541,81.2341403488918,0,0.5779997499405779,462.3620247589949,0
68.50100963813486,14000.0,44,Midwest,Mass,72.24451695256253,0,0,7.256247844655301,70.05816481339475,2,0.651823171107702,228.1697226803787,0
59.36950323225077,39575.38227083948,42,Northeast,Mass,49.024215478954304,3,0,35.738963639996186,74.89215470979758,0,0.16261349877398895,33.08391191529992,0
38.783526434179095,14000.0,17,Midwest,Mass,88.8219688680166,0,0,13.850977080770376,39.79128029309407,3,0.8184393419089544,1720.8975101468743,0
42.11056633371182,21704.9472693732,14,Midwest,Mass,60.607742259815566,1,0,5.009578080461907,70.13589894470762,0,0.3799204772475128,70.46295236350345,0
53.09632820979891,34921.15979418856,34,Northeast,Mass,64.63059387196077,2,0,10.514794217485871,70.08539822190244,0,0.6714569107429836,97.7801012923367,1
56.02660024793634,20989.42174876385,13,Northeast,Mass,59.371412927351834,0,0,11.392456325382746,38.423487527526866,1,0.3310236546398816,51.83034149192461,0
37.70580351467876,57239.5971072024,27,South,Private,40.00859754702404,5,0,39.598286648713625,70.97705952755685,0,0.21217951274975347,165.22567831859394,0
42.427221446557176,113257.43310397616,52,South,Private,50.65394784156124,3,0,47.94138967983045,62.710899544204345,0,0.42434322453203016,168.9374468829424,0
45.757685084556705,14000.0,48,South,Mass,80.21515612681787,1,0,12.263032386065694,43.82317266271907,0,0.8039001127913606,297.8460448070931,0
48.923454003485396,22214.998701961216,55,Midwest,Affluent,70.61337677659888,0,0,11.065642784284522,,2,0.7922345626488727,114.62758136407383,1
40.33654447485917,25512.63820982138,15,West,Mass,74.21122486349665,0,0,22.096139799146535,38.942533094928784,2,0.4234056775543836,424.5182505114368,1
40.498934436640695,,13,South,Mass,51.52075815023271,1,0,10.905279766861613,51.663366498261105,0,0.17595947311668259,60.17928031137788,0
59.24790412192985,91083.38730644029,48,Northeast,Affluent,27.403878317378815,5,1,51.23936922607507,98.69893848972633,0,0.12141563636376368,34.559497029169016,0
57.11900878053608,20652.735144749335,38,West,Mass,78.4520569051016,1,0,6.723444644216705,57.505793115825426,1,0.7786958659227442,417.7465153341994,1
47.9676321679511,20861.218281418638,42,Northeast,Mass,86.00369698047179,0,0,28.977086215576357,25.274634163189532,0,0.6829985084703024,1010.491073300121,1
63.488863375286606,31778.54802471099,35,Midwest,Affluent,64.59409539977023,0,0,14.894372224514484,59.59804001836329,1,0.34304290967984385,90.40557622115928,0
37.169427972169785,25877.559052766454,23,South,Mass,47.668493049605004,1,0,7.275260356485309,80.70956611371967,0,0.10388044307789883,19.34844648361575,0
62.28716810786726,19814.896236707482,42,Northeast,Mass,48.357503353026196,0,0,8.253116204982877,61.14357956434997,0,0.6607107518819644,47.59745700330049,1
48.78144304419438,82197.41812524192,35,South,Private,41.66342939043384,5,1,55.80705385963265,86.02728329532583,0,0.28069857139412757,92.69997602094455,0
79.0,40672.79265516943,21,Midwest,Mass,87.03798316025883,0,0,23.495864533743934,58.684178409383804,0,0.8478089066567516,1865.0631829751694,1
27.093975915219026,26739.572738340918,14,Northeast,Mass,65.91810080962442,2,0,19.456246466749167,39.51023743529419,5,0.6035757070735045,622.3318713643806,1
33.38318434728323,23364.68295327532,22,Northeast,Mass,71.40277480222373,1,0,27.406236609675375,56.84238890309428,1,0.4616200224018388,321.96312199858045,1
47.23497285250684,36757.707335158426,45,Northeast,Mass,67.26735692442561,0,0,19.46599185256903,56.60240759478249,1,0.23219905421866754,60.90582375773239,0
46.9654256622374,42485.61214055936,51,Northeast,Mass,30.058585843663437,4,0,47.53069105581659,59.44307693600467,0,0.06402838075454584,32.46801288230349,0
66.37673730218773,26530.30181134893,46,South,Affluent,68.31231597460484,3,0,10.57396476548444,45.355314665463034,1,0.6832434622785629,150.97690276411717,1
33.64531645875583,14000.0,27,South,Mass,71.04420921826022,1,0,15.946789636089747,41.05470839312938,0,0.6817132672004859,1009.1095865341239,1
53.31148148367355,72080.04188235497,78,Midwest,Affluent,54.645709329956155,6,0,27.053641745202004,60.140704717232055,0,0.3920138508832702,175.01978022330127,0
56.53078755852495,33730.65754997013,88,South,Mass,48.172873255980804,0,0,11.552289875726608,70.44876108890088,1,0.19420356965546953,78.01530584091249,0
50.80809790275809,43308.558405154654,40,Northeast,Mass,56.52818403346488,1,0,21.941956793975294,74.56369899035849,0,0.23317950165458237,92.7964645080395,0
29.987545725946,21875.090836919553,20,Northeast,Mass,57.70770056910861,3,0,12.63348698926751,62.61916413491944,3,0.6149139771411933,202.37406694977687,0
59.59698506567747,73394.89191947984,48,South,Mass,23.094696200557916,2,0,21.106285671358258,82.21589320048541,0,0.38939184445639186,31.48218189031666,0
57.36656164144267,38173.37600894154,51,West,Mass,42.511580740147,1,0,27.64943534971576,60.72772644202335,0,0.31091383523253485,50.73675399528634,0
49.49480649737972,142361.46474444016,57,Midwest,Affluent,42.95184981306897,5,0,43.852119286386134,75.52975269847924,1,0.35164984279998485,104.21514029095108,0
44.55434609011193,16650.386975991176,36,Northeast,Affluent,68.97984096531495,0,0,13.553113451890509,49.77585307228973,3,0.668412699901698,431.1179522839843,1
44.82635012555464,33621.24069715921,65,South,Mass,53.34534591650427,0,0,3.503306650317278,61.39395433860819,0,0.33265373345450727,105.18908081570399,0
41.01580259700778,16427.338504648982,52,West,Mass,68.84382643814762,0,0,23.832361739418356,71.04516245238491,1,0.8352250598446604,182.04744433110812,1
50.009814178158024,62221.48334649959,38,Midwest,Affluent,30.133821368636493,7,1,20.850896897058902,56.0533457158387,2,0.15771333726587466,40.88595833438168,0
42.38918566181222,42572.059342312146,30,Northeast,Mass,53.630839279899114,0,0,16.361362914108582,42.24517199757635,1,0.6176517098391425,78.2604328728664,1
31.393437808091985,27994.599300439662,18,Northeast,Affluent,49.268513950963374,3,0,8.25428235232319,63.48438674563997,3,0.46127497751699587,166.2483580585926,0
28.892604439655102,23819.10629270417,22,Midwest,Mass,41.58319399700746,2,0,9.0566074295992,,1,0.26950676907005716,79.10485047798501,0
32.59954682934635,15575.237435069379,17,West,Mass,55.138941447281205,2,0,8.116269237824753,45.516220254511154,1,0.6271800561905911,214.006949053144,0
44.77665303186815,,23,South,Mass,70.8198567800138,1,0,14.009196613545878,,4,0.541639667557224,628.0845034332709,1
41.66305204455991,33769.92786993416,39,Northeast,Affluent,44.07038411829298,1,0,10.005499542352668,,0,0.3152143017339728,79.36950685423172,0
44.69179741610937,82987.25971999679,18,Midwest,Mass,35.917672350335394,2,0,30.185006944737168,,1,0.31974916712959967,64.05390653400455,0
48.26016416932639,45224.26524463304,56,South,Affluent,52.200807536189586,3,0,55.47639538821942,76.46102839306083,2,0.5464767319964228,236.20887311427242,0
34.158488426039014,48846.333017731085,30,Midwest,Mass,49.78568358459721,1,0,33.71505577079121,84.14061440341634,1,0.40360514558036814,53.69577053883023,0
60.32075210431685,65777.66493296436,87,South,Mass,43.54993654377587,5,0,50.93480171952433,54.237954042020164,0,0.03956125195575168,43.00635739375868,0
38.65361466190657,40106.37721000453,38,Midwest,Private,53.95672338895037,7,1,28.13032087063739,58.52935669437362,0,0.3658430649440642,237.47737532647952,0
36.58216269023114,33351.768778563855,32,Northeast,Mass,26.34782552948276,0,1,16.089878212945475,66.03831428859246,0,0.1815641151706425,19.001973063518587,0
48.02982796665565,34131.22168527296,9,Midwest,Mass,39.77780991006188,2,0,14.54856166336,82.71638522823834,0,0.20101520908705572,42.93270133585494,0
19.04362247031159,32921.40760920516,14,Midwest,Mass,53.45908054916972,1,0,11.148209981364849,63.086772911254855,0,0.4933861330820257,153.5757569266473,0
32.11831937846351,21985.08402207298,40,West,Affluent,40.62269079036372,1,0,9.649250670354846,65.87233219355201,0,0.35177110908159465,61.62237246039274,0
54.26340998364791,41313.84536014391,40,Midwest,Mass,32.84292457706525,2,0,17.496470959240643,80.03705357919645,0,0.1911617453539142,34.85250080179857,0
20.282225886723616,,8,Midwest,Mass,71.7909348760187,2,0,17.84318687995737,54.279487397145985,3,0.45131410214707285,427.5710539038892,1
55.969677461664446,72470.15643958378,52,Midwest,Private,56.122321996135476,3,0,21.292945724295457,53.60934918550574,1,0.6050012739890347,254.01249329015727,0
60.88920707948918,28051.498113074533,65,Midwest,Mass,51.02700758966745,1,0,6.63575913529293,72.99676659881423,2,0.4257973425986461,110.08711939893668,0
37.38180827720315,58241.34034417385,45,Northeast,Affluent,32.38508132653922,2,0,14.331149751805508,70.32289202932729,0,0.2616532646356664,33.30258565999989,0
45.64765959282887,70869.39306029353,14,South,Affluent,50.855290926871454,0,0,13.902075969941984,47.61462761855449,0,0.5124636637309203,170.15467361680493,0
55.98858856063784,41758.628584264814,130,Midwest,Affluent,55.69228645518392,1,0,18.724062368105216,72.25947062266435,0,0.5930031278262731,256.0521051181239,0
36.165135149456006,29004.764947000433,22,Midwest,Affluent,71.31005387070205,3,0,36.66421197162888,44.76122187022089,0,0.7909527455792409,1230.4884716961515,1
52.84719400657727,21479.778654295365,51,South,Mass,56.14897245804638,0,0,12.650564712632892,62.63473721720957,3,0.439385726178159,67.34347487541059,0
33.6106400608666,32652.3641574887,38,Northeast,Mass,57.98537143582608,3,0,16.376619171468548,59.755144789594745,0,0.5584917919884438,112.62794317381334,1
36.02997133333526,24162.00801661739,26,South,Affluent,40.63769815639397,0,0,17.410388297170414,71.07829018021029,1,0.38199279571282163,84.46198902346494,1
32.00829419593783,43320.77912269533,45,Midwest,Private,60.17876579739614,3,0,24.7888682517768,61.73761143255052,0,0.723612916020514,294.1580381910876,1
46.28308998993504,35552.08219347818,13,Midwest,Mass,65.63106488122561,0,0,10.11592225139135,50.07088934245819,2,0.6153186930873898,356.6969707955849,0
56.47461315706937,81137.91204478676,14,South,Affluent,52.471041050577945,3,0,34.32155160403057,60.113916525341516,0,0.40047965601078844,431.739404237881,0
39.698588348535445,31823.60750519681,43,South,Mass,52.892455450235595,1,0,14.742293288410792,69.52493173753189,0,0.6523746387822592,89.62607437386228,1
26.109385501094962,36767.80539911643,31,South,Affluent,44.51253681316707,1,0,45.11702860153252,70.22711128567629,0,0.10212321333866188,81.36567725299174,0
28.466164721414806,24882.009720150272,22,Midwest,Mass,38.65862144584013,2,1,17.327183491110596,81.51843362826722,1,0.3588265344837359,81.5778559221764,0
46.932492767131755,19371.739766959723,46,Midwest,Mass,66.37032093871474,1,0,11.339927092105551,52.06052344226077,4,0.3966269464053968,146.15470518815457,1
65.05145516742837,29585.684287030417,95,South,Mass,63.55615549127668,4,0,30.34401057421704,64.07743953906967,0,0.8241112256886547,74.27149092803751,1
46.92156249142997,,61,Midwest,Mass,53.95112428438068,3,0,18.23630641855056,49.757308541659185,0,0.3705579313770692,81.46457218444262,0
37.16379311685934,31928.018147301587,23,South,Mass,51.41909361329873,0,0,21.329387236815375,63.392373873888154,0,0.21910507567021065,75.63783157869949,1
51.57729958562855,22919.185380568768,40,Midwest,Mass,57.977743891877815,3,0,25.56198214038167,57.99865747105242,1,0.39777117328264894,103.12162019097606,1
39.00626705516567,20653.09624704159,22,South,Mass,60.64122632027191,5,0,16.341713239098578,76.2017071053199,0,0.26439702812910953,53.1368400854527,0
37.27143478294742,,20,Northeast,Mass,62.448838579496176,0,0,12.72102946103633,54.621010099683765,2,0.45295992715849126,329.8238712464347,0
30.019261178809206,98517.87739931651,35,Midwest,Affluent,19.440332482545443,8,1,121.97553361305161,91.22085242815054,0,0.08346690776902493,79.97746644271523,0
59.605610553079444,60595.71389469398,38,Northeast,Mass,55.92722808479357,2,0,11.996267198336888,52.368731500943426,0,0.18509374020515892,41.828758474493476,0
18.0,21760.131444856986,12,Midwest,Mass,58.533223122312634,1,0,28.34857187712191,61.63239255212486,0,0.3081589367357896,44.107762224098494,0
51.973240003490865,139465.56221152827,36,Midwest,Mass,26.947929409424546,4,0,36.74934501350352,71.17091448886475,0,0.14527068889482928,48.6735939540585,0
36.203188277530785,26677.900699550522,27,Midwest,Affluent,42.10714460026546,3,0,24.059362704819062,90.80218506535783,1,0.16220180407254878,65.21641342667165,0
36.87074085685484,39513.4177680671,18,Midwest,Affluent,49.482660753370645,2,0,12.084512016873123,61.131338844991674,1,0.10810734281182956,58.5839797007879,0
63.15393945147265,87876.61537631728,70,South,Affluent,47.56291062538049,3,1,53.12768335335549,76.51308041798889,0,0.3224744610588132,137.92930764700978,1
33.07336134749936,14000.0,8,South,Mass,72.26140505983359,2,0,17.448129683136838,,0,0.629675937419515,327.26539186827927,0
33.499135574644875,34243.92603828156,35,Midwest,Mass,58.8660064575324,4,0,7.066531120530661,49.27182458408773,1,0.4338206612263474,99.84522376555034,0
40.37007201350587,39638.800721732994,70,West,Mass,40.02808639018066,4,0,15.587973830399923,65.97229202231105,0,0.31352113171967333,31.2986002737579,0
47.17309232265298,108930.38260671055,35,Midwest,Mass,52.8645344160948,3,1,13.70471792544074,77.45984608399266,1,0.49691787972231233,204.84989030356843,0
36.47680272133913,93326.38075853589,29,South,Affluent,62.69168218577472,4,0,29.194289633800757,60.14416613407068,1,0.590609988091662,417.42905338551975,0
22.32676336830143,30055.300129291038,6,Northeast,Mass,40.8920987960241,1,0,8.162157381499604,44.629775577977625,2,0.6307076806814281,128.19898610560202,0
31.178772738977933,78554.40008644435,19,Northeast,Affluent,41.198313277485695,2,0,23.674514931116224,63.7584551191558,0,0.659946524297134,85.82927362271224,0
58.01667320580649,37774.53319094884,61,Midwest,Mass,54.399693586291846,4,0,57.22036042681362,71.31532353840707,1,0.21582561632839303,52.954478001885946,0
42.93470986419389,68965.23828992434,62,Northeast,Private,50.37182215796411,8,0,91.01893217600565,72.99582531895261,0,0.10194023473508135,137.47505146801447,0
47.638591046297776,14000.0,35,Midwest,Mass,70.48376772279718,0,0,4.019280241534574,68.44338280993772,1,0.5121762115991302,238.8724589354305,0
38.73223491033703,84156.18518606733,40,Northeast,Mass,55.97136052467784,2,0,40.73476666830939,56.16843892654936,0,0.38753026395204226,179.000713543774,1
33.75627879783413,20961.50370275179,14,South,Mass,64.21056850171857,1,0,17.048296983211,69.00074342643087,0,0.4589675749689046,163.8953336835117,1
62.969618123442636,165456.34809035063,67,Northeast,Private,40.52041583522962,5,1,58.92219244324914,81.33558260346868,1,0.25487202190639113,140.48838295294362,0
39.64760178686149,47774.51616425666,57,Northeast,Affluent,53.03391234789707,2,0,22.808592713672276,80.22577367827243,1,0.3083316523390504,71.43974628992768,0
36.45787650591092,14000.0,31,West,Mass,55.0336537375032,1,0,8.95464203193994,60.88778408889736,1,0.30325609342241855,65.27865503890662,1
55.70177957944175,41483.56082898575,79,South,Mass,46.350360869968746,3,0,7.185289958465667,53.14070890931786,0,0.18367895871554885,34.48741151692781,1
32.97049551415768,48515.95051548001,46,West,Mass,25.651231612717822,3,0,12.712329452827312,81.13220209941251,0,0.16686883834777153,37.93365055592889,0
34.56590820282504,34282.657086165855,26,Midwest,Affluent,79.93209009311293,0,0,23.732896081175575,,8,0.86331136513207,1847.7848580462355,1
42.12808355021122,50808.40686490006,4,Northeast,Mass,41.93139842361619,2,0,18.361112660560952,60.622017856617255,0,0.24610147664292312,68.60186808566372,0
42.00337630110224,31055.153097147628,37,Midwest,Mass,77.04704315529158,1,0,10.642076838745664,39.717573537543196,0,0.5772992135274118,1467.8765580358784,1
45.24514184879018,63812.93861266214,19,Midwest,Affluent,63.56083262136865,2,0,16.10171310590562,79.57778638965974,0,0.40944278010638424,257.7105535184029,0
68.1458636174436,19435.09221675133,11,Northeast,Mass,53.178112428567324,0,0,13.501769980352098,49.190040545025,1,0.5422940731812523,107.36154215543904,0
46.20310307940463,49901.81843646814,11,South,Mass,46.677654550798884,1,0,18.194297425321157,90.11464854566624,1,0.2488927403876541,80.33875446492809,0
18.0,35651.57523034543,15,Midwest,Mass,37.14092733563132,1,0,11.807549390174714,66.15541942537791,0,0.11647049814254236,26.669061730918312,0
46.07873679289451,77224.28862747179,41,South,Mass,49.11055998639324,3,0,48.36288187085927,61.568022344543486,0,0.1310124954635497,59.045336784904976,0
42.47349993111999,74612.27394875315,33,Midwest,Mass,69.6482248416633,0,0,21.061589599911578,69.28218811304717,1,0.5574050716108649,237.9093748177878,1
42.54312530439322,31161.400868377797,40,South,Mass,64.18959070093064,4,0,27.036665119330245,60.821736573415656,0,0.46804210139597413,104.03858886267923,1
45.074341367452135,32127.27292380053,12,Northeast,Mass,59.630074800034755,0,0,16.559972436266687,56.78172648083693,2,0.3414274360752435,180.85345930991326,0
41.64152140406501,39086.43713357416,26,West,Mass,35.19377019414827,0,0,23.403467055136435,56.94191256510965,1,0.41585230303558124,58.284779054716836,1
41.34234883680764,64445.24608668294,21,Midwest,Mass,44.010725820224096,1,0,15.802567355922616,65.58159643089776,0,0.4799677879576114,92.4405194624274,0
49.66305262213483,24372.712330934788,36,Northeast,Mass,62.6201108923107,1,0,31.163902313987577,63.8725615346117,5,0.3560936604610923,119.99077918648251,0
35.22399003506874,26017.761375535058,25,Northeast,Mass,56.02123979725349,0,0,5.9761164947985135,49.151964551797754,0,0.6058525071595525,131.21838244400888,0
30.153920804510307,25876.369589474165,23,South,Mass,59.45981591706882,2,0,27.38864967085841,53.552208506001556,3,0.14953574035156414,104.53082689301549,1
79.0,21588.279985862453,78,West,Mass,61.07731612391842,2,0,9.97398984267695,61.31972334233923,0,0.5761580532412681,45.73118655743256,1
33.051781952734586,,8,West,Mass,49.065926022999136,1,0,19.95036842568727,59.529049086286584,0,0.29336002498701175,96.5873818981527,0
43.251786405750956,14000.0,22,South,Mass,76.29125586454971,3,0,24.143637010245893,58.22066776533789,0,0.8702381647722947,632.7219146080023,0
23.30424686405791,28832.563663818255,17,West,Affluent,53.137151632377645,1,0,28.571774292153275,54.493950301066974,0,0.31082435443431433,92.81849519739217,0
43.45585518814278,,17,South,Affluent,62.378070922217454,2,0,11.816525765178133,50.2519136962872,0,0.47682492236461194,139.93945118592555,0
30.33468061638331,50040.59700185578,10,Northeast,Mass,21.38296560559027,0,0,24.86075265826034,97.55923272139486,0,0.11552968101667849,29.148340907858348,0
36.469088214374864,81664.27224288936,10,Midwest,Affluent,24.235898681931204,1,0,58.99838225111688,71.97960871019198,0,0.11213441734094284,50.11011904199687,0
55.06330832213905,21065.636240923923,18,Northeast,Mass,56.19163501195807,1,0,8.819459414665012,53.602103888184246,0,0.7822095659816691,395.91633572926435,1
47.90011960472592,40056.43181374674,49,Northeast,Mass,60.95522991605042,7,0,55.69863729269992,54.23827836183171,1,0.4991566045767121,351.130853735568,0
49.105119057185235,35295.84314505764,14,Midwest,Mass,58.67432178894746,0,0,15.383124020329747,64.9257692941187,0,0.5640103571169447,32.784415624368634,0
19.859939520101715,74948.01093878564,5,Northeast,Mass,23.38546171305922,2,0,17.39377539638485,74.22168584986075,0,0.11522776719676982,41.7647439171913,0
64.96118962286266,49827.28171369754,50,West,Mass,64.08806425238782,3,0,13.867555274970373,72.95203807420614,0,0.6129212320839719,185.10565504684646,1
27.101483613226563,16289.684234382217,19,West,Mass,74.48140207611347,1,1,12.50614536901946,,3,0.23793953247308813,199.82313322434453,1
61.10701017867331,20100.250434175206,43,Midwest,Mass,83.70280626408564,0,0,5.33766804991431,62.531008106707276,1,0.6036701993040442,897.3544952083538,1
54.76929832476858,25514.297296385725,22,South,Mass,61.4080681265121,1,0,9.940294522597517,68.68142196776817,1,0.38121232506068237,213.5721381835441,1
49.216659272308505,41783.08002904276,17,Midwest,Mass,61.06668251673071,1,0,12.629912557898857,66.53727904074374,4,0.5506540818156731,96.42632322909255,1
31.31269023864523,21091.90719808704,20,Northeast,Mass,37.03816057621896,1,0,5.629307022290301,69.52312941618874,0,0.30038355827450264,49.19450829197423,0
43.89487306024404,66158.14269707553,29,Northeast,Mass,36.76816819460378,1,0,40.80855641457219,74.74454413573683,0,0.12205210054563079,116.15311036693227,0
36.11348236693925,55662.57974757902,27,Northeast,Private,45.36005035617281,1,0,25.932987206864397,54.8394136729311,0,0.16066552531924613,65.26782531359775,0
42.36299464381615,47250.57208558362,39,Northeast,Affluent,69.23465128561519,2,0,14.528686748965551,78.33260799992432,1,0.4442874648175955,256.4644722694827,0
38.8765967614305,30757.641580692445,25,Northeast,Mass,79.69550270061146,3,0,24.034102751543685,46.078630177962474,0,0.750894840208014,480.31111270828075,1
18.0,19017.218718581527,4,Northeast,Mass,67.68524758023649,0,0,15.537243588351515,46.75484726433769,1,0.7084174097855759,469.3397729274361,0
56.02230188730735,134743.74921744328,41,Northeast,Private,55.7963503790855,11,1,95.64330919573354,56.380385220320946,1,0.3645106771990357,1086.4692464823524,0
40.98616054313298,67285.58169429822,35,South,Mass,44.486797429781774,2,0,12.692226427164574,58.47932752046717,1,0.17921694831839746,57.12610446495285,0
35.939995006222034,17526.080534604585,21,Northeast,Mass,62.46719694535755,0,0,14.966207745711058,65.19718625103081,2,0.6122435565972958,172.9498937785744,0
34.99590958962791,14000.0,28,Northeast,Mass,57.683208453981614,1,0,10.218665500408664,78.31586605792907,1,0.3242390301961705,51.56017980275032,0
46.4807447045846,28178.617386471473,45,Midwest,Mass,53.337155148958146,1,0,9.47130123938874,55.28338294364697,2,0.5075224563314541,193.95735042111423,1
30.828045771319097,20012.9622804832,21,Midwest,Affluent,66.59612915464818,1,0,15.126722556876075,57.391273144370885,2,0.5972494614668702,211.6833819207861,1
18.0,14000.0,9,Midwest,Mass,58.90464154327729,4,0,14.980913746809929,57.71971436541335,0,0.4298681185736151,104.16820412005593,0
47.08912254010345,102750.1131479338,36,Northeast,Private,55.24814995522821,1,0,58.894771464934145,71.1483776038157,3,0.46655033660737066,611.3289344298497,1
48.488787474460274,32223.06229206412,43,South,Mass,65.16596685850364,2,0,15.071990681036747,80.8928533233752,0,0.47283612485306786,128.62425580143932,0
39.504602191529585,31841.484568155876,25,Midwest,Affluent,64.45002654104924,6,0,23.66323557966808,74.87435536222706,1,0.4850192530158995,236.3778664342419,0
27.65121406012489,28784.575403606592,20,South,Mass,39.51676592728201,1,0,6.780141779556282,69.32482591544253,2,0.08808568196907617,44.80776374125408,1
43.111694261116064,,36,Midwest,Affluent,48.06247683357025,3,0,11.339462260592091,67.77902686390038,0,0.46715521239679864,107.59516812630415,0
23.69334539608014,54381.79639335109,5,Midwest,Mass,48.715184597296115,3,0,15.386355066290644,71.50968868385495,1,0.4024918891917922,117.2206888274179,0
29.15961754140426,25082.21031581009,23,Northeast,Mass,30.901985149637362,4,1,32.68810466842301,75.96505816247497,0,0.23302464722042926,23.233994280063047,0
32.61627579369799,14000.0,21,Northeast,Mass,74.2131877354503,1,0,9.158651024340472,39.21103690557594,0,0.7233785836281633,288.30940078692805,1
52.54923838614445,123648.5954480115,80,Midwest,Private,55.15426364678458,5,1,71.5973594669261,58.98262894187814,0,0.46807599438828723,767.4366179346274,0
37.46736311953853,17633.20177286208,13,Northeast,Mass,78.67706002902646,4,0,26.622878421390176,63.65283016601166,0,0.6971365308001076,265.2080884684978,1
36.40166985279424,33932.91245849678,25,Northeast,Mass,63.80163289804652,3,0,9.097096476861733,72.93588982687163,2,0.40085631284583273,101.62707722643542,0
66.43365644264058,18349.33359604035,37,South,Mass,77.16546727982418,1,0,33.63915319861694,52.236308356462956,0,0.4257904860618259,153.53146777722472,1
46.405781214858926,45771.2305273356,12,Northeast,Mass,63.18690635375675,2,0,13.276750984207375,64.86912019419434,0,0.4809892068786235,141.99219374492418,0
46.23743138093533,69744.35166045239,11,Northeast,Affluent,49.57588254067996,2,0,14.095209965571607,73.66984139959649,2,0.16908877176078757,192.1190174656086,1
37.37874068489032,44221.33256485924,48,South,Mass,38.585163757011344,2,0,18.040644955980333,54.17624846645958,0,0.2646925519461452,49.57222927363629,0
34.54535415454028,26938.17261877525,26,Midwest,Mass,66.51133605805909,3,0,15.873224192235995,55.52931881102534,0,0.36231236573391895,50.87341979773356,0
18.0,25232.408839948235,8,South,Mass,50.723335723847576,3,0,7.9992478345746445,79.64377834727918,1,0.29978290190113793,116.55541775813592,1
54.10925664904448,77088.0689954487,17,West,Mass,32.01642521204245,4,0,80.50437080749607,73.98949906756772,0,0.22482009581103157,68.20639661788624,0
47.60387132195474,15199.334450269673,58,West,Mass,61.33275395868709,2,0,11.152220467455523,51.89364791761088,0,0.30815834649085255,75.39907031198828,1
39.760425084832335,17198.692750004575,18,Midwest,Mass,56.48236565905013,4,0,13.414841488556789,61.98890716697825,0,0.4668837959330794,85.27435676549604,1
40.284666227046806,14000.0,29,Northeast,Mass,85.31424953389836,0,0,5.604186289343553,58.07001320200516,0,0.6941066787317061,405.49501072721984,1
51.201803278263185,,35,South,Mass,66.59836093595638,0,0,7.501888617117489,32.84220119238924,1,0.42004936900058676,130.14896161840034,0
22.566124086501837,53406.73276492141,48,South,Private,52.00482341382558,2,0,48.028111213248714,66.41742638529013,3,0.5228843308631694,176.88986142865807,0
34.626483355577435,34854.14714271447,23,South,Mass,64.70333350990751,0,0,8.443609660558424,57.500157308824704,0,0.4173899947944925,130.30506293056968,0
27.79621421384337,22135.023034902035,14,Northeast,Mass,41.83427290507939,1,0,10.29435767879247,44.979649045245985,0,0.47252432624091895,58.59270599547556,0
64.14386603108433,30468.322934397864,52,Northeast,Mass,53.628592845474884,4,0,13.575936182682728,65.57299863348135,0,0.5890674605311241,54.135210363526646,0
52.94569414816626,84727.56893739982,54,Northeast,Private,34.40961932214575,7,1,77.70782720031005,78.40005854448457,1,0.3616046742153814,186.6978189048968,0
18.0,,22,Northeast,Mass,40.07073494221773,0,0,5.419017487539469,60.05880383650183,0,0.4683647437474737,98.84324529258946,0
23.077979667000307,48496.71729473709,14,Northeast,Mass,43.1585220165256,2,1,36.23276100342284,70.99926785524022,0,0.18605286195119353,71.86925839481046,0
40.34567908303142,61421.74690150551,15,West,Mass,34.77268456964876,0,0,19.751940864308548,,0,0.09775107419769119,35.62650289843088,0
36.094497349094695,90257.17853826206,23,Northeast,Affluent,62.638864538676415,4,0,50.04736616165021,48.05765729349826,0,0.4018323782686691,185.73116556734212,0
25.445222399038897,33104.80280958451,21,South,Affluent,60.163168046298665,2,0,7.9893189303243295,53.459330699742154,0,0.5640685075430248,121.46927893711502,0
66.30952797063111,73434.08164461325,57,West,Mass,45.03640834316572,0,0,21.101182763397617,84.05473063885313,0,0.21336221495857843,52.856881355556645,0
45.90674892478224,14728.314416965943,12,Midwest,Mass,48.08123718708173,0,0,7.126004836554229,62.6229982668616,0,0.07287381236829137,43.33006939314803,0
47.935204035788644,14000.0,25,Midwest,Mass,63.60317915722868,3,0,14.610082147178378,53.59634065408033,2,0.6876921383504372,252.28719426157954,1
33.349813134597326,24177.124755788984,47,South,Mass,65.35290288329949,2,0,11.35493977657314,47.14506131688651,0,0.6485289278014267,197.13196991395336,1
51.02842683972503,23336.544499088403,24,Northeast,Affluent,69.57664275157751,5,0,17.725544291371122,52.30436752829763,0,0.4817852756991743,332.73901267081555,1
37.24459048772485,18218.457679451585,34,Midwest,Mass,58.659875557182716,0,0,8.340447660251836,68.2434314081127,1,0.5495865042848839,161.48945879467942,1
38.45821032865626,20837.535288992498,21,South,Mass,43.61083026696537,3,0,6.0634952152115105,70.50502197685981,0,0.375759492774056,68.82024559839148,0
49.63752449781575,21475.88190635143,37,South,Affluent,36.061832575515005,2,0,5.7000691845148115,63.44120023801549,0,0.19832743766411476,26.60178777005816,0
21.637530436746253,45419.531076014966,7,South,Affluent,59.56938683389562,0,0,11.824346833318817,35.458226564366214,0,0.5632531527989544,243.65503620014883,0
61.962848248137284,17798.65336938796,38,West,Mass,56.320617851725046,1,0,9.393933082671401,53.12141471648812,1,0.29030380401166433,84.21507038346401,0
44.27986518404845,14000.0,31,Midwest,Mass,70.41112261024855,2,0,4.5791683857033405,47.46214342520189,0,0.606638911408712,155.39565176170902,1
58.01180260975531,,39,South,Mass,66.42516859546026,4,0,10.319831466740412,48.14631385676259,0,0.5112669422183062,243.73020067238176,0
28.55725304226477,23477.878572898517,16,South,Mass,46.04239578752766,1,0,5.5889889539824145,57.875241077828406,0,0.24716622765774415,62.45995335990301,0
30.460435949647586,56835.27666320845,33,South,Private,44.47562611191065,2,0,12.458866019389326,78.73034850344669,0,0.23561482837362416,60.343199748994124,0
27.476247230002347,14000.0,6,South,Mass,82.36171679048762,2,0,18.456227272766537,45.4401963083693,1,0.8573978885313349,2328.0550965483367,1
45.128720908310484,39796.38322092178,36,South,Mass,70.35247404850523,1,0,32.16884751301766,71.64701603555201,0,0.5793405554887259,138.14163348063025,0
42.82479127397808,24007.514464163647,8,South,Mass,61.33583694542804,0,0,9.300227082627464,47.468616227203555,0,0.46923033250892826,91.45114813305933,0
36.19485225961024,48960.92438749927,44,Northeast,Affluent,55.54188099835905,2,0,18.655683852150908,64.657375757787,0,0.1182889802441385,48.057526210836954,0
29.324135088934007,76537.65808501808,25,South,Private,39.6715957736776,1,1,28.073324047463426,52.09271505161986,1,0.15893307369533374,92.09252662456602,0
26.16754662836447,26332.502080950788,22,Northeast,Mass,37.14364490398365,3,0,28.77632139228156,60.397823306076226,0,0.32530918208612547,40.22153820555996,0
41.3939512441168,21248.540046335795,4,South,Mass,75.42567101140642,3,0,31.982140867743908,,18,0.6802802694424818,3521.1115436641903,1
36.1801652551425,68176.15586352444,37,South,Affluent,57.92451581388419,6,0,30.124731987950092,75.24555171753397,0,0.29389939165504075,92.03904470560913,0
33.42991259552172,32115.464905933215,15,South,Mass,58.48941413612356,0,0,51.454363032826556,67.87324636432002,3,0.5973542916966103,68.93530059350016,1
61.33861857664512,55455.19467820016,45,Midwest,Mass,64.2595635964054,1,0,18.142519386367912,73.02929967817926,0,0.40953884849359196,124.43204106853209,0
40.97092902259082,24796.092860598143,42,Midwest,Affluent,39.719352909705975,3,0,8.701077396082747,57.052832831335174,0,0.498789885937471,67.60288674298853,0
57.87553667408656,,43,Northeast,Affluent,54.8396569782821,4,0,12.288826346791959,61.74227821268546,0,0.35310373196143685,76.745054966768,0
35.33434771646629,28296.675109319327,27,Northeast,Affluent,76.4740115285502,1,0,15.13629510784848,39.78317674776688,3,0.688558911959396,1860.3478762172683,1
45.05970354748321,,26,Northeast,Mass,62.551312564909956,1,0,49.58229528676923,56.07136006978319,3,0.8719767155432697,263.6205641013058,0
41.306549796795814,107959.91691506516,50,West,Mass,43.008909588113504,1,0,25.841066406848114,90.1928082289761,0,0.11999549877608137,77.09736502549332,0
20.779721131023468,27296.993721738818,14,Northeast,Affluent,32.32316922269615,0,0,7.780553251583564,76.8841076955963,0,0.11088597171266826,32.85667687659973,0
59.854228828298915,126279.76113603437,40,West,Mass,38.28186806378959,2,0,14.831744564759592,73.11086703730852,0,0.09115473623622367,47.9154818925596,0
40.3105799120948,31037.92116171858,25,Northeast,Mass,64.44514658176195,0,0,26.707799416676334,60.2846881681376,1,0.6101840455361948,112.93888485063347,0
51.330227745412,78009.88388128504,44,South,Private,53.251169155330345,1,1,63.86523032829439,,3,0.41333668348070945,310.08486196228716,0
32.59964096923051,17866.226674685546,10,Midwest,Mass,42.57128261399362,1,0,7.516932504861347,79.98756586254034,1,0.2991223893258137,53.54488511774456,0
39.93944523025294,27002.740705550088,21,South,Private,56.3351469681173,8,1,12.176198622576381,74.22510207019954,0,0.3563274511195197,142.9630614329533,0
31.164345500958063,72369.37153795792,32,Midwest,Mass,16.35252013500869,1,0,12.236684533004214,81.82509218663665,2,0.2143134051387629,23.8866110801805,0
57.44998103454242,27557.67487279207,60,South,Affluent,67.47785940667157,2,0,24.26143987101822,62.742504638131486,0,0.5015234715763378,75.2760075654153,1
45.892616843133446,29338.777066711285,41,West,Affluent,99.0,1,0,31.234639545252154,42.2389439851392,3,0.9393918718120378,8240.937004197664,1
46.588169083511104,156299.70543741685,51,Midwest,Private,24.916887231584113,3,1,75.21137620706675,85.94628658143844,0,0.15923990062574092,116.8221353581071,0
58.97730183881224,43490.38307661122,39,Northeast,Private,46.21482639231384,2,0,66.69557050940881,61.981263535024304,1,0.4020030682351248,138.08942956200292,0
56.45426621123779,56435.94513043314,33,Northeast,Affluent,39.2141784969865,2,0,72.97429064490495,60.23522328745176,1,0.3117220425623963,61.708722721389535,0
51.56678170170357,120405.0621563559,38,South,Affluent,36.56518777064463,4,1,30.863053391201763,88.43167618180408,0,0.14065374495699137,80.50234886037393,0
24.228408162031716,14000.0,20,Midwest,Mass,54.84285160890119,1,0,6.650378823370825,61.366865604179885,0,0.34591462902458736,124.41166514362867,0
33.304011006041456,16105.308511034389,21,South,Mass,65.39729719413653,2,0,5.702466566202038,61.605316452718384,2,0.39685788637593,291.40031787467797,0
29.45139829985809,15589.205787576753,13,South,Affluent,72.04686534851092,3,1,15.922262562870854,72.95828303910322,1,0.6554518077806614,1194.9940760835773,0
51.09417117032249,29819.040029130243,16,Midwest,Mass,57.06176265320593,4,1,7.993700850769349,75.94047146115093,3,0.41195681929129957,132.16351895875025,0
44.133149271875645,14000.0,33,South,Mass,99.0,0,0,4.0366819195709684,37.77070915012965,8,0.9477322149830376,7619.78794484047,1
24.618594579617564,19550.304769668444,27,South,Mass,46.447054478474506,2,0,5.504224795437113,91.44542846237673,1,0.4797826342414211,104.26986495073547,0
39.640697337359654,63624.442027356235,14,South,Private,74.00167446197717,4,1,63.61781499341074,63.17719773365866,7,0.48881858434639885,1384.5953391831454,1
23.323595803515268,18850.654766676078,22,South,Affluent,67.46305402361855,4,0,3.9555017519927493,51.02927492552727,0,0.5993068552873982,75.41793232400846,0
41.335543899128,36589.926384005645,37,West,Affluent,68.35276825773397,0,0,37.89186752834498,59.90061004174167,0,0.5135973558491,219.18692672564757,0
21.30784370016019,38596.22401280296,9,South,Mass,54.06341389457419,0,0,17.73876173298021,74.61207850724395,0,0.5919625736677511,131.48377962142118,0
48.61034366730766,14000.0,34,West,Mass,85.75790639924283,3,0,21.376420793576465,30.621210251890798,1,0.9065581889215534,519.6304864456782,1
46.72453282542592,78800.08020811896,20,Northeast,Affluent,53.35893626429651,3,0,22.567957269100795,,1,0.4148362477378202,159.52725386454375,0
65.84935616683602,41487.261071869936,42,South,Mass,43.44577888582963,4,0,6.590848377174322,78.27054964416836,0,0.354495464496168,50.51296285114198,0
52.598416118716784,64416.77541211084,37,South,Mass,65.05442231932375,2,0,44.1267870630904,56.740626087857976,0,0.5863781956931333,212.88596457146323,0
36.713571802218716,49839.541918187875,49,Midwest,Affluent,50.629365072352215,1,0,48.80954109064208,65.63749748737878,0,0.173833692767402,76.58196043098309,0
52.225876165931076,,33,Northeast,Mass,54.80729346881295,0,0,15.777987591272991,77.6753157671753,0,0.1648169931107213,103.54633292087917,1
24.52920148818527,35489.07664283429,11,South,Mass,52.65793066542177,2,0,18.004704057138948,49.98264389887012,0,0.27340994056647394,72.0278911517597,0
29.969092453986434,14000.0,20,Midwest,Mass,55.01240258013015,1,0,5.250177835944464,45.641707991428184,0,0.39247616377481637,78.60846119840352,0
46.164281650938875,,42,West,Mass,52.864752209293826,1,0,23.73987450579719,49.73138101639206,0,0.33487763326275527,65.94401907294721,0
18.0,18106.85198958656,6,Midwest,Mass,45.89219786691913,2,0,10.70318427876288,65.34970519271859,0,0.19596077714137763,100.07412484974243,1
41.53549018832646,28377.543526571055,18,Northeast,Affluent,61.92867391923042,2,0,13.595862747870909,62.24859583218887,0,0.4396863786909852,114.20556318839705,1
29.24670884851974,37349.34211374621,13,South,Affluent,58.00486896518688,1,0,7.140345735055259,53.10567507110604,0,0.38455862523980905,123.54585512602202,0
43.26633818941579,109044.59054497455,65,Midwest,Private,36.13975226350877,4,0,21.82901375802388,67.09862692851524,0,0.2550618965686675,78.87992109876066,0
28.52829552440921,25998.31427967543,22,Northeast,Mass,65.38280507881336,2,0,23.092506815204217,55.411294384544405,4,0.7386248005618639,441.1561167615288,1
47.30310171818986,32576.48441702577,27,Midwest,Mass,51.228105334570145,1,0,10.780561052139872,78.47225135684239,0,0.32317221813337543,97.42260294863654,0
42.24159279584237,28683.35550805654,43,Midwest,Mass,45.20937683993263,0,0,8.347926017427532,63.03114817073963,0,0.15567139569339422,21.483577725070887,0
59.50457396101663,58649.46287080333,32,Northeast,Affluent,48.737297464541975,2,0,15.137235004677766,58.17616450265728,1,0.4478564583401661,141.085752747142,0
42.084181676270276,36365.91693055796,27,South,Mass,60.11944353584101,1,0,12.584685277030072,50.95647903257722,0,0.3746202178694391,106.73481284989919,0
32.39196493798167,52779.400607810334,14,Midwest,Affluent,44.280826183792186,3,0,50.21677830259278,63.23116446723616,0,0.23115626068112807,87.43170549444106,0
38.91392680215896,75061.23519804532,44,South,Affluent,56.12332817619647,1,0,11.617090478758275,64.04361806350398,0,0.30169917251162837,127.49484005547859,0
25.197045037290856,14059.086962864762,9,Northeast,Mass,42.52090765528516,1,0,11.075252095780247,86.93352854605232,0,0.19419364702030817,61.48359138673841,0
47.076715683818,46265.09867271414,22,Northeast,Mass,49.935912255312715,1,0,23.293789570482954,67.33825854392624,0,0.2866461422284323,104.43874100838552,0
49.3731280789409,30522.097625767175,40,West,Mass,58.5872326955569,2,0,15.311647946715976,65.72976065257996,0,0.42739327886322287,103.88548341507082,0
72.86495045866022,111634.31246025543,15,Midwest,Mass,49.19318269633699,3,0,17.6631925991827,73.2142887221124,0,0.4104461824629255,127.4846054507775,0
34.22705011744494,14000.0,10,Northeast,Mass,70.82421959107397,2,0,8.25711414544763,64.48918039517619,1,0.7097706980669316,669.4224736489384,1
38.65256782906022,77039.75727081056,40,South,Private,67.79233574064828,1,0,37.08576414615312,,5,0.6681414755764385,580.807057131833,0
34.80301844452231,19155.6465166404,13,Northeast,Mass,59.87835724907735,0,0,8.046727672141204,78.30586271176708,0,0.5454807675806309,74.42566838561957,1
44.6514212641403,32905.46961626184,76,South,Mass,50.85201120061635,1,0,16.803207092621307,64.60519114177437,0,0.33533542692474966,54.840563374483196,0
46.77113168099517,97746.76616049628,35,South,Mass,27.09056112692393,2,0,27.40942845090211,78.19259488349945,0,0.08447722814411196,33.520857203480595,0
41.33281444464362,85340.11792368424,14,West,Private,23.669184320620353,4,0,50.98464673128106,80.07062435392494,0,0.10668054919488025,94.66363926624466,0
55.5790739609129,54257.720091997566,11,West,Private,57.15121331218265,2,0,26.93604303367518,66.16214496452577,1,0.2644938779855297,145.964017692602,1
34.28775620306528,76094.95204137127,51,Northeast,Affluent,56.70715180334568,2,0,12.384737677676528,81.52696740234617,0,0.07827860819938683,83.38158630122136,0
54.3271755986339,19249.373433484358,44,South,Affluent,42.22533669020568,4,0,20.4507004691155,57.1012386995889,0,0.2611797634191475,34.80048745694452,1
48.73122317051353,43214.767226181575,31,Northeast,Mass,50.537506078504215,2,0,17.247045218356394,70.95848499444013,0,0.6016174442257776,164.1302571046248,0
41.84962600126317,14000.0,27,South,Mass,68.46757676002514,1,0,12.460880843858648,59.39218320500671,1,0.5295085486829625,118.0724835670286,1
38.06329199053568,25889.62953641211,11,South,Affluent,61.808693608561825,2,0,30.623568615359556,65.15663213178685,2,0.43833994545405275,177.79059486834217,0
72.33334698414211,35920.62331907217,54,Northeast,Affluent,53.13512118940421,0,0,11.121420619459526,68.25247568093934,4,0.32330050802756133,176.92095714746293,0
31.787391865724008,40785.13805779852,15,Northeast,Affluent,39.29191067560474,2,0,18.4954296434603,65.46047315128295,0,0.07877307524285342,66.78991275225773,0
45.724164712105186,45753.825439337226,34,Northeast,Affluent,37.44617426062545,3,0,17.11289943755775,76.6324529890119,0,0.2713401651240062,38.16892570391623,0
32.622261621973344,29768.511923149897,19,Northeast,Affluent,57.708228484083136,3,0,13.929027194305611,63.61978979366564,2,0.5931801661169793,174.1300044479249,1
64.32025935776632,17601.33234661679,47,Northeast,Mass,53.343750641600494,2,0,17.615312801557874,47.44674525657054,0,0.5698456588352111,327.04335675876484,0
53.08532910999004,26797.156590014234,31,West,Mass,36.458688295679046,1,1,30.052714451515502,84.87120618361124,0,0.12535870318143238,65.26737127962429,0
33.5206265144857,44460.89035933244,16,Midwest,Mass,38.236072141058976,2,0,14.665895483129301,83.32386471855291,0,0.0991732828051576,38.304169997092544,0
48.40743741789036,46019.269533252096,20,South,Mass,50.163559063431684,1,0,12.55425705937453,71.57537811221101,2,0.337379040834437,34.61116975397833,0
45.22119651595694,112145.61058943828,14,South,Affluent,53.01690834294627,0,0,103.29766415810006,64.84963457497562,0,0.2560150690902969,429.5331582074378,1
35.54219047531576,27759.308046169765,7,South,Mass,52.082990526355,1,0,6.6741050230591465,67.50693597276921,0,0.15387166216542864,54.4641420186032,0
51.477052715352166,,19,Midwest,Affluent,42.530037003854964,3,0,5.239471368140885,70.10397594420097,0,0.6911032786151109,197.30701862067875,0
46.86631738880513,50416.81060207525,42,South,Mass,48.211781453161684,1,0,7.898558274435331,48.981482482013504,4,0.20308149066838888,69.834880565468,1
44.696233923574404,50741.30240920143,21,South,Affluent,55.54762288062462,5,0,61.2633018756561,68.48136278617149,0,0.28194600782237383,140.35131477473914,0
41.476003609470894,42628.534911670184,20,South,Mass,71.05591798384863,2,0,20.91043734530606,63.152571754843066,4,0.33238801979015803,201.44748865524937,0
47.38818115749564,,19,West,Mass,82.88290566003174,1,0,11.293283102986475,26.692634110129745,1,0.5500713378364083,532.7360390415696,1
44.867345768655746,75922.26768411208,31,Midwest,Private,39.876609812224565,1,0,25.711938354183165,,0,0.19175531718091463,100.28419249586508,0
42.73866666281272,,34,Midwest,Mass,52.836129244799125,2,0,9.599822905538838,66.36375389734546,0,0.5375085613941216,61.83511880958612,0
33.98730105015546,115027.66968345013,23,South,Affluent,36.91634343955261,1,0,20.218366355515414,79.23640253254075,0,0.29857097708962,149.31544784174727,0
63.172078009531155,30376.26290338811,62,Midwest,Mass,61.95963999171314,1,0,13.235346903442197,69.70135520758541,0,0.38849665243039616,60.25666642662872,0
28.86975070814316,53302.949637251106,11,South,Affluent,59.242876285569004,1,0,23.67811908988743,59.09006754271342,0,0.21669404767203654,89.59878749811125,0
47.345452735996815,38279.53923981813,48,Northeast,Affluent,56.07824254377233,2,0,18.118313032841584,54.93823250653408,0,0.4190257570941416,120.77990105768814,0
37.99699072123209,16089.499669256846,42,Northeast,Mass,73.18782900650194,0,0,11.447798865140742,35.76312340389612,4,0.6765415234304706,661.532305316624,1
63.99434086811625,60418.27876931689,47,Midwest,Affluent,50.924840171394656,2,0,14.218082168674382,78.8449744547683,0,0.32332498192879067,69.26557003463182,0
30.70646828470199,21662.480070459686,11,Northeast,Mass,76.36352052430891,2,0,7.522158093571766,55.95249108681561,3,0.6764515446334763,372.7859951946738,1
32.80920922799585,28191.177119753786,25,West,Mass,55.33887055042844,2,0,5.938316655199363,,1,0.32316649463087904,60.92408996154982,1
29.87727420922718,82324.89481002024,22,Northeast,Affluent,28.992447365413568,5,1,143.04715903760038,72.04897672912487,0,0.1699667411882161,103.0342324139383,0
46.04331313688263,14958.535330648388,35,South,Mass,48.95229783021879,3,0,21.603458206369805,68.28817793794158,0,0.395818908858227,69.38028843260223,0
24.836866755391977,53103.78179845572,27,Northeast,Affluent,46.45709212208182,2,1,54.794640151126764,62.78088777817296,0,0.3084207532346739,84.56151064381474,0
36.01839381552792,32483.689936641484,22,West,Affluent,38.62218911930517,1,0,12.382124675648276,58.05685250142284,0,0.6042858575354011,103.29326613253498,0
18.0,,3,Midwest,Mass,93.63062470815105,1,0,11.767080136690417,43.06301179393246,3,0.8024575396094927,4406.080185753026,0
45.00526692660113,44041.818939418394,83,Northeast,Mass,42.695330440279,2,1,13.519601055232124,77.01271873650016,0,0.3811705848332456,94.07112636082645,0
35.74731426554672,32928.02766639777,29,Northeast,Mass,42.91360035685776,1,0,8.349981471959813,,1,0.32374499639803206,53.14516536297678,0
23.399290700851836,26146.075881403867,21,South,Mass,65.54956870548527,1,0,12.987483578681694,,0,0.38291721888876246,102.2662250555431,0
55.57011753717573,117246.15938806384,68,West,Private,59.24829681768913,6,1,129.89063560281448,60.70195920593547,0,0.5359862711371057,1133.862424045651,0
25.65416377018826,14583.732893212822,30,West,Affluent,57.23483499697656,2,0,24.880065187687457,44.08781480222507,0,0.6404669620033677,155.15445775783266,0
51.96179612535269,44834.18458352044,46,Midwest,Affluent,59.883746889069855,4,0,14.236382651606725,54.8294326058826,2,0.36726981015900473,154.9126839524918,0
33.23698970015244,89855.48652700488,40,Midwest,Affluent,62.188809148884275,5,0,46.007766232883675,,1,0.6137584644440546,263.6826937433212,1
62.01964222369283,30514.379584400507,32,Northeast,Mass,35.089109140515056,1,0,24.554492991258396,80.11697832649693,0,0.19943121857731808,36.37884026604922,0
51.36938173657683,34017.01127559048,14,Midwest,Mass,44.373200046460624,4,0,13.541609936242564,74.17061702016193,0,0.21968291678165708,43.58979298851171,0
29.399401614074648,84600.85834724152,14,Midwest,Affluent,41.93205302878109,6,0,26.347837108966125,66.53784509114901,0,0.260397243634054,76.49599499057612,0
30.53646809737117,27143.90488169812,16,Northeast,Mass,52.16406037885457,1,0,13.533925906383626,60.74997400640401,0,0.41426913161925843,140.17399398099863,0
49.569065065303874,,29,South,Mass,68.22274494340977,0,0,17.684759283050575,72.89125450323279,0,0.43766995213387083,63.868435940197514,0
38.72027336612292,37582.50458733223,25,West,Mass,52.74689086012199,3,0,15.984741011485122,,0,0.4608835311065015,134.93296633368126,0
39.88321866223293,25923.14986189849,18,Northeast,Mass,64.14984306796555,0,1,17.44234903164088,55.80155323396289,0,0.5578869043517101,138.25229012496882,0
57.902985772151226,47012.352808321586,13,Northeast,Mass,49.12217429730015,4,0,12.619496711587558,57.09836548829009,1,0.28491109086854577,52.63359798983821,0
32.64138908287554,24818.07031803755,17,Northeast,Mass,68.72483061367952,1,0,8.525812249860213,54.734347148590416,1,0.4234096417916805,79.20935118978892,0
43.14117215219318,66683.36943868302,16,Northeast,Affluent,38.37754922518283,3,0,12.181483028678716,65.32128421431368,2,0.35766364548908636,111.91856416962437,0
53.93284742065383,48063.576172594905,40,Northeast,Affluent,57.37631233139452,2,0,21.374657586681327,55.89000251873091,0,0.44406048525237335,156.6532338839638,0
52.11396860482,54354.986161653855,42,South,Mass,53.830635146419915,3,0,26.39680711045998,67.20160847144143,0,0.39887613707581565,146.67410004524288,0
40.00484165599159,44200.994982202246,23,Northeast,Affluent,49.05584130040007,1,0,7.206613363547547,63.214350408815974,0,0.3921341418608006,177.08643491628172,0
38.38867648934177,,14,South,Mass,59.16861441599797,1,0,30.55744797275348,55.011215270564236,1,0.6322496942842004,350.3172174732977,1
20.264806718488355,18770.97402626152,11,West,Mass,67.25150775971952,1,0,25.150578289378156,43.33962523560733,5,0.478285415726133,194.71806949404518,1
28.79693759168505,14000.0,46,West,Mass,58.881349750990275,0,0,2.709291823192095,59.93746493801806,0,0.7952453388904664,84.81374477471567,0
45.97949033218417,40635.050192879826,38,South,Mass,64.12660352027792,1,0,13.574090407216039,55.56062584692104,2,0.5530101545688689,221.29482559031257,0
40.276472638222046,58521.50250095555,35,Northeast,Mass,51.536521740426885,1,0,43.64956181843986,71.08255825955683,0,0.1220583388957843,85.9561234171087,0
42.93658848207783,52042.745109682095,23,Northeast,Mass,52.508475408797814,3,0,29.751593027208543,74.28410265856839,2,0.36185283466159146,79.45986012152656,0
54.990670120425754,38524.337328174304,27,Northeast,Affluent,50.308648964862854,4,1,11.342447852503172,53.292185932143234,0,0.5690503489448843,314.8182398076873,0
27.15846113672157,28327.10730187297,26,West,Mass,53.58408559355072,1,0,22.971079030041018,77.95907144208223,3,0.41390164747686164,68.20650018514918,0
39.047746222091874,29902.72288690356,7,West,Affluent,45.093034482029175,3,1,16.41249500982911,66.80586391968555,0,0.17785201544736748,95.99841976278876,0
44.35888704264022,39504.477950935805,22,Midwest,Affluent,57.76584326685479,2,0,24.410820131382792,61.68931266922715,0,0.32038183536956477,134.96319258267374,1
33.19800078031855,32743.269760324387,40,Northeast,Mass,61.199520401921006,2,0,9.244653852562026,53.34114376270004,1,0.5020166691780744,114.514963333411,0
59.893463924092714,25745.691496567462,34,South,Mass,93.55939525895049,1,0,13.476646596175222,51.5337794719888,0,0.6658422058166523,2336.6055829866636,1
53.35733502016434,,17,Northeast,Affluent,62.010711066950755,3,1,18.59387905446921,67.76725338169075,0,0.1803839471796148,90.43003056371661,0
45.626666588609446,18657.30763496315,39,West,Private,78.78084087264575,1,0,14.904760139534009,,2,0.7859240419218849,1392.915944566237,1
64.42789724160733,19672.525950908526,35,Northeast,Mass,55.41561828708649,1,0,5.889674476325887,54.37922835168173,0,0.4308610871258143,91.13370086718636,1
23.263809004873224,115964.70949256064,5,Northeast,Mass,31.42444446078623,3,0,17.37819834401537,77.86909369088703,0,0.05383959591852392,41.711777308622025,0
41.90342148617898,22007.108745489382,30,Midwest,Mass,65.10687209177394,2,0,7.842101978783494,63.5563179497953,2,0.3635653183144229,210.46232745588162,0
46.579212111675766,87498.01526911986,33,Northeast,Mass,21.003045253152816,4,0,23.042212825917712,86.87346343435135,1,0.02815025275181362,18.833657877054158,0
30.568061915075972,84851.72119545365,22,Northeast,Affluent,34.47713538540565,0,0,20.651389705131347,73.58716660965158,0,0.19754571565159743,40.265486655506784,1
45.7589317727216,45470.5526897665,39,South,Mass,59.80431630644795,3,0,8.989418228630116,54.681337708590895,0,0.2977985417026314,63.6862905074823,0
28.167718827651523,,8,Northeast,Mass,56.068564500652734,1,0,20.279074967408583,51.94665913833527,2,0.32445654608994823,247.45436710797227,0
50.63196647842817,20646.199463507488,38,Midwest,Mass,33.30039417876216,2,0,7.539040816374114,63.98974029290224,0,0.31344565547136327,62.03394422792813,0
55.222934601611335,28620.072075530432,40,Midwest,Mass,52.11807173963494,1,0,14.434867002843916,71.15765306738804,5,0.27430335652767934,111.46306333890239,0
45.4041675141041,,49,Northeast,Mass,70.47583382846132,2,0,33.31921175543172,63.36212233684929,0,0.41801381669669396,193.91066699646626,1
18.84002731168818,36873.13137591569,8,Northeast,Mass,49.59290768149728,3,0,30.56480788007273,71.95065779691693,0,0.10281786144157934,80.81739539981406,0
29.915080985424567,19011.75094027805,31,Northeast,Mass,69.69834795514728,4,0,31.077408710093856,49.041752883201966,1,0.7138341743020421,507.3782872990975,1
49.05887504016451,19613.017057495148,45,Northeast,Mass,59.43180859585028,0,0,7.536159290476371,65.89087465606441,0,0.415033088476259,63.90464175361982,0
42.26498304390457,38906.527175654744,26,Midwest,Mass,58.554489295745164,0,0,26.18651211066313,58.990920872963876,0,0.3352714399742116,103.81976880728482,1
18.0,21814.502972453043,9,South,Mass,65.08551307990261,2,0,16.34514095650438,35.06715261814925,0,0.40798889807887556,115.03877509604794,1
57.535379798353006,55753.48612679355,11,South,Affluent,56.78704556053674,3,0,25.201117240979013,60.1019148854071,0,0.3769323875862384,141.78756030693197,0
43.708206328172906,56214.14438214065,33,West,Affluent,39.24126972469195,1,1,34.201632034146904,73.55090579357281,4,0.2586669692612451,149.92332108884972,0
31.761566699999435,32890.87532170437,26,Midwest,Mass,50.2811326286785,6,1,29.564289683670527,60.66485286810135,0,0.3169445821015862,110.07865125636526,1
54.4369449695833,166667.8131624318,32,South,Mass,62.21020851631701,2,0,38.39500019981667,61.46263350184302,3,0.5404218443039664,301.8619182666348,0
33.530749838663766,79015.61629929343,40,South,Affluent,47.362259924359606,2,0,18.082940440695555,74.09520941068577,0,0.25959398480163065,26.59559785499826,1
33.394348529947315,46139.41260904737,27,Northeast,Mass,42.76791394995845,2,0,15.909273755081273,53.94084665082282,1,0.29791433112814364,57.17755661173206,0
46.47940813767545,19634.59700018669,70,Northeast,Mass,49.18061534616904,3,0,10.096147827573935,60.94371079990575,1,0.4176274303840816,55.336533167017336,0
64.26298074052869,22353.19490471986,31,Midwest,Mass,63.925237344502804,2,0,8.770557458106623,71.40144037581807,1,0.5416314295927975,138.77010817493544,1
62.294839724661074,14000.0,54,South,Mass,58.675995256168264,0,0,3.1930965326197627,46.35499950973718,0,0.4524095038693569,78.6551132123346,0
46.496393736301336,,15,Midwest,Mass,44.88669927314869,1,0,4.076967943758297,60.91689373084561,1,0.5511880026484731,105.53385622704934,0
47.779820735628995,29321.049771064885,29,Northeast,Mass,52.601623800405996,4,0,5.970289002096634,51.82560794594719,1,0.2501064200202137,62.4394847920415,0
51.89373665106031,,43,West,Mass,62.08609804059447,1,0,34.81482080508778,55.68985583291212,0,0.39566947635273236,105.22411802700165,0
26.287704057883136,38710.16304681094,21,Northeast,Mass,59.37161029635299,1,0,12.639212426863345,57.277276113702946,1,0.5995891355599355,153.08362362216607,0
50.05185421439978,24871.76358051923,24,West,Mass,72.38781218716547,1,0,35.57592691456767,42.768016363699395,0,0.6863813457745527,195.64986823001752,1
32.8240816482059,14000.0,31,South,Mass,49.505860329301235,2,0,6.858700640657419,71.21499551161115,2,0.2475970749553483,93.67837794863743,0
45.980975834957256,43955.55203013891,56,South,Mass,70.37070855814187,1,0,18.30650921842711,71.53843733398085,3,0.255881373883829,141.5922970484618,1
39.15665465490828,24602.293387016096,18,South,Mass,44.73703823459071,2,0,5.1151515361986855,71.5592229573569,2,0.1078803139554054,31.463222308559722,0
48.26510408892768,50497.48907290797,37,Northeast,Private,35.6543228163492,1,0,23.16938961898987,81.59268547010807,3,0.48682070687580736,197.8398360006875,0
43.47629331258075,23065.34138225598,24,South,Mass,56.701722489883366,2,1,33.40171488675478,53.42214849984463,2,0.4470251652274167,93.46788439882924,0
18.0,32356.5745979564,7,South,Mass,66.8629479156102,4,0,34.605674955624515,56.49026538978237,1,0.31479875972896976,194.61371032145288,1
44.23614639631476,19667.922948594703,53,South,Mass,32.42447244103225,0,0,13.516458292451624,75.54262040098156,1,0.2698839033767055,24.13283653785152,0
50.02691190374078,28144.757940569594,60,Northeast,Mass,58.716603709598346,2,0,9.19099448487951,70.94244360284503,0,0.282110155243943,84.94947815883201,0
47.57410435423067,33485.3914071603,31,Northeast,Affluent,68.53943008693128,0,0,10.292158383726505,75.36142133017063,0,0.41602294878114415,159.03732589845484,0
40.71767567239276,34345.70526691925,35,Northeast,Mass,39.51371865546608,1,0,9.72302003403217,71.12790806300471,0,0.27992275358811824,88.24606355205024,0
62.52702114913008,18392.67247833975,71,Midwest,Affluent,65.4550561553258,1,0,16.140729057706228,68.55304207479264,0,0.2979037984270906,84.60568256424202,0
45.892164114020765,21512.07433035758,33,Midwest,Mass,44.884464037159674,2,0,19.573713341826807,94.54092522239934,1,0.07851830714694642,28.60068396921491,0
47.47091625241383,32867.62656956249,27,South,Mass,53.609393550558636,1,0,14.730093088476236,61.57979972071006,0,0.20897653126571483,82.60959285019233,0
55.05614867563211,41009.21828166451,28,South,Affluent,49.96916501438749,1,0,14.288159844957434,61.990078689519144,1,0.48809610176598767,97.0631270096338,0
46.532412496207485,38169.37067880277,42,South,Mass,44.51973509973034,2,0,29.573160202251408,68.00973873762776,0,0.19572838399001438,27.7438628029979,0
30.774778082322456,22691.562748944747,11,Northeast,Affluent,59.29119358452076,1,0,10.40391339965579,47.235339247508406,0,0.5670072872563703,145.1058750274738,0
18.0,14000.0,7,Midwest,Mass,67.4972443898127,1,0,10.191594943700453,50.803369587654245,0,0.7281830844269899,785.6657257121138,0
36.03598872477398,16507.506473104077,17,Midwest,Mass,70.32521344269871,1,0,12.566269276420359,34.00863804489134,0,0.6283129814158984,106.13333894897895,1
51.511819073513955,24533.26769380078,17,Northeast,Mass,65.84834466212749,0,0,8.834846739638145,48.97181067657342,2,0.5176014093073238,226.89608636119434,1
37.58629585727743,49288.278208719326,23,Northeast,Mass,59.59647611214879,1,0,13.782654614966166,62.745925880698,0,0.34845139908545353,89.57709325450155,0
52.01472965352162,36491.868682154185,35,Midwest,Affluent,48.398435667111116,2,0,12.529572820658744,70.25820173986935,2,0.35712089196406965,215.7816130842227,0
43.85910219900341,42041.03499404278,19,Northeast,Mass,48.76327885902056,1,0,59.842763523268886,68.97419784235203,0,0.6365124262320033,98.90483707993477,0
58.100825878277305,47712.64023793669,69,Midwest,Mass,70.44556324272381,5,0,38.05066073109507,55.869243090783925,2,0.6648355266190903,204.57312309490055,1
38.309791160991736,20061.628811793264,38,Northeast,Affluent,52.76959927154887,0,1,18.390321355486865,88.40886880166454,1,0.5834580873365798,186.65420099438876,0
47.8451853320961,51232.164412826336,33,Northeast,Mass,54.4124999026311,0,0,18.175038898013145,60.75980059979283,0,0.1803321643631083,85.98071474504081,1
48.32356330669199,67171.06841892106,53,Northeast,Affluent,51.544777288036904,3,0,14.450386799980816,68.23747670081848,0,0.2753860120887255,66.08409655122087,0
60.77002340788991,56069.91186462577,68,South,Mass,50.52584788150566,1,0,15.814991024464382,54.66544112403091,0,0.2808279451366296,52.88989560664919,1
20.667033670821525,14000.0,17,Midwest,Mass,48.21017405637876,0,0,5.553438801967061,,0,0.4102451891495288,61.94984363304674,0
36.26989656808553,15708.555723628408,16,Midwest,Mass,60.58471016249389,2,0,10.335372580440454,66.5955250363134,0,0.24093074181251847,83.64281794826445,0
52.606451317356296,22548.839739282295,51,Northeast,Mass,47.293757318388685,0,0,12.555847599145608,64.49768563210341,0,0.18489891627963773,65.97416554492939,0
61.323705997233105,14000.0,40,West,Affluent,64.52958708598194,2,0,5.973809007068411,60.280226586738856,0,0.6756275097477983,178.2476322072811,1
45.000893908026,14532.782883261949,32,South,Mass,46.59135693896077,0,0,8.882840701410675,59.274689224227416,0,0.4149051574305621,97.22932282730451,0
38.34119794473141,29560.543921258413,17,South,Mass,56.865351155860544,0,0,10.131235027276395,50.03225700876346,0,0.16082174446466677,74.56298737195222,0
51.46397960843056,,35,Midwest,Mass,57.230467493043065,3,0,17.956256569092634,58.68361602358202,2,0.29727669365898884,167.0675678644147,0
52.85878344039604,28800.87771515805,54,South,Mass,63.18758971766417,3,0,14.409242855545235,74.94909079681922,0,0.4955978384114899,168.22950292277426,1
37.50422901665866,40196.42290394723,47,South,Mass,44.540821509738926,1,0,18.30387944620009,81.18387427921706,1,0.14692834241927535,38.001844528802344,0
46.12884140221933,24129.94526135108,28,Midwest,Mass,73.87792931243604,3,0,5.627758851948327,52.67683028468255,0,0.6102550992451964,415.0822952473542,0
56.756590780149615,37361.00855997289,23,South,Mass,51.9288205381661,0,0,20.823968942584337,80.18206742756585,1,0.2039707203097573,46.15359819987347,0
65.63073741593064,81962.10617343872,104,Northeast,Affluent,41.32077765274646,0,0,18.689921065275392,66.05521809225876,3,0.07142636153937479,22.81459700595382,0
51.28256199044115,84445.61344796115,25,South,Mass,34.881656688647745,2,1,41.45583692020342,68.6568837344938,0,0.36782846467892366,150.11756488163658,1
42.551736208319916,85617.57911790944,13,Midwest,Affluent,34.06419083761996,1,0,37.6588034603216,87.33351113769946,0,0.26269864646412333,75.44730518850209,0
41.324060299526145,,20,Northeast,Mass,53.94582952294125,3,0,9.128258216829359,67.43368061575168,0,0.3240805927792131,93.88109151027435,0
48.96745696492029,42826.82306785698,11,West,Affluent,43.70343171341751,3,0,14.447587709604207,61.00255577244559,0,0.2632602501154491,57.68137742948141,0
40.554089469006875,,31,West,Mass,92.52590819772492,0,0,4.184961268729011,46.317237606667604,0,0.8791827601279801,681.0836195216283,1
44.37050623777985,17115.732699135482,10,Northeast,Mass,67.1795296434098,2,0,7.985805768092001,48.91325168009253,2,0.5755032295831788,144.15597745912544,1
28.776546693364065,31163.297076870997,12,West,Mass,52.05659714729809,2,0,26.93406060886455,62.29110636401051,0,0.5728045234409173,161.197167908953,0
58.21321495613949,118211.17800870612,27,Northeast,Private,51.29240631664031,1,0,33.18051074104715,65.69447402681791,0,0.28127850330073156,162.13682409875483,0
27.74769091064152,44675.90058444534,21,Midwest,Affluent,55.84665017843137,1,0,27.197914230060398,60.82710302455219,2,0.3930954237235936,143.79477411702524,0
36.59860299433734,34523.12251032352,52,South,Affluent,59.765132610260096,4,0,4.8829436642572235,49.57209831239687,3,0.4979704509174641,125.07740005270172,0
43.21991576064767,24511.657117730534,33,Northeast,Mass,38.84046984957364,1,0,5.960172982830181,76.22049623676875,0,0.1293635424577325,38.02984711618349,0
66.88733599860798,14000.0,21,Midwest,Affluent,84.71071325907018,1,0,11.00738169876081,41.507845239941666,4,0.7550955470960156,2697.722067744627,1
36.71646268934591,91271.94305488585,60,South,Mass,21.169784401726215,0,0,19.56617696450711,69.37620829453374,0,0.09222904030777046,19.36626287882572,0
33.674802325495044,29325.85472288328,24,Northeast,Mass,40.07982683176834,2,0,9.005844554809858,73.8826636393946,0,0.4278991905737254,93.36962741202495,0
35.11478853332758,14000.0,32,Midwest,Mass,50.28003250430334,1,0,6.220068913010024,81.30894510846538,0,0.2306547046667446,54.2468247649675,1
62.736214595141405,29223.375311889344,19,Northeast,Mass,67.39976382057469,1,1,4.587226313581292,81.96800177417308,1,0.5763432787171515,207.99796648620364,0
18.0,14000.0,20,South,Mass,61.91496968615338,0,0,6.862625637499141,58.89033559688979,0,0.6015228116968007,147.81749694428535,0
29.465774848142665,39591.6837641398,16,Northeast,Mass,60.102674080521766,2,0,37.05815306062695,,0,0.33977843280929404,139.33117255566572,1
76.1411088644944,54421.52425244702,23,Northeast,Mass,52.63600178036534,0,0,14.105517698822865,65.55944394132464,1,0.3865648551129946,66.49933155145212,0
49.38602591864546,47801.64174356055,42,South,Affluent,60.59601583667358,2,1,26.57285288087329,72.89439201746444,1,0.3231116224312416,166.89491276496204,1
28.175188133259752,68637.67931955286,31,Northeast,Affluent,52.8449513335138,3,0,6.103639787425826,63.38402597484615,0,0.18828788968774232,161.890243737913,0
41.47602522281536,,36,Midwest,Mass,62.59415514586185,2,0,5.771995715105248,74.40142079096401,1,0.47401555061143297,112.06372806937209,0
42.84318207584827,57221.13980821201,42,South,Affluent,49.917726326850385,6,1,62.209277829944234,,1,0.5097303132390564,238.65981651847503,0
52.576565573820076,65232.87941869184,44,South,Mass,49.82028764428896,2,0,19.791986942369867,,0,0.22399695615138648,60.28820739624549,0
64.99377503528204,216801.110793247,59,Northeast,Private,64.39098739744398,4,0,39.539310894107125,71.9521122718928,0,0.31241511269241673,382.55797102355524,0
46.856896015990195,32662.27150557997,14,South,Mass,61.73128657566703,0,0,12.892806397828117,50.00081801707793,0,0.43153648583101384,74.91746366088923,1
35.25264621233799,,21,South,Mass,45.43489549660168,1,0,16.48510340079088,64.99276636895318,0,0.1977596171265348,82.73149856145159,0
51.83855552622755,20790.259440700473,30,Midwest,Mass,58.04837374275583,3,0,8.841465070479689,61.8345704128372,2,0.7430532418246282,291.1752417002089,1
33.27184128921424,51396.77103906118,46,South,Affluent,64.90666969064021,6,1,15.233880287832745,82.6850351274396,1,0.4249259028564294,142.59810957556763,1
29.08328130013713,29499.10530744336,29,South,Mass,46.28243220929143,3,0,17.536500191439035,49.48307045080726,2,0.3731339679623103,88.18876571379741,1
20.001139100544435,14000.0,7,Midwest,Mass,31.95493627086079,1,0,9.684726695171454,50.41165765883503,0,0.1937493967859626,35.20555937287166,0
22.43589506874499,61441.77130455909,25,Midwest,Affluent,38.70067672018911,3,0,37.51376874699789,59.61537479104584,1,0.317752408263287,94.59142636500093,0
30.7944355484466,28707.173518981544,18,South,Mass,29.852034308171334,3,0,20.77583111046712,50.016319158528816,0,0.22704266346948615,44.841210050555254,0
27.27762790373911,29707.900281014718,7,West,Mass,48.321613402159635,1,0,7.279478899723601,44.2281390266359,1,0.32871931953580424,118.68580330095979,0
45.915456592183965,17635.789893491772,8,Midwest,Mass,66.61117514263239,0,0,8.947125846012392,55.96210256158149,0,0.4009718054302117,62.27221247533791,1
27.007477177199558,23619.18813688475,22,South,Mass,53.85753846873966,2,0,14.454711384768991,70.72942666247128,5,0.48133982169570383,131.37495344956437,0
18.0,26544.853881180676,5,South,Mass,27.648727090419637,0,0,11.261764032782896,64.62774447021548,0,0.05673797046308695,46.56718564054306,0
28.95110281763168,29329.04232352361,10,South,Mass,49.72339098408326,5,0,13.890185873432534,62.69764114610053,0,0.3134215519333992,66.50701653211897,0
36.10175440348226,51825.385314398925,16,West,Mass,48.36275828682224,0,0,12.029382589892153,53.29355180393419,1,0.36937662827873363,40.37403626362155,0
34.431881401600435,40296.77497942315,35,Northeast,Affluent,78.72120302490387,3,0,6.794749796540381,55.9850505418689,0,0.60782803800724,581.31333767224,1
60.994058491364804,48172.58528742741,68,Northeast,Affluent,59.05446587844112,7,0,53.72295202874245,,7,0.5996559191815377,1678.9492055188919,0
34.330718008885626,23375.391446022888,34,South,Mass,65.4377687693954,4,0,17.393076287666716,45.52408982681918,2,0.29734310653824503,189.31507981653044,0
53.01154328998997,44403.02708805699,14,Midwest,Mass,43.65314830030646,2,0,8.382741005075534,78.05352726529259,1,0.09722101782582038,58.9949654714473,0
41.76271750398923,24087.810165948384,19,South,Mass,74.17350168280473,1,0,16.29798465881528,62.50029294526634,0,0.2965358519761487,160.0530944583108,1
41.471190929092515,,18,South,Mass,56.70214207831208,3,0,16.954957711404624,61.39460617457454,1,0.4264099039708544,142.91789820084728,0
31.55774638939954,42735.50591229593,26,West,Mass,51.24093118691788,4,0,12.704816440420487,64.41586380435106,0,0.08179241596359174,42.54141807625997,1
41.26521685524041,19712.46231762617,19,Midwest,Mass,49.39990267667805,1,0,7.991284183192442,65.37388498138948,1,0.26227643815238,54.331925470440005,0
32.43629841378229,42389.41403526723,22,South,Affluent,52.65740357402186,3,1,40.253812430485084,79.96638544164803,2,0.22100004525048184,188.45984977492296,1
44.125303928182134,33517.95412662215,41,Northeast,Mass,44.62210376300999,0,0,8.949600365003686,70.75529588952163,1,0.28464635140293265,98.77696556032052,0
39.0468795922039,,25,Midwest,Mass,63.87090363916271,1,0,8.747811294047755,60.91079193996868,0,0.7828737085961799,168.92452416606713,1
30.192150835104997,34777.91270791621,20,Northeast,Mass,59.816153373845424,1,0,17.588508129502262,61.77594152422878,2,0.25327113206145974,144.23597542817646,1
54.398679246257444,61863.321321316915,35,Midwest,Mass,48.57315513440482,2,0,21.374651759814192,72.74605651738054,0,0.3284553652152603,62.94646499211845,0
47.33550600026781,83064.99816358136,52,Midwest,Mass,26.34997970496979,0,0,33.09446341262844,62.891456645887516,0,0.3198539376658874,14.992660117612939,0
36.399215823221894,53523.153212473946,38,South,Mass,47.836568247722596,0,0,32.113456871337,62.79379450211713,3,0.3951983327194374,165.2489986239659,0
43.818663087941374,45516.24798592299,47,South,Private,66.66146945437939,5,1,30.06048281731152,91.30998015230888,0,0.4589879723348186,338.74014572576465,0
40.95221848122546,29786.446286649334,47,Midwest,Affluent,54.941497870319594,3,0,9.406765827312299,39.984995743818125,1,0.502664581688269,145.47805686973294,0
31.15511328420908,21299.93861685881,55,Northeast,Mass,50.413390715693275,0,0,16.887183190759227,66.28227053571209,2,0.42344281641197185,93.73523321605344,0
42.881202862764546,21919.206452777526,39,Northeast,Mass,53.29831199394128,1,0,4.726018666699829,70.88409553746666,0,0.30002623965614394,54.189692062161996,0
34.23735306490782,30114.931529006815,21,West,Mass,45.295744398463185,2,0,15.831355075055688,61.03992703128797,0,0.31758338818198534,61.20178802197563,0
30.18832705474876,70802.92725084763,23,West,Mass,38.58093663032144,0,0,16.41268456074596,70.92480894635517,1,0.1405468132452652,42.071547601639715,0
21.71540837166844,14000.0,17,Northeast,Affluent,66.82025016234952,0,0,17.815668959633232,50.54531022761563,1,0.7705512831905124,235.9645788157093,1
37.51740808076712,,19,Northeast,Mass,61.63787823875119,1,0,11.836690356451392,57.239686403524836,1,0.36670125193104847,92.64079717748264,1
49.08713324479654,,25,Midwest,Mass,71.32822331260923,1,0,9.584379589271636,54.564248089692214,0,0.766560335998266,98.54116306150807,0
33.31675808276425,,22,South,Mass,80.52904312504336,0,0,3.6971056178061215,39.76027121761096,2,0.6094727200223848,421.6955599084361,1
73.50885865197462,58904.127026221024,51,Northeast,Mass,58.98090176231325,1,0,20.297037162156755,87.64474919128777,0,0.5182567512343218,86.80588699171206,1
53.071070670659154,53527.969133383645,28,Northeast,Private,66.82857681494906,2,1,29.125271484334625,60.922821578288875,0,0.5663624452195201,160.4143020964642,1
58.30412665825598,75305.27993208315,48,Midwest,Affluent,47.17631437490241,7,1,39.304547696376204,77.20100300210515,0,0.21506392939718558,53.70296943937707,0
51.94053765092198,14000.0,61,Northeast,Mass,55.74242848034698,1,0,2.1291448874039207,,0,0.4869320533667161,63.00054406989568,0
65.16081218673216,,62,Northeast,Affluent,66.30604641174205,0,0,16.645824773021864,74.02124468787692,0,0.29132593226634573,132.18192688602804,1
32.16247520659322,61158.15448264262,16,Northeast,Private,50.38342043219539,4,1,69.5279444623808,77.49832768204502,0,0.2988178040335486,177.01906560012657,0
18.0,14000.0,10,South,Mass,51.87997127555571,4,0,8.957262834980192,62.642710979794785,1,0.33291721980679184,38.94790767391858,0
36.42342989558896,38325.627716107265,20,Midwest,Mass,44.60110748959528,1,0,12.49977935790888,54.95544430915703,0,0.28977564342866247,108.22925989879401,0
48.97773219434422,83256.33639929676,100,Northeast,Private,42.23635087880782,3,1,27.123402880632614,76.77300508638194,0,0.26250856512151893,38.36595379936678,0
43.89396214684973,59937.56078068717,48,Midwest,Private,34.5827602262314,4,1,19.07721571302758,97.09112272812348,0,0.21015838582892094,40.01824862155415,0
45.443407637097295,19670.905915650786,22,Midwest,Mass,59.879662352897185,3,0,10.26893808435302,50.13270323715985,0,0.316925050321642,64.2529876348298,0
58.511375033373405,24008.810289654237,54,South,Affluent,77.09410442199119,3,0,14.0820962538243,55.827243842176564,4,0.587949291426835,1610.1942117134392,1
46.77571968078124,14000.0,33,West,Mass,56.061157290973455,2,0,13.177621346867944,54.713758854348896,0,0.3922853090752745,70.08074073055668,0
51.98641159488777,45420.345321792636,62,Northeast,Mass,55.45405404879452,3,0,14.848745662186717,74.71977679561128,1,0.4148171869571701,72.69090408180435,0
30.255465726840512,50772.288832670805,18,West,Affluent,64.28200171989602,1,0,26.122190094352415,52.14135208708278,2,0.3319813932342089,169.48852981472027,1
28.30757888479954,20229.008812608314,26,South,Affluent,62.10224877243721,1,1,8.937528122245894,58.62340842103261,3,0.5983682394009167,246.4535785372492,0
62.1764240378061,38434.93059853956,21,South,Affluent,55.72892007763923,2,0,11.718899080286153,59.372181365539255,0,0.4230223734052796,63.21109546229572,0
43.26126918933835,,31,Midwest,Mass,72.58206889674173,1,0,20.507218112888555,49.93546571431123,2,0.44673690304717384,267.69747875837515,1
34.209635206923316,,12,Midwest,Mass,64.71533357025899,3,0,20.776895170196216,57.96600543719678,0,0.42293726352158034,168.61864865773535,1
34.23256883066102,70984.44597413953,29,Northeast,Affluent,58.645178879424805,4,0,23.089549248174208,62.382602151002466,0,0.34697573890853844,176.66105490469408,1
33.88596097952178,27443.168766936047,27,West,Mass,66.99234520185658,0,0,22.858961080895437,46.29356206047676,0,0.44019101584945747,163.6268692393412,0
33.138012236926976,39085.858029716714,27,South,Mass,72.80351342119948,3,0,49.51014384978026,55.805161770425656,3,0.6904349229711692,304.35738189382164,1
25.960652467454253,16243.460660137289,12,Midwest,Mass,70.91292210243616,0,0,17.01607909919361,42.8902600365503,2,0.6754328068360248,103.4362424474306,0
23.244744972243645,19516.33316288992,14,Midwest,Mass,57.3864670375564,1,1,34.001461997614555,70.75586627433202,1,0.4114236620553629,109.1097537467308,1
39.56244527931976,34007.131787833874,48,Northeast,Affluent,74.15182927359626,3,0,22.471640740506498,68.28705007653866,0,0.5428204797002782,125.51281683357611,0
34.58842662099501,28002.327362854456,45,Northeast,Mass,52.42113771999884,2,1,32.02007057260159,67.50547010430729,0,0.5146460170431714,111.80765420656222,0
55.83949106804119,31715.26557684385,41,Midwest,Mass,45.76020119899958,2,0,7.852553169730668,71.78599271737347,2,0.26943358273105217,49.113567464553135,1
45.66345816583646,21074.134191078883,49,Midwest,Mass,62.93930833986458,0,0,9.484388160874616,75.42012576798975,1,0.5473676621186,99.3382980505819,1
45.316471000974786,54714.427487847555,22,South,Affluent,35.07017952146022,3,1,19.6387804399557,76.89346691810887,0,0.2400840394165245,35.36236475824197,0
32.710994905569365,,18,South,Mass,31.490630301721914,1,0,22.761218430970686,57.78712631001901,0,0.3243748735550304,76.4221722214989,0
40.4871448027503,41053.41173823515,35,South,Affluent,71.12731637309419,4,0,38.88732957326913,61.79205700414176,1,0.40094065484221747,213.11289303713122,1
46.512513795393005,22884.555542025606,30,South,Mass,54.44349059226586,2,0,14.96704822707718,46.40030040608927,0,0.3962509633703931,228.3723109246413,1
50.95244674640844,37948.477625542895,33,Northeast,Mass,68.18581651431295,0,0,35.079049860062405,52.97946745583521,0,0.5168945729043942,190.124413216366,0
40.82635216852043,62112.47685271264,45,South,Mass,37.116049213659906,4,0,19.54837291743487,60.80688886427079,3,0.22005511013069778,76.58693979973175,0
55.48904724155261,61431.421420982,25,South,Affluent,46.04083192430704,2,0,27.062168940994408,63.54670437017033,0,0.10691043951062967,61.72763295187622,0
42.099866361349285,34216.373355138516,20,Northeast,Affluent,46.23817793202805,1,0,31.010552850999545,61.1436753730062,0,0.4367558380363512,109.12759742898574,0
51.910588981470994,26551.39160804642,20,Northeast,Affluent,49.57186774633205,3,0,19.176420863005145,69.57620531999983,0,0.4561821986407747,159.20847147875207,0
35.876847392635625,85047.82654000624,37,Northeast,Private,49.23218732990605,3,0,38.48153181292596,75.38674125099922,0,0.172335874215552,187.51062885845676,1
19.34264541789198,47182.72226833064,12,Northeast,Affluent,55.5062272554258,1,0,30.938136253044874,65.09199238841374,1,0.42733477929187014,109.08447466097036,1
45.35448735023154,25191.16674191114,45,Midwest,Mass,48.58272646320827,1,0,6.485946220152716,68.01954803048586,1,0.31715438898176473,83.00529526290372,0
51.06655078933282,35398.90079701854,42,Northeast,Affluent,59.471519313371346,4,0,18.687148752204674,59.10414958640061,0,0.4464116860991756,145.52332957238582,0
49.191841647594615,143105.64869574533,33,South,Private,40.3946349871781,0,1,69.83112491926276,56.88432411806343,0,0.10041578257207523,149.79964089648118,0
47.277333267968004,22237.222205610517,25,Northeast,Affluent,50.88608149343753,0,0,6.820252974791348,62.45388922226168,1,0.26249907192157607,174.88343168373459,0
37.64266292556266,,7,Northeast,Mass,46.21418590025172,2,0,27.293468138336372,41.1518424944917,1,0.40860862846938106,233.5533404327427,0
31.915671856930096,27135.141394677303,14,Northeast,Mass,67.33160385724493,3,0,9.035560327776532,32.16258798751898,0,0.4159868861701631,359.3552513834563,0
48.896603363047255,23411.101796725598,20,Northeast,Affluent,57.472743263607555,4,0,8.383090075344764,61.047536261011864,0,0.33229750186887147,80.01190068504519,1
47.33059270247844,,52,West,Mass,60.4169936118786,5,0,19.922396705464973,67.99407575450309,1,0.2958819920027451,54.92819564213843,0
34.98876136445217,15833.648551628032,18,Northeast,Mass,45.785322759907686,1,0,5.737367871666235,57.43828888820883,0,0.34720460309309104,85.34390331179878,0
55.86780236490071,28826.911471508494,17,Northeast,Mass,73.04231743776468,2,0,13.672115175075337,66.46592425336354,2,0.6538322098718043,764.5363809605135,1
30.964181068154993,42441.45422357221,36,Northeast,Mass,60.83763036972583,3,0,23.79035544891315,68.52553281721703,2,0.5716163748638438,60.79069638643324,0
34.705957765112,39638.7331553998,21,Midwest,Mass,60.10085884198653,0,0,12.127882853117047,,0,0.1497905177361649,102.13188272665809,1
62.45531515427081,120941.76452142952,68,Midwest,Private,25.728127161218733,5,1,42.17195370183956,100.0,0,0.18975675128175679,49.52783183894242,0
52.857274221673904,64099.636331866845,35,South,Private,32.69060478922646,2,1,22.57019037862977,91.81538276440884,0,0.055449208237821616,31.262514062044612,0
37.524883676362215,41579.57934992805,49,Midwest,Affluent,56.26920614571531,3,0,51.707388558237,70.57608608983884,0,0.5282566038080504,138.56547037946237,0
45.592258870544384,46356.395516274206,21,South,Mass,40.08248026074683,1,0,16.310609715548946,,2,0.09788344568944339,72.37615909690936,0
43.93490305654798,16635.256063582907,26,Midwest,Mass,66.53402234545452,6,0,8.7430435691232,47.96931013706581,0,0.8639492007214138,194.84039426448808,1
18.0,21875.64665078824,3,South,Mass,51.66820023126073,1,0,6.795137164214336,47.35165024396518,1,0.28947974269662746,66.85535683074585,0
30.66907563158273,19989.60873830917,33,South,Mass,79.16749237015338,0,0,24.740632377797617,54.13271912128133,3,0.7276477800282826,1152.025398187016,1
41.36441728613398,29795.64484100334,20,Northeast,Mass,48.572232016655136,2,0,11.320870402522578,51.5503128562912,2,0.5455283842327553,89.7236431439454,0
37.54235654300867,16926.085475555985,27,South,Mass,66.26276550959773,1,0,4.074986459600783,57.56190354473043,0,0.33903277969311457,138.3792883269404,0
45.088782060380254,39185.06592249531,46,South,Private,45.63548062149458,9,1,29.923462929288323,74.41660569782424,0,0.26648971412443334,55.95871195020117,0
56.118528911849,134490.24945777515,71,Midwest,Affluent,51.87223252100578,2,0,31.193378153675724,49.42108127062478,0,0.2147536053952941,122.042742746984,0
37.98080269182591,14541.43883291345,28,West,Mass,83.07454584734852,4,0,19.46169627592922,39.124503919625774,0,0.7312944914536325,667.3168722169113,1
28.77931504846419,29433.398087924794,17,South,Mass,34.09012799268856,2,0,15.600974404136446,69.61352719131035,0,0.1139891434673436,34.34430223508766,0
46.060645731388064,42888.537101403526,47,Northeast,Mass,34.47841938963515,3,0,11.982260767388803,74.73375527661034,2,0.10651254553260364,46.06852218982043,0
37.91720833040246,,31,South,Mass,53.771254828758366,4,0,53.543111252466886,61.586072710847695,2,0.36275390183034867,71.88962847714227,0
40.04920623972622,81681.01914230008,28,South,Affluent,46.831416895783356,1,0,13.795117568020693,62.075560933213765,0,0.21437112184839288,106.26999175278445,0
38.35282851058652,64874.04861739777,44,Midwest,Mass,62.711715779048966,0,0,12.462404226518471,54.54813439381377,0,0.36516977287823466,72.61506924787034,1
70.02297250013731,95213.40546585727,69,Midwest,Affluent,57.14233687145833,4,0,28.411312071410446,50.977024372666435,0,0.42030367972673016,86.65137600555985,0
18.0,57172.135782371646,7,South,Affluent,50.554230188301666,2,0,63.339167724007815,59.74739274843748,0,0.20101623011557748,104.45291002168469,0
37.145826210841925,24992.3024553324,47,South,Mass,52.01157423306086,0,0,41.31423515090349,55.29833427149756,1,0.4307187133873293,111.83654674486675,0
41.953887179395096,14000.0,20,Midwest,Mass,64.11707478203832,1,0,14.342312696130328,50.66367523158602,1,0.769555348693571,385.63106587625464,0
32.23571884646527,20205.21061171549,25,Northeast,Mass,65.24813192819056,2,1,15.628812478626353,53.75761307945428,0,0.7020857315746756,1299.24789667259,1
53.24782290160354,31959.90805642706,17,Midwest,Mass,64.14233681778715,4,0,10.287910275477797,60.55325182614085,2,0.4501561223569133,155.42548618111746,1
52.16572098399549,64719.63351387786,61,West,Affluent,44.50560761852638,1,0,16.534015888657947,,1,0.35317917472516835,105.51414749477976,0
41.403067268893246,32399.81585141208,15,South,Mass,45.800880245442826,3,0,8.229305306776645,58.860602953545765,0,0.365842714525966,97.23272174349938,0
38.61657805820382,,32,Northeast,Affluent,50.07771494190562,3,0,34.3579360173875,43.746259528131155,0,0.3065721648092137,127.62770518420135,0
40.60053957210441,31484.175673213103,34,West,Mass,64.97945891953334,1,0,15.142714371595407,74.23917011385905,0,0.44640721328881594,99.52186024788344,0
40.690166829402365,28634.904168164707,24,South,Mass,47.73077501056162,1,0,13.549464898118986,65.64408306872636,0,0.41169375025281774,81.44842555109133,1
41.02033714842797,32294.459437709953,28,South,Mass,54.74645374956786,2,0,26.67591024195752,45.327825320950865,2,0.2923263954860479,129.21413677413935,0
39.650011231040004,79671.72672733014,16,Northeast,Mass,34.29511151085358,0,0,7.881005215419931,80.12360287717088,0,0.28728386931991606,34.318594591766185,0
45.15561643240491,15560.017035137873,36,Midwest,Mass,82.92637787011861,0,0,10.142007352974826,64.12911664400877,11,0.7955557402643028,1189.4366932343573,1
51.415150810348315,185423.73107479766,51,Northeast,Private,36.97573297061434,3,0,28.027265228461527,90.91402175062694,0,0.1205494124905947,78.97060560595838,0
26.62174815501779,43174.99522026837,14,Northeast,Affluent,43.66717065623895,2,0,19.68836720223948,66.80397148666816,4,0.17339496824198727,92.82585874157347,1
28.86670125958564,26996.017313033983,20,South,Mass,60.413559436981544,2,0,8.764244128146752,73.09548309377264,0,0.3650693066524091,59.68950626189176,1
20.143524631455954,46690.16494348409,14,South,Mass,39.43074023573278,2,0,14.40745146378483,59.412164545431324,0,0.08359991862344822,50.11062677600321,0
52.82996750446999,64916.986138404674,38,Northeast,Mass,51.89584023559627,0,0,17.190813628497597,69.80136806868968,0,0.4250522366533993,87.77267213295052,0
45.12904116488079,27820.534055833665,9,South,Affluent,42.97791151150844,1,0,11.567275429231941,62.647480253042225,2,0.2269155608104524,141.44395572639002,0
48.315843949159635,27620.326322372563,28,West,Mass,83.20009380291631,2,0,18.92680773560658,51.86171846462812,8,0.8597448565975548,2187.0552572438764,1
24.131272020456645,14000.0,17,Northeast,Mass,62.87635911906126,5,0,8.351704502869856,64.53987409826821,0,0.5130857888288873,140.6503231222753,1
64.31185153600173,49696.3276133509,60,Northeast,Mass,45.47677791513417,4,0,14.908515374464871,69.93141820677896,0,0.3093570801879883,44.9567045369826,0
34.38936364818303,34854.30411088369,32,South,Affluent,62.22484823706716,0,0,20.666947916897026,55.99308266356037,2,0.5013975720147567,142.88114261330165,0
44.102572588890695,39337.11381086751,34,South,Mass,51.05982230109085,2,0,13.673439094464548,57.619772413230756,0,0.2030944679399823,58.048861809499904,0
52.67980825847965,73693.20179279972,62,Midwest,Affluent,38.34058948445712,0,0,17.04227671533188,92.47802586643466,0,0.18424940307374574,35.506038560596615,0
29.6627530525491,31842.361145234907,14,South,Mass,39.348366823684735,1,0,12.246952676179568,67.21840514797933,1,0.5054755016505854,51.313593998340934,0
35.170945518591665,44104.13813137432,15,Midwest,Mass,35.192849769314606,0,0,11.74028406326698,72.27630004541217,0,0.18204912977270626,36.26677608347583,0
44.23964718251093,53942.69164050451,81,South,Private,44.21754274607797,2,0,66.44449665378896,63.84585572345062,2,0.1878179570319092,108.2705458896562,0
77.71841344330883,55663.70466423735,37,South,Mass,63.27945649042597,0,0,17.80208030258321,60.64581974414112,1,0.3398699236282425,238.05793090104456,0
45.764059285650305,29371.20573291869,16,Northeast,Mass,41.7374105696211,0,0,5.840752720341284,56.42538859625726,3,0.37028659085203425,46.79692556604693,0
62.07951438288398,22261.386517724048,39,Northeast,Mass,57.43316843939672,1,0,20.907455842924126,65.07139673973612,1,0.49109901573555775,105.87327055790063,0
57.07091431489945,72198.82770729625,44,Northeast,Mass,70.35604435364094,0,0,23.77781135107163,52.133810725954405,1,0.5525144475684619,225.35155016949997,0
46.60012545618149,35473.51808970467,51,West,Mass,57.109621092465915,1,0,30.103431589018296,58.27936414584128,2,0.3806804985650295,89.3383455500791,0
29.635052854616518,82027.21352238282,19,South,Affluent,37.150063837606815,0,0,18.38141023324015,65.39573972479096,0,0.08495951177668112,44.86581077486561,0
55.24692013522794,15568.957514526151,31,South,Mass,54.75542013320725,1,0,17.004480798430404,25.266518217726965,0,0.21020290415481435,58.05752317223627,0
23.27362072939941,41044.82836599916,14,Northeast,Mass,37.821755814900946,2,0,14.092070113464493,63.41067067484614,0,0.6636186924187573,90.10381288678158,0
62.01093904596365,29866.31408122448,35,South,Mass,53.79095165100383,4,0,39.51504463884789,,0,0.5589362624110008,172.94066119013692,0
44.50006635272819,55252.54579695112,16,Northeast,Affluent,40.83565352689496,2,0,13.439858661942763,61.18701609505679,0,0.3629580550131743,148.44699132498712,0
18.0,71466.6865543878,6,Northeast,Mass,32.054395582659495,4,1,27.701452128596486,78.28126592420308,0,0.1745234237402473,36.20101398190409,0
37.74367381210202,29674.482876150865,43,Northeast,Mass,49.30797450889592,0,0,33.548649917872844,81.65474353691373,2,0.16928487216156476,56.015432078713424,0
50.17434776153676,25314.72134967467,48,South,Mass,50.22446859714389,3,0,15.473191255434829,63.899174196499985,0,0.3220054338514069,32.540007225930886,1
39.03720158700292,24786.377879734868,25,Northeast,Mass,65.98914595585222,1,0,37.99475826383734,61.50107922601602,2,0.7123493636180566,194.73884067127622,0
50.93757263741966,25176.53108887984,47,South,Affluent,68.7277604656803,1,0,7.284633036594094,68.42956695108988,1,0.47455764716580684,171.30384929691002,1
31.374697903596307,,27,West,Mass,79.83796440710576,3,0,13.419025254875578,59.21534466460026,0,0.5041535109673357,624.8274741509485,0
25.675220340154908,45631.62109022797,11,South,Mass,63.679628090513916,4,0,48.708884649575296,61.16740045153205,1,0.28280662081156616,95.69437555543108,0
41.10693246190493,52803.871116962626,17,Northeast,Mass,47.23258767235422,0,0,9.947486286009003,67.16128685290609,0,0.24936336220292754,50.97773337001241,0
42.39457084112394,20293.45363183997,44,West,Mass,64.03410106200012,5,1,5.443679649194373,72.39450447599225,0,0.39711450929324593,120.61777723727171,0
37.64519561172098,21876.734271342597,8,South,Mass,84.69717710019128,1,0,11.637559803816801,26.774738407310853,4,0.8586072056181058,618.7532286995742,1
57.34113933302741,29600.819396983326,58,Midwest,Affluent,57.37391834879846,2,0,42.854992735879286,73.00266231026505,1,0.6135855744125233,214.48906488618633,0
31.37240781076178,54979.29530887498,22,South,Mass,48.32715222725132,0,0,8.177941927034553,85.30174153588591,0,0.11081367330498679,56.171958085964626,0
45.91457009165437,42034.151953299996,54,South,Affluent,36.657913262537505,6,1,28.979325190719894,79.21969225464383,0,0.2187902573051821,30.985544258687014,0
42.84962463954532,34788.62524867129,42,Midwest,Affluent,65.17858627863545,3,0,23.495211370761506,,5,0.5957398994213803,338.21409957948015,0
22.54105059829896,86568.91800787991,24,Midwest,Affluent,32.35625408584236,4,0,101.48762799583643,81.96374556588995,3,0.10023168763178786,100.54119599931546,0
