age,income,tenure_months,region,segment,risk_score,num_products,is_premium,usage,engagement,complaint_count,credit_util,y,y_class
33.259348772949416,14000.0,12,Midwest,Mass,47.55197018555074,1,0,3.1629454487992446,74.80727535356306,2,0.34720460309309104,71.02021668755945,0
69.48559816852915,92017.53344222173,34,South,Affluent,26.154482669072152,5,0,46.007766232883675,74.64164611757086,1,0.18975675128175679,50.11011904199687,0
50.80809790275809,35998.99904406684,51,Northeast,Mass,53.82962408685427,1,0,26.436135053889206,65.07784666548044,0,0.20897653126571483,29.81470577038524,0
37.31513559102177,73006.48233456489,27,Northeast,Affluent,28.992447365413568,2,1,54.794640151126764,82.21589320048541,0,0.38939184445639186,141.085752747142,0
26.69620737447173,20790.259440700473,15,Midwest,Mass,54.44349059226586,3,0,5.8695005982237145,79.11752136441004,2,0.42166012214825593,66.49933155145212,0
45.316471000974786,27720.329868966845,29,South,Mass,45.912727495067216,4,0,14.313043202243383,74.17061702016193,0,0.4441337284176181,110.08711939893668,0
36.20694232968255,23000.05731624346,21,Northeast,Mass,71.7909348760187,3,0,9.431060568530482,57.505793115825426,3,0.5295085486829625,228.80006274660656,0
47.34351302651048,58540.93257062386,48,Midwest,Private,35.07017952146022,4,0,25.502963979262837,62.432540427943934,0,0.2646925519461452,39.11709191757891,0
37.74367381210202,73162.13759635268,44,Northeast,Mass,42.24726676505489,3,0,18.4954296434603,68.6568837344938,2,0.24936336220292754,76.16728367607746,0
64.31185153600173,39375.02987807714,56,Northeast,Mass,53.82962408685427,0,1,36.23276100342284,69.80136806868968,0,0.36275390183034867,247.45436710797227,0
35.25264621233799,18349.33359604035,27,South,Mass,46.216483647063875,1,0,5.629307022290301,57.878765026518764,0,0.4741721713066104,64.35868302964711,1
20.320177969388737,38173.37600894154,16,Midwest,Mass,51.14663771067034,1,0,18.040644955980333,71.86163131523773,0,0.42628670240300087,87.70132885115346,0
49.01926443274556,44733.999561031116,12,Northeast,Mass,49.05584130040007,0,0,37.05815306062695,72.74605651738054,0,0.3848745959112395,62.94646499211845,0
30.907624724969327,14000.0,12,Midwest,Mass,99.0,1,0,17.01607909919361,35.74846196473497,3,0.7549110468573779,961.2455098452274,1
39.00661168604596,17526.080534604585,24,Northeast,Mass,68.20273477865047,0,0,22.096139799146535,42.8902600365503,0,0.5739510020023233,173.87175656868374,0
30.568061915075972,70802.92725084763,23,South,Mass,44.010725820224096,0,0,33.37900225987051,72.54984923373229,1,0.22005511013069778,60.17928031137788,0
38.73223491033703,51963.19961284724,39,Midwest,Mass,63.18690635375675,2,0,21.292945724295457,72.93588982687163,2,0.33238801979015803,139.93945118592555,0
32.724832188878246,43955.55203013891,10,Midwest,Mass,38.585163757011344,0,0,12.595399670493315,58.47932752046717,3,0.5345143615052715,82.77556336565021,0
52.01472965352162,40897.039160976085,49,Midwest,Affluent,62.164076170879085,3,0,18.188375186108157,33.31259844256947,0,0.5995891355599355,150.97690276411717,0
40.89693187133625,74653.8055872114,17,Midwest,Affluent,94.8149303327265,3,0,42.72063039635269,43.76956071179387,0,0.8184393419089544,405.4950107272198,1
50.98866307610421,23402.299795067764,26,Midwest,Mass,64.35809976008078,1,0,11.637559803816801,64.86912019419434,0,0.7123493636180566,194.73884067127622,1
53.190230027827255,27135.141394677303,35,Northeast,Mass,68.31231597460484,3,0,13.957773660709755,48.481449709897944,0,0.716259398253459,235.9645788157093,1
59.854228828298915,64916.986138404674,51,Northeast,Mass,37.116049213659906,0,0,12.458866019389326,80.98008160575019,2,0.08359991862344822,38.02984711618349,0
60.88920707948918,20175.569812910282,58,Midwest,Affluent,50.22446859714389,3,0,13.533925906383626,71.86163131523773,0,0.4561821986407747,145.52332957238582,0
41.335543899128,62345.69748194498,44,Northeast,Private,34.5827602262314,5,1,55.69863729269992,60.80688886427079,0,0.31344565547136327,40.42447284581294,0
37.29256596220643,43008.132900435,19,South,Private,38.585163757011344,5,0,30.619361950450184,72.66370093991823,0,0.08359991862344822,60.5635517809605,0
38.93123137830624,36915.59781469237,14,South,Mass,55.77431658010748,1,0,10.11592225139135,44.468967948924494,0,0.6176517098391425,78.2604328728664,0
51.87594436840289,126279.76113603437,50,Midwest,Mass,32.01642521204245,2,0,28.434425965740797,88.43167618180408,0,0.06287486053717821,36.15989930818111,0
37.91720833040246,14000.0,36,Midwest,Mass,50.28003250430334,3,0,24.143637010245893,74.25438296695738,0,0.2715182028691177,71.8436566267937,0
29.915080985424567,14000.0,36,Midwest,Mass,66.37032093871474,0,0,9.158651024340472,71.04516245238491,3,0.6682181005368871,187.33506875156488,1
39.00661168604596,15589.205787576753,29,Midwest,Affluent,72.99299450239978,2,0,5.318490740788,58.175924580569955,1,0.35934981302520624,297.8460448070931,0
54.54007337022188,86780.74126770046,69,South,Mass,49.19318269633699,3,0,11.617090478758275,65.69447402681791,1,0.48576845573356936,55.336533167017336,0
33.19800078031855,23363.902246370002,37,South,Mass,41.58319399700746,2,0,5.504224795437113,58.05685250142284,2,0.32530918208612547,62.38960280590288,0
28.909890499037047,14541.438832913453,15,Midwest,Mass,67.97207462614902,4,0,11.447798865140742,46.29356206047676,0,0.38941695211218447,173.87175656868374,1
37.51740808076712,38169.37067880277,27,Northeast,Mass,64.63059387196077,2,0,20.49109500341332,83.60714896712825,0,0.5168945729043942,132.18192688602804,1
34.92263406424999,84445.61344796115,24,South,Mass,47.17631437490241,4,1,30.863053391201763,67.95703924691313,2,0.348576355628527,36.33012696233276,0
30.460435949647586,42826.82306785698,39,Midwest,Affluent,34.47841938963515,2,0,18.004704057138948,68.03750801937305,0,0.1937493967859626,46.06852218982043,1
48.97773219434422,21984.395315949016,94,Northeast,Mass,40.821011736340004,3,0,6.0634952152115105,70.10397594420097,0,0.4430628301685611,87.70132885115346,0
36.073994082920485,52700.66027218097,29,South,Mass,25.651231612717822,0,0,32.113456871337,68.03750801937305,1,0.18737247773107887,33.13223570160779,0
38.94864101847373,165456.34809035063,50,South,Private,23.669184320620353,6,0,7.881005215419933,71.56716828407193,1,0.1699667411882161,26.60178777005816,0
38.45821032865626,73434.08164461325,29,South,Mass,36.76816819460378,0,0,20.36730106884766,73.58716660965158,1,0.18567031272487955,38.304169997092544,0
44.136941902343814,34649.440599589216,42,Midwest,Mass,44.51973509973034,2,0,11.578843954986908,66.95439828849835,0,0.21968291678165708,52.856881355556645,1
61.10701017867331,19872.237425998894,40,Midwest,Mass,39.719352909705975,2,0,10.29435767879247,79.04189312258517,0,0.4252822737785443,165.2489986239659,0
33.23698970015244,58107.71976335372,39,South,Affluent,42.50199243547986,5,0,39.598286648713625,69.29152162672798,2,0.23561482837362416,194.505594949343,0
42.099866361349285,60595.71389469398,22,Northeast,Mass,40.6368316557187,2,0,14.105517698822865,63.23116446723616,0,0.4231065325064564,178.71920826304478,0
55.29386160564408,97367.54070676143,23,Northeast,Private,18.085551806401433,5,1,42.17195370183956,88.84469280446366,0,0.19754571565159743,26.625422723292047,0
34.38621070220849,14000.0,29,South,Mass,65.62701902165604,0,0,4.019280241534574,47.14506131688651,0,0.668412699901698,155.39565176170902,0
24.227974136911055,23411.101796725598,25,Midwest,Affluent,58.533223122312634,5,0,9.300227082627464,78.87761269298272,0,0.506824701627797,128.26182524571146,1
51.28256199044115,171898.20041125297,19,Northeast,Affluent,19.134155424335923,4,1,56.461344501437054,90.1928082289761,1,0.10023168763178786,48.6735939540585,0
32.00829419593783,61431.421420982,48,Northeast,Affluent,94.8149303327265,2,0,21.959647214000324,44.89658873675122,0,0.7643864547410126,405.4950107272198,0
45.088782060380254,120405.0621563559,50,Midwest,Affluent,32.35625408584236,4,0,27.327384833977614,75.58564478318877,2,0.07603287537840057,35.64088406631765,0
60.88920707948918,42826.82306785698,67,Midwest,Affluent,56.52473861555249,2,0,15.866147178555131,75.99124241521223,0,0.18005194009827197,69.26557003463182,0
42.186073440094944,83323.62608759668,37,Midwest,Private,48.609110594332925,2,0,47.94138967983045,60.81128056868241,0,0.45718253058525,142.94813316133605,0
41.33281444464362,76069.89835268159,18,West,Mass,43.99984777788465,2,0,25.676256056010438,77.08827435225693,0,0.15778152421149996,129.54141643163067,0
48.29562859405067,44104.13813137432,32,Midwest,Mass,52.96647129077088,0,0,7.7819173905068135,78.47225135684239,0,0.4307182453868691,89.57709325450155,0
38.04843910039391,32741.118377289902,25,South,Mass,52.04765660279369,0,0,14.730093088476236,55.29833427149756,2,0.17595947311668259,111.69483655406148,0
37.58629585727743,36553.91656783349,25,Northeast,Mass,59.471519313371346,1,0,23.293789570482954,73.04846216092396,0,0.25276722388214906,167.0675678644147,0
39.827970132973,54354.986161653855,25,West,Mass,63.27945649042597,3,0,36.83731479061747,71.40144037581807,0,0.40953884849359196,140.6503231222753,0
36.399215823221894,49696.3276133509,42,Midwest,Mass,48.211781453161684,4,0,45.04282518013053,53.23485481761949,1,0.08179241596359171,52.027160313985654,0
37.58629585727743,60418.27876931689,24,Midwest,Affluent,56.27372122331662,2,0,27.062168940994408,61.73761143255052,0,0.34355725501321294,138.66908950388984,0
24.98728840115663,26271.59757915584,9,Northeast,Mass,42.91360035685776,7,0,13.549464898118986,60.967507709923126,1,0.28947974269662746,116.55541775813592,1
34.75699893022876,28178.617386471473,48,Midwest,Mass,61.95963999171314,1,0,19.456246466749167,40.60470485298913,1,0.6175344969298099,459.7118021543011,0
36.31103332451666,48822.7037323298,19,Northeast,Affluent,44.280826183792186,2,0,18.4954296434603,70.97705952755685,0,0.28144017450952785,67.43964420501571,0
30.774778082322456,21919.312820234863,17,Northeast,Mass,60.64122632027191,1,0,8.383090075344764,54.23827836183171,1,0.5728245691802483,56.66228822793963,1
42.38918566181222,14000.0,35,South,Mass,51.87997127555571,1,0,8.95464203193994,46.5597883340857,3,0.31460169254076986,69.05567300776156,0
18.0,21248.540046335795,14,Northeast,Mass,33.30039417876216,2,0,5.7000691845148115,67.70614718033076,1,0.11899668152600426,56.65903107345373,0
39.88838554594077,22135.023034902035,43,Northeast,Mass,59.29119358452076,1,0,5.086348054596526,65.89087465606441,0,0.3166101865270868,50.97773337001241,0
46.86631738880513,17038.74132564103,49,South,Mass,78.67706002902646,1,0,5.33766804991431,39.717573537543196,0,0.60782803800724,103.36087780689496,1
34.92263406424999,19712.91915499856,22,Northeast,Affluent,41.7374105696211,0,0,9.00602865835594,60.967507709923126,5,0.271467249334107,58.5839797007879,0
43.71091650861731,44200.994982202246,47,Northeast,Affluent,38.236072141058976,1,0,12.712329452827312,80.98008160575019,0,0.2586669692612451,33.14206574896208,0
23.077979667000307,129148.55289225906,14,Midwest,Affluent,40.52041583522962,4,1,30.94718209522098,83.46931844003824,0,0.15778152421149996,92.82585874157347,0
76.24380166385382,38279.53923981813,86,South,Affluent,49.482660753370645,2,0,11.49029945195428,57.09836548829009,2,0.16220180407254878,63.647149037537275,0
37.169427972169785,75922.26768411208,19,Midwest,Private,34.46369522555445,2,0,15.500573297954054,75.15901131079609,0,0.1849758086402555,42.071547601639715,0
41.10854916092582,109796.37760804202,34,South,Private,24.99896864598021,4,1,63.86523032829439,90.36275918724712,0,0.11499276539660684,189.3716139128651,0
30.460435949647586,119472.47882109137,52,Northeast,Private,31.984939486643697,3,1,72.12533687337108,91.22085242815054,0,0.19754571565159743,540.6599496441493,0
39.2550751342655,19005.299639164186,22,Northeast,Affluent,73.18782900650194,2,0,22.096139799146535,53.897922143762095,1,0.4862686175269238,2817.6675765771174,0
42.186073440094944,29600.819396983326,42,South,Affluent,62.378070922217454,2,1,24.83518792113647,50.2519136962872,1,0.7039097366569677,283.8591203174499,0
38.80450368690256,15955.649266064676,31,Midwest,Mass,70.91292210243616,5,1,4.019280241534574,58.182883895315236,0,0.6533891837266268,272.45143571750043,0
47.03050941679402,20794.320557114108,34,Midwest,Mass,76.36352052430891,1,0,13.409707742982846,72.95828303910322,7,0.6305156144746622,228.1697226803787,1
33.58786227840669,35690.21703472804,27,West,Mass,40.36462779942926,3,1,19.192944132488048,77.158045570559,4,0.16333162568663884,56.015432078713424,0
51.614343774585095,14409.109614848214,47,South,Mass,96.05774568916621,2,0,18.663485070192333,59.518763449834054,0,0.6829985084703024,1865.0631829751694,1
37.46736311953853,24701.14208011565,14,Midwest,Affluent,62.93930833986458,4,0,28.943668554405146,60.64581974414112,0,0.35934981302520624,111.67793573042043,1
38.92849032922251,14000.0,31,South,Mass,50.72364955697276,1,0,4.849729660120846,54.299265175681334,3,0.4507276410042736,131.06721743432274,0
26.816645908642982,16926.085475555985,29,South,Mass,65.39729719413653,1,0,7.009292015752186,48.14631385676259,0,0.5755032295831788,67.53716524731895,1
35.83913815219498,14000.0,21,Northeast,Mass,64.04651296661336,3,0,11.840793555884757,51.89364791761088,0,0.757168803279809,364.5158966054509,1
56.95784836233763,24177.124755788984,37,Northeast,Mass,66.47237105545032,2,0,31.982140867743908,52.09439968064407,0,0.6153186930873898,246.4535785372492,1
39.5146049627641,37846.98388167853,13,Northeast,Mass,69.21443852726118,1,0,12.639212426863345,49.93546571431123,0,0.7020857315746756,364.5158966054509,1
53.5587399596224,73212.56817135026,100,Northeast,Affluent,50.924840171394656,2,0,8.382741005075534,77.45984608399266,1,0.172335874215552,60.530476035499454,0
25.181611275838822,20794.320557114108,23,Northeast,Mass,71.7909348760187,1,0,7.284633036594094,53.96598527706108,3,0.35934981302520624,580.9203019977892,0
49.3407207718105,220438.08214845954,77,South,Private,48.98187374765059,4,1,27.123402880632614,75.38674125099922,0,0.3527845261599721,215.7816130842227,0
32.97049551415768,60595.71389469398,50,Northeast,Mass,44.010725820224096,2,0,17.11289943755775,75.64886696475652,0,0.3093570801879883,75.70155941256294,0
38.827030485930834,29769.236773324712,20,Northeast,Mass,51.522741662207125,1,0,39.51504463884789,54.744563716996765,0,0.4441337284176181,63.79873076530054,0
37.6453829595741,43378.91578260703,35,Northeast,Mass,51.27356462051789,1,0,37.05815306062695,67.33825854392624,3,0.36185283466159146,31.48218189031666,0
59.09251909673027,29769.236773324712,54,Northeast,Mass,52.16406037885457,1,0,5.908686959504665,65.07784666548044,2,0.16457708854604222,42.25371905828999,0
28.175188133259752,41691.04308600035,39,Midwest,Affluent,32.50417484553802,1,0,12.595399670493315,66.15541942537791,0,0.18737247773107887,33.520857203480595,0
37.169427972169785,121843.8169184775,22,South,Affluent,36.13975226350877,1,0,13.43978725762842,74.95326763560429,0,0.11437037548610308,44.82090418323641,1
24.33103345434184,28041.693297400383,14,Midwest,Mass,72.74718645651151,0,0,12.711176971830865,53.96598527706108,1,0.2781546892558487,427.5710539038892,1
46.512513795393005,14000.0,33,Midwest,Mass,66.53402234545452,1,0,12.024810939789244,57.56190354473043,0,0.36435695218607433,291.40031787467797,1
40.498934436640695,32948.67615027482,14,Northeast,Private,50.07771494190562,3,0,9.979978993421291,79.64377834727918,2,0.2269155608104524,145.964017692602,0
58.01180260975531,25035.232618293856,37,Northeast,Mass,57.43316843939672,1,0,19.456246466749167,50.03225700876346,1,0.8007031091172346,364.5158966054509,0
41.02033714842797,34854.30411088369,27,Northeast,Affluent,55.05596704820342,1,0,15.156408909005227,56.67311502032978,0,0.39566947635273236,146.15430810406053,0
39.856877106402585,37349.34211374621,31,Northeast,Affluent,45.32590325927299,1,0,12.619496711587558,53.14070890931786,0,0.271467249334107,154.9321788284515,1
35.614036395885655,48658.06341044983,38,Midwest,Affluent,64.28200171989602,2,0,27.062168940994408,64.86912019419434,0,0.45901830099926133,141.99219374492418,0
26.16754662836447,23000.05731624346,21,South,Mass,36.061832575515005,2,0,8.701077396082747,64.923626998379,1,0.32374499639803206,45.02306143814203,0
51.89373665106031,19435.09221675133,43,Northeast,Mass,72.56258045152263,0,0,23.359713521898808,58.175924580569955,1,0.6116265789171573,508.28165206530747,0
60.22713509348887,82987.25971999679,50,Northeast,Mass,32.946056227149,2,0,10.238846998110615,73.62115156918286,1,0.06613189824779961,37.93365055592889,0
55.969677461664446,26551.39160804642,47,Northeast,Affluent,56.327849847435445,2,0,20.907455842924126,49.57209831239687,0,0.3656057794350447,80.01190068504519,0
46.69662872015446,52042.745109682095,13,Midwest,Mass,55.80273694376645,2,0,18.78356364095974,37.5288987263758,2,0.4979704509174641,114.514963333411,1
42.84962463954532,52779.400607810334,49,Midwest,Affluent,64.28200171989602,3,0,60.21090686829913,37.04490930676303,0,0.3976409423655068,93.54605078158868,1
39.03720158700292,60418.27876931689,26,West,Affluent,65.58672035431,2,0,21.374651759814192,62.857915949025944,2,0.40953884849359196,257.7715788646639,0
39.18041223664245,55455.19467820016,21,West,Mass,48.737297464541975,1,0,13.902075969941984,59.529049086286584,0,0.4906934205908111,93.73523321605344,0
54.990670120425754,35100.743767558124,19,Northeast,Mass,53.4778202511186,1,0,14.095209965571607,51.663366498261105,0,0.32445654608994823,132.16351895875025,0
32.97049551415768,60595.71389469398,46,Northeast,Mass,34.77268456964876,2,0,14.763442054952023,81.13220209941251,0,0.1406653426679513,27.64251709616475,0
25.960652467454253,38596.22401280296,14,South,Mass,66.59836093595638,0,0,33.351112389452965,42.90991377522407,0,0.4442874648175955,102.2662250555431,0
52.01472965352162,29902.72288690356,47,Midwest,Affluent,54.158111931514206,3,1,14.434867002843916,60.66485286810135,0,0.5589087497321884,159.20847147875207,0
29.987545725946,18383.848594989176,22,Midwest,Mass,55.46300771011657,1,0,8.340447660251836,79.62921298845107,2,0.25214831998997456,66.02593184920215,0
33.07336134749936,39886.95184094858,8,South,Mass,54.88348565347558,2,0,15.866147178555131,53.32379394290219,0,0.43547395112396853,136.50707021059236,0
40.690166829402365,14000.0,24,West,Mass,47.55197018555074,0,0,6.235177658274629,67.16428407190845,0,0.3447489539550853,60.84813387804391,0
28.95110281763168,82324.89481002024,8,Northeast,Affluent,52.99700207537946,5,0,45.95693529687141,84.05473063885313,2,0.20101623011557748,127.62770518420135,1
45.764059285650305,14000.0,14,Midwest,Mass,70.48376772279718,0,0,5.604186289343553,55.827243842176564,3,0.35934981302520624,329.21569700542835,0
26.816645908642982,16289.684234382217,20,South,Mass,66.5598985384706,5,1,4.019280241534574,53.27067846162533,5,0.606638911408712,150.97690276411717,1
44.96672629742309,48515.95051548001,30,South,Mass,48.211781453161684,3,0,37.51376874699789,60.53742224053992,0,0.49691787972231233,64.35868302964711,0
40.82635216852043,61863.321321316915,49,Midwest,Mass,44.15027316516562,2,0,37.51376874699789,70.99926785524022,0,0.1238359013208477,69.834880565468,0
34.92263406424999,52700.66027218097,21,South,Mass,48.36275828682224,0,0,48.80954109064208,67.16128685290609,1,0.36937662827873363,63.76947765384958,0
24.07222240677996,28178.617386471473,14,Midwest,Mass,35.974611513377475,1,0,14.313043202243383,80.41769176966109,0,0.16457708854604222,66.71371699981982,0
40.823486692902264,72470.15643958378,18,Midwest,Private,55.71964588493593,1,1,19.272287932205295,60.140704717232055,1,0.7610381269398506,364.5158966054509,0
38.45821032865626,74653.8055872114,24,West,Affluent,42.385028936989094,1,0,31.193378153675724,69.72995949998764,0,0.2414901100834482,150.0104211268686,0
51.83855552622755,19613.017057495148,30,Northeast,Mass,65.41385015531675,0,0,9.393933082671401,58.14613311373511,0,0.4616200224018388,243.73020067238176,1
48.098541775244584,34726.91983269535,21,Northeast,Mass,28.529379008463096,1,0,14.908515374464871,60.397823306076226,0,0.31344565547136327,33.14206574896208,0
18.0,28191.177119753786,8,South,Mass,59.765132610260096,2,0,9.244653852562026,56.78172648083693,3,0.40011946162363565,125.36203646573463,1
32.12804899844025,47774.51616425666,47,Midwest,Affluent,55.54188099835905,2,0,19.179913418272925,75.99124241521223,1,0.1606004130420875,69.26557003463182,1
50.17434776153676,26996.017313033983,38,South,Mass,61.02792973570145,2,0,13.957773660709755,65.19718625103081,0,0.6149139771411933,90.61003829635668,0
24.227974136911055,23402.299795067764,24,Midwest,Mass,58.533223122312634,1,0,18.425100537861343,60.374921845239285,4,0.3578320316289118,247.45436710797227,1
37.64519561172098,17038.74132564103,8,South,Mass,59.56625733598284,1,0,15.0293816378132,72.84888338173982,2,0.3081589367357896,127.42918350397152,1
37.64519561172098,73212.56817135026,8,Midwest,Affluent,94.8149303327265,3,0,36.83731479061747,69.82294727672245,1,0.8730590389564188,618.7532286995743,1
44.696233923574404,44403.02708805699,23,Northeast,Mass,59.93447830345134,2,0,14.092070113464493,76.2272189174283,3,0.41195681929129957,63.00054406989568,0
36.26989656808553,40375.51664477252,12,Midwest,Mass,44.37200803296913,1,0,11.807549390174714,65.46047315128295,0,0.32429138709786287,123.31937730931378,1
62.294839724661074,20794.320557114108,57,Midwest,Mass,65.91810080962442,0,0,31.982140867743908,68.42956695108988,8,0.7615356873676941,263.6205641013058,0
32.91257034490816,22791.223721236336,14,Northeast,Mass,38.01911796353896,1,0,10.096147827573935,80.41769176966109,2,0.16075974914976224,61.17656482586127,0
48.315843949159635,34216.373355138516,25,South,Affluent,75.38400950621366,1,0,8.593980055575361,39.246860655674574,0,0.7909527455792409,103.36087780689496,1
32.94282714765115,19688.935969129234,17,South,Mass,86.00369698047179,1,0,12.352106421262683,43.06301179393246,4,0.6036701993040442,667.3168722169112,0
26.85112850023404,14000.0,28,South,Mass,76.29125586454971,1,0,6.700173690385981,49.93546571431123,0,0.7238037111345033,580.9203019977892,1
39.99633821471226,48496.71729473709,32,Midwest,Mass,41.80007446706792,2,1,34.201632034146904,65.58159643089776,0,0.10691043951062967,51.60931658800083,0
40.90090738225128,24177.124755788984,58,Northeast,Mass,46.447054478474506,2,0,11.068580746993781,56.62423698524179,0,0.2764905474730596,62.462185549183644,0
51.511819073513955,27720.329868966845,14,South,Mass,61.87458570965226,4,0,9.244653852562026,57.61690891731668,2,0.5020166691780744,61.83511880958612,0
49.01926443274556,67324.70461406732,17,Northeast,Private,53.251169155330345,1,1,33.24081838846634,60.251914335265795,0,0.6235850637936398,146.05117278232345,0
46.164281650938875,22135.023034902035,39,Northeast,Mass,52.16406037885457,1,0,13.501769980352098,47.35165024396518,0,0.32530918208612547,65.46296301959639,0
62.969618123442636,119472.47882109137,65,Midwest,Private,19.134155424335923,4,1,13.70471792544074,97.25892278554383,0,0.04793638533046307,31.262514062044612,0
24.98728840115663,33351.768778563855,8,South,Mass,54.74645374956786,2,1,9.47130123938874,78.19841027887121,0,0.291287832142534,62.4394847920415,0
58.75318001189786,29866.31408122448,37,Northeast,Mass,68.7277604656803,5,0,13.414726135815986,68.42956695108988,1,0.41801381669669396,219.18692672564757,1
26.69620737447173,19471.727427727034,16,South,Affluent,50.180717233532235,1,0,13.21234543663449,67.33825854392624,0,0.16220180407254878,58.5839797007879,0
54.10925664904448,46111.60677759508,15,Midwest,Affluent,35.6543228163492,2,1,22.57019037862977,64.58517388444707,0,0.18204912977270626,42.071547601639715,0
59.854228828298915,53515.601037042456,50,Northeast,Mass,31.943652522834903,1,0,17.496470959240643,76.89346691810887,1,0.09399645043177306,33.03732726943788,0
35.899751230475815,14000.0,14,Northeast,Mass,55.74242848034698,0,0,2.1291448874039203,56.05854047849885,0,0.2793943898093559,45.156911857503104,0
58.87712564077515,14000.0,42,Northeast,Mass,68.46799273933836,2,0,11.152220467455523,54.564248089692214,0,0.35934981302520624,115.23985322552838,1
37.524883676362215,32483.689936641484,38,Midwest,Affluent,54.941497870319594,3,1,10.287910275477797,60.140704717232055,2,0.44397836432632354,291.4920414320389,0
28.840211711104217,14775.683487884606,11,South,Mass,58.034775620920826,2,0,4.457605706984425,56.63950209219562,0,0.3633640316886308,78.6551132123346,0
44.887624715693924,45771.2305273356,63,South,Mass,63.18690635375675,2,0,51.707388558237,66.79207893333101,0,0.255881373883829,139.93945118592555,0
28.95110281763168,14000.0,10,Midwest,Mass,56.48236565905013,1,0,8.351704502869856,52.80498814369615,0,0.43153648583101384,213.5721381835441,0
76.99621527296637,64916.986138404674,49,Northeast,Mass,33.76533821096916,0,0,9.849235494104406,70.92480894635517,2,0.1937493967859626,33.520857203480595,0
28.95110281763168,21686.501484424258,10,West,Mass,41.775069855783016,3,0,7.664298117747703,57.878765026518764,0,0.28261983740376656,78.30710882566329,0
37.29256596220643,99048.91579291693,19,Northeast,Mass,32.946056227149,1,0,18.082940440695555,78.19259488349945,0,0.10668054919488025,40.265486655506784,0
46.8041744914176,67324.70461406732,57,Midwest,Private,25.799475847558682,4,1,29.125271484334625,64.58517388444707,0,0.3015631970093006,38.18315888824526,0
39.00626705516567,14000.0,26,Midwest,Mass,91.39705228044316,0,0,9.640518003598604,62.531008106707276,5,0.6941066787317061,1865.0631829751694,1
58.36907045643001,185423.73107479766,67,Northeast,Private,56.575224058514195,4,0,41.60435368979745,57.98078061586248,0,0.25276722388214906,104.45291002168469,0
18.0,32702.072214701224,29,South,Mass,44.25290515326698,1,0,14.313043202243383,67.35628254853376,5,0.2501064200202137,57.17755661173206,0
39.047746222091874,45686.44745567598,3,South,Mass,54.04642329590419,1,0,16.318256732511713,61.57979972071006,1,0.6235850637936398,89.62607437386228,0
25.042501863261077,20229.008812608314,15,West,Affluent,65.22726956900848,1,0,23.832361739418356,39.51023743529419,1,0.6765415234304706,146.05405979997187,1
44.867345768655746,36037.5902102011,41,Midwest,Affluent,56.19846845229725,3,0,7.533624398552838,61.73761143255052,1,0.28194600782237383,93.73810565956144,0
28.892604439655102,27926.536157471746,27,South,Affluent,47.73077501056162,5,1,15.600974404136446,51.48208981905878,0,0.38199279571282163,205.39680607414252,0
62.802915643720475,78554.40008644435,64,South,Affluent,41.094101426906036,2,0,17.51020011200194,68.6568837344938,0,0.17736175337157517,68.3089389321701,1
46.28308998993504,29329.04232352361,16,Northeast,Mass,66.95507337245039,4,0,18.92680773560658,61.50107922601602,0,0.6101840455361948,263.6826937433212,0
44.69179741610937,53391.85945329247,11,South,Mass,39.43074023573278,2,0,6.590848377174321,78.27054964416836,0,0.36782846467892366,40.22153820555996,0
48.82611538539286,18810.712606206762,59,Midwest,Mass,47.89238018339674,1,0,11.068580746993781,65.64408306872636,0,0.21188816062367358,65.39625972389543,0
58.30412665825598,43008.132900435,33,Northeast,Private,43.65314830030646,4,0,11.226840843275909,76.72688459526795,0,0.19848351917932575,55.95871195020117,0
32.640629700238534,35327.1992251446,15,West,Mass,40.02808639018066,1,0,15.587973830399923,60.05880383650183,0,0.36800791680305595,63.35590060075419,0
51.335585132928685,96977.3937465093,40,South,Affluent,27.640616959571872,2,0,18.079239606668335,85.99649338399155,0,0.10668054919488025,35.64088406631765,0
63.15393945147265,87876.61537631728,70,Northeast,Affluent,48.75508256023719,2,1,43.42462061419105,59.68129138767487,2,0.42434322453203016,209.06989481020312,0
40.498934436640695,29191.88003886815,14,Midwest,Mass,38.62218911930517,1,0,12.246952676179568,70.50502197685981,0,0.16457708854604222,47.194030386078474,0
76.1411088644944,78604.48839456978,24,Northeast,Mass,53.251169155330345,3,1,36.03700896169026,76.51308041798889,2,0.5919625736677511,89.62607437386228,0
51.49231511038429,20501.813726565535,25,Northeast,Mass,84.69717710019128,1,0,8.819459414665012,43.06301179393246,1,0.8597448565975548,1865.0631829751694,1
46.98879006622816,82027.21352238282,59,Northeast,Affluent,57.92451581388419,0,0,43.35122801131142,75.24555171753397,0,0.18005194009827197,187.51062885845676,0
65.94293364466076,14000.0,40,West,Mass,42.19732708998298,1,0,4.8168807008662435,69.29572552517124,0,0.18264237738159766,46.90851984410328,0
46.512513795393005,23402.299795067764,32,West,Mass,65.22726956900848,1,0,12.376367568401601,53.991922076259385,1,0.5295085486829625,226.89608636119434,0
46.70086995400964,35443.42686804495,38,Northeast,Mass,46.35185421734937,2,0,16.361362914108582,58.860602953545765,0,0.4683647437474737,73.68752841601648,0
42.762685692677564,98517.87739931651,19,West,Affluent,32.35625408584236,4,0,39.539310894107125,83.06406079185838,0,0.18975675128175679,60.5635517809605,0
58.511375033373405,35295.84314505764,65,Midwest,Mass,58.554489295745164,0,0,7.140345735055259,71.31532353840707,0,0.21650732182824087,60.95196574315112,0
40.769782391777746,38169.37067880277,35,Northeast,Mass,70.47583382846132,2,0,27.03638371608011,53.296937363191326,0,0.255881373883829,79.20935118978892,0
45.12904116488079,20175.569812910282,9,West,Affluent,37.14364490398365,3,0,12.740977790324433,66.74655334183899,0,0.5690503489448843,67.60288674298853,0
24.287388586212675,15875.010648587478,17,Northeast,Mass,46.216483647063875,3,0,10.50201540334988,46.5597883340857,0,0.18264237738159766,66.69123718880141,0
57.95588603476161,21760.131444856986,95,Midwest,Mass,57.56688188281752,1,0,27.38864967085841,79.62921298845107,0,0.5919625736677511,97.7801012923367,0
55.222934601611335,25876.369589474165,47,South,Mass,67.838968436567,2,0,11.342436715402025,58.68929899620612,1,0.44640721328881594,250.4413256103844,0
30.828045771319097,14000.0,27,Midwest,Mass,56.061157290973455,2,0,4.5791683857033405,38.13574008500602,0,0.3924616996848125,99.72544415524523,0
46.69662872015446,73434.08164461325,18,South,Mass,36.76816819460378,0,0,27.62693562789574,75.15901131079609,0,0.2550618965686675,30.293502002011998,0
57.95588603476161,84445.61344796115,70,Northeast,Mass,58.35970477961196,0,1,30.195150430735403,61.46263350184302,0,0.29727669365898884,72.0278911517597,0
30.774778082322456,22237.222205610517,15,South,Affluent,44.25290515326698,1,0,12.362461250299763,53.94084665082282,3,0.5197005456415452,141.085752747142,0
38.80450368690256,14000.0,30,Northeast,Mass,82.39920296502801,2,0,17.448129683136838,46.92634338110365,1,0.8597448565975548,4406.080185753026,1
59.78868936889525,46139.41260904737,83,West,Mass,52.508475408797814,3,0,27.989776859755356,67.50547010430729,1,0.3865648551129946,103.81976880728482,0
38.72027336612292,14000.0,19,Northeast,Mass,49.75369473486776,2,0,4.457605706984425,81.30894510846538,1,0.19420356965546953,104.53082689301549,0
48.82611538539286,33441.64238629263,59,Midwest,Mass,49.82087074920426,1,0,9.47130123938874,65.8073245838087,2,0.2604228870490337,32.540007225930886,0
32.23571884646527,17168.45504945736,28,Midwest,Mass,64.56180847790249,1,0,11.065642784284522,60.821736573415656,0,0.6756275097477983,147.81749694428535,1
23.399290700851836,118211.17800870612,24,West,Private,62.69168218577472,4,0,24.835441009346823,64.04361806350398,0,0.590609988091662,223.8299657247339,0
45.5226068585444,41044.82836599916,40,South,Mass,34.326910996815286,2,0,23.403467055136435,69.52312941618874,0,0.1139891434673436,37.93365055592889,0
25.042501863261077,38149.061576555054,16,Northeast,Mass,79.69550270061146,3,0,15.156408909005227,53.296937363191326,0,0.6856888526327551,1194.9940760835773,1
50.95244674640844,30040.538071789826,33,South,Mass,68.72483061367952,1,0,9.768311173389389,53.27067846162533,1,0.5388150437623191,359.3552513834563,1
47.21713503789786,35639.75226528252,57,South,Mass,70.8198567800138,0,0,21.833232528175046,54.279487397145985,1,0.41801381669669396,329.21569700542835,0
37.37874068489032,52700.66027218097,40,South,Mass,43.1585220165256,0,0,31.349329120879172,91.44542846237673,1,0.15893307369533374,42.25371905828999,0
38.93123137830624,31523.760138135727,11,West,Mass,61.25569760991952,1,0,5.455253438739857,50.00081801707793,0,0.5846571086511309,371.97454183091077,0
26.665390818104548,50066.85471980608,15,South,Mass,63.99361804602977,4,0,32.113456871337,64.86912019419434,0,0.3319813932342089,162.69180363737686,1
51.36938173657683,29560.543921258413,16,West,Mass,56.94197977080425,0,0,16.559972436266687,73.41943915161825,2,0.3578320316289118,179.000713543774,1
51.330227745412,132127.2609144349,39,Midwest,Private,50.105149780937225,3,1,43.42462061419105,57.93490010842319,0,0.45718253058525,237.47737532647952,0
49.105119057185235,34017.01127559048,12,West,Mass,60.4169936118786,4,0,8.764244128146752,53.552208506001556,1,0.43547395112396853,70.08074073055668,0
20.001139100544435,27557.67487279207,7,Northeast,Affluent,52.42113771999884,3,0,8.263801001549558,67.20160847144143,2,0.6911032786151109,56.53517134510555,0
58.7047432234603,47385.83124993351,88,Midwest,Mass,48.36275828682224,3,0,16.310609715548946,67.16128685290609,0,0.19695326499837124,60.95196574315112,0
24.836866755391977,55455.19467820016,28,Midwest,Mass,40.00859754702404,1,0,33.37900225987051,60.91689373084561,1,0.4020030682351248,83.91334213534317,0
42.36299464381615,36037.5902102011,38,Northeast,Affluent,54.32465748884104,2,0,26.662113430967878,55.89000251873091,1,0.6050012739890347,126.88549528780797,0
41.51362456517228,25613.38830943945,43,Midwest,Mass,65.22726956900848,0,0,6.76186164883908,48.97181067657342,2,0.7138341743020421,669.4224736489384,1
43.71091650861731,78671.28050706773,40,West,Affluent,56.12332817619647,1,0,17.51020011200194,54.52175464709332,0,0.16891913838048778,39.21202231615056,0
18.0,58141.8039266956,21,South,Affluent,40.00859754702404,0,1,63.61781499341073,65.58159643089776,0,0.09788344568944339,540.6599496441493,0
20.645001338083155,14000.0,11,Northeast,Mass,55.74242848034698,2,0,15.178648415328212,42.210573232714495,0,0.5890674605311241,117.795089515309,0
34.54535415454028,32741.118377289902,25,West,Mass,77.04704315529158,0,0,10.552531484741555,45.43126289874252,1,0.5845385663267434,252.2430895255427,0
54.54007337022188,14000.0,92,Midwest,Mass,93.40828152201883,0,0,9.244065079798752,26.774738407310853,8,0.8478089066567516,618.7532286995743,1
29.385620732914475,69744.35166045239,9,Northeast,Affluent,47.362259924359606,2,0,19.854951771756333,58.91727409231571,0,0.14738310192857815,174.88343168373459,1
46.10342452601288,14000.0,27,West,Mass,99.0,1,0,12.024810939789244,58.07001320200516,5,0.7549110468573779,4406.080185753026,1
35.16244098943756,20652.735144749335,46,Midwest,Mass,62.93930833986458,1,0,10.590435609111156,64.86912019419434,1,0.7922345626488727,63.63971118645196,0
51.380294430044714,37518.17304569966,27,South,Mass,78.56834229444013,0,0,29.524052795369013,49.913569069481575,0,0.7786958659227442,2817.6675765771174,1
71.44776476997689,45295.95507682074,49,West,Mass,56.52818403346488,3,0,20.27651120494047,80.55187520995581,0,0.5919625736677511,174.1300044479249,0
48.315843949159635,18349.33359604035,28,South,Mass,62.46719694535755,1,0,18.725047415085548,48.39718003872324,0,0.7558300111960765,364.5158966054509,0
32.73726775276381,38906.527175654744,21,Midwest,Mass,54.44462929323992,0,0,37.89186752834498,74.40142079096401,0,0.32098876919360075,110.07865125636526,0
39.698588348535445,21990.002959164027,41,South,Mass,65.41385015531675,0,0,9.300227082627464,75.39767859392839,0,0.23793953247308813,79.18246843487968,0
28.242933337123105,44200.994982202246,11,South,Affluent,46.21482639231384,1,0,12.595399670493315,73.02646502957786,0,0.2189685880690326,145.964017692602,1
64.99377503528204,21984.395315949016,54,Northeast,Mass,63.925237344502804,3,0,11.664613681452453,74.94909079681922,0,0.5130857888288873,140.6503231222753,1
46.060645731388064,71821.66126078849,42,Northeast,Mass,34.77268456964876,1,0,11.946439002265477,81.96374556588995,0,0.2007065922773117,31.262514062044612,0
47.02186149149683,55455.19467820016,18,Midwest,Mass,40.00859754702404,1,0,17.80208030258321,70.99926785524022,0,0.21336221495857843,57.167965869126654,0
48.098541775244584,64099.636331866845,20,South,Private,46.424048410500426,4,1,44.988108087361006,65.58159643089776,0,0.22635672405446264,140.35131477473914,0
18.0,24008.810289654237,10,South,Affluent,40.821011736340004,3,0,4.470914061237284,90.80218506535783,1,0.31396281145165744,174.88343168373459,0
58.97730183881224,27817.293894866685,53,Midwest,Affluent,55.33887055042844,3,0,12.382124675648276,73.00266231026505,0,0.7822095659816691,78.53387548111107,0
41.51362456517228,34726.91983269535,38,Northeast,Mass,48.24008652399995,1,0,26.436135053889206,51.48208981905878,0,0.21249605662714174,29.81470577038524,0
34.98876136445217,28517.793789673342,14,South,Affluent,52.42113771999884,3,0,13.28975760136335,54.69257683116126,4,0.2269155608104524,68.13084175127946,0
36.47680272133913,33434.600740404334,28,South,Mass,61.87458570965226,1,0,7.512837503352304,58.873142143323506,0,0.27026882295638727,147.94487047638796,0
29.500190239870037,28633.594982104114,17,West,Mass,61.17570704924282,2,0,16.90502623066403,53.34114376270004,0,0.5777490368435477,125.34584332966165,0
51.02752136208072,55468.81170584213,91,Northeast,Mass,56.78704556053674,3,0,6.103639787425827,66.16214496452577,0,0.21650732182824087,42.54141807625997,0
53.93284742065383,27557.67487279207,34,South,Affluent,81.72787234778833,3,0,13.957773660709755,63.36212233684929,0,0.7643864547410126,98.54116306150809,1
28.795669206206775,95213.40546585727,52,Midwest,Affluent,33.937384445254736,5,0,109.65419008260729,71.56716828407193,0,0.030945052558860264,100.54119599931545,0
50.95244674640844,26901.53506028602,31,Midwest,Mass,54.39071713836383,0,0,5.227872733547239,73.00266231026505,1,0.5075224563314541,107.36154215543904,0
54.4369449695833,31523.760138135727,32,Midwest,Mass,53.900302294076006,1,0,8.296237594184133,58.52935669437362,1,0.35340431105216796,92.64079717748264,0
54.26340998364791,39086.43713357416,47,West,Mass,48.91969548201104,0,0,12.49977935790888,58.17616450265728,2,0.41810279081640384,87.77267213295052,0
24.227974136911055,64099.636331866845,23,Northeast,Private,55.71964588493593,2,1,21.10587550822359,68.48136278617149,2,0.4464116860991756,157.61049570544603,1
30.019261178809206,65549.38413758694,49,Northeast,Affluent,48.75508256023719,4,1,19.192944132488048,73.673290585168,0,0.5124636637309203,120.14428492908777,0
46.95608521763648,14000.0,22,Midwest,Mass,51.68645526150351,1,0,11.206901522512453,58.27694986021726,0,0.3447489539550853,63.35590060075419,0
43.71091650861731,65389.28370354206,35,South,Affluent,34.46369522555445,3,0,21.369302609849033,70.92480894635517,0,0.28341966385982076,78.87992109876066,0
36.45787650591092,44460.89035933244,34,Midwest,Mass,63.25346687254641,2,0,63.18660807340673,70.08539822190244,4,0.25825453979714647,382.55797102355524,0
57.535379798353006,43320.77912269533,16,Midwest,Private,51.27356462051789,4,0,8.382741005075534,81.20729256043887,0,0.35170577352651344,168.9374468829424,0
59.605610553079444,38596.22401280296,47,South,Mass,31.490630301721914,0,0,12.084512016873123,75.63048093113417,1,0.09399645043177306,38.24280266726269,0
46.5200065230448,26964.040078992104,35,South,Mass,53.609393550558636,4,0,15.220290235684772,72.99582531895261,0,0.32316649463087904,50.89684185535002,0
51.46397960843056,33351.768778563855,35,South,Mass,59.56047948109223,3,1,3.784081745185871,54.23827836183171,1,0.34687025925142206,91.13370086718636,0
48.89943620381999,33441.64238629263,27,Midwest,Mass,54.1642132713004,1,0,11.96856918176422,60.66485286810135,2,0.3259393660356823,106.73481284989919,0
50.918255780556095,21065.636240923923,33,Northeast,Mass,60.64122632027191,1,0,10.26893808435302,70.94244360284503,0,0.2302036755637124,77.09736502549332,0
62.07951438288398,85459.43545903778,50,Midwest,Mass,62.21020851631701,4,0,39.539310894107125,58.990920872963876,0,0.590609988091662,112.93888485063347,0
60.50566292413357,49623.76451886051,57,Northeast,Affluent,69.23465128561519,0,0,19.161278495369977,58.71153141423164,0,0.4809892068786235,391.51379453546065,0
41.78002588430452,21876.734271342597,24,South,Mass,52.76959927154887,1,0,19.176420863005145,64.14858223484241,0,0.32530918208612547,111.83654674486675,1
58.34894529724798,21091.90719808704,19,Northeast,Mass,52.76959927154887,1,0,14.591157256100564,54.744563716996765,0,0.2764905474730596,78.30710882566329,0
40.27441155898083,14775.683487884606,15,Northeast,Mass,46.933910877427,2,0,17.448129683136838,58.27694986021726,0,0.07287381236829138,43.33006939314803,0
30.568061915075972,83471.98501633023,25,South,Affluent,34.483270655360734,0,0,21.82901375802388,88.08316772305255,0,0.04793638533046307,36.26677608347583,0
26.802521268639058,30729.696756282305,14,Northeast,Affluent,35.69232031814445,2,0,15.813055871026418,80.41769176966109,0,0.2022604940380299,38.304169997092544,0
46.03854072422376,41313.84536014391,37,West,Mass,36.897034802015064,2,0,16.10171310590562,76.91177408975351,0,0.5076357162216152,58.59270599547556,0
34.390538454433425,46111.60677759508,32,West,Affluent,55.54762288062462,1,0,24.410820131382792,63.61978979366564,0,0.4464116860991756,141.78756030693197,0
50.92642185691626,30376.26290338811,53,Midwest,Mass,64.97945891953334,1,0,15.142714371595407,75.42012576798975,2,0.2781546892558487,146.15470518815457,1
45.704787751459435,51825.385314398925,18,South,Mass,49.12217429730015,0,0,7.898558274435331,60.251415636478,1,0.20308149066838888,39.84083745231402,0
62.736214595141405,40056.43181374674,25,South,Mass,66.59836093595638,4,0,10.11592225139135,46.95231729210846,1,0.6629027862225367,316.34472458481457,1
58.87712564077515,24177.124755788984,40,South,Mass,49.18061534616904,2,0,13.16250922865682,63.39848751761806,0,0.10388044307789884,65.39625972389543,1
49.08713324479654,18660.50629493518,28,Midwest,Mass,99.0,1,0,11.637559803816801,43.06301179393246,5,0.8695136034205196,8240.937004197664,1
38.93123137830624,15875.010648587478,11,South,Mass,65.65267336232193,3,0,9.828859021169233,50.07088934245819,0,0.8639492007214138,168.92452416606713,0
33.17030622355259,20961.50370275179,55,South,Mass,56.73806763750182,1,0,10.969158954971032,61.18164177502151,1,0.5931801661169793,182.25760074749863,0
35.22399003506874,32743.269760324387,22,Midwest,Mass,59.57050497768314,3,0,9.19099448487951,51.4741314315835,1,0.5458253331137448,115.5784701967908,0
30.424024495618845,19516.33316288992,24,Midwest,Mass,65.35290288329949,3,1,34.001461997614555,59.39218320500671,1,0.5887105730871166,182.25760074749863,0
47.17309232265298,31272.40170321472,32,West,Mass,48.648078325951914,2,0,11.729892526983912,81.65474353691373,0,0.16928487216156476,89.57802706717851,0
40.00484165599159,14000.0,23,Midwest,Mass,31.95493627086079,1,0,7.463694237121059,66.80366472474743,0,0.3075833016034828,79.20494113395874,0
23.956915038289505,25512.63820982138,12,South,Mass,45.912727495067216,0,0,13.16250922865682,57.878765026518764,0,0.3220054338514069,45.156911857503104,0
35.25264621233799,38710.16304681094,28,Northeast,Mass,46.23817793202805,1,0,7.424355976886755,56.42538859625726,1,0.10281786144157934,58.05752317223627,0
45.208681238038565,17237.363554557705,48,South,Mass,67.1795296434098,1,0,12.711176971830865,53.53498225224396,0,0.5388150437623191,329.21569700542835,0
29.96711906142561,16105.308511034389,27,Midwest,Mass,73.45091826776306,2,0,10.335372580440454,62.742504638131486,2,0.6802802694424818,228.80006274660656,1
46.405781214858926,58649.46287080333,18,South,Affluent,56.78704556053674,2,0,60.21090686829913,57.48379473594247,1,0.43292037259931765,175.01978022330127,0
51.973240003490865,32257.337110178436,35,Midwest,Mass,48.488723925043196,2,0,7.112415812663957,62.79379450211713,0,0.4441337284176181,93.36962741202495,0
21.40278573619411,14000.0,9,Midwest,Mass,67.25150775971952,0,0,12.50614536901946,32.84220119238924,13,0.5419847645782628,238.8724589354305,0
31.31269023864523,100686.07582810379,25,Northeast,Affluent,35.70919887355647,2,1,63.86523032829439,74.95326763560429,4,0.2666055985181005,968.1449584131274,0
51.83855552622755,52478.84578408178,31,Northeast,Mass,54.04642329590419,0,0,15.156408909005227,42.24517199757635,0,0.3746202178694391,247.45436710797227,0
38.8765967614305,14000.0,23,Midwest,Mass,55.46300771011657,2,0,8.25711414544763,36.24269801022656,0,0.7822095659816691,224.45891941602616,0
31.60298532171488,15708.555723628408,14,Midwest,Mass,70.32521344269871,2,0,8.25711414544763,48.481449709897944,0,0.3966269464053968,79.20935118978892,0
40.95221848122546,39504.477950935805,43,Midwest,Affluent,57.76584326685479,2,0,20.666947916897026,60.140704717232055,0,0.33977843280929404,159.52725386454375,0
47.88062944462713,33517.95412662215,11,Northeast,Mass,68.7277604656803,1,0,9.431060568530482,53.991922076259385,1,0.541639667557224,359.3552513834563,1
43.85910219900341,14409.109614848214,19,South,Mass,46.933910877427,2,0,13.509094241827531,81.30894510846538,0,0.3270636891415588,78.34067372029548,0
32.640629700238534,41044.82836599916,14,Northeast,Mass,43.44577888582963,2,0,15.212180724621588,66.95439828849835,0,0.19572838399001438,69.5939076174521,0
18.0,37832.45038405924,25,Midwest,Mass,47.08128644229083,2,0,12.084512016873123,73.84058494704527,1,0.19572838399001438,82.70166469527084,0
52.11396860482,50808.40686490006,39,South,Mass,59.59647611214879,2,0,51.08885759233378,62.382602151002466,0,0.3863666108061361,228.3723109246413,0
50.05185421439978,34216.373355138516,20,Northeast,Affluent,61.63787823875119,1,1,27.701452128596486,63.61978979366564,0,0.38156101576142715,146.15430810406053,0
36.165135149456006,14000.0,28,West,Mass,99.0,1,0,11.447798865140742,39.124503919625774,1,0.7919469751648089,957.8955634224403,0
26.802521268639058,27561.316797013234,14,West,Mass,57.640547755819924,1,0,26.707799416676334,44.468967948924494,1,0.6015228116968007,197.13196991395336,1
45.16505637869187,31484.175673213103,30,Midwest,Mass,72.74718645651151,1,0,7.284633036594094,39.717573537543196,0,0.478285415726133,393.71593520054336,0
30.669611759035458,15212.907826095096,13,Northeast,Mass,49.351513615986214,3,0,8.25711414544763,58.177878381907355,2,0.18264237738159766,75.92257573684837,0
55.222934601611335,19292.931356834855,39,Midwest,Mass,83.07454584734852,3,0,11.065642784284522,54.425631661990046,0,0.8009643440028756,9468.562783270674,1
58.01180260975531,14000.0,40,South,Mass,66.82025016234952,1,0,9.244065079798752,39.51023743529419,1,0.6206609046581492,340.1651257249189,0
24.98728840115663,25035.232618293856,9,Northeast,Mass,66.8629479156102,1,0,12.371472929388611,52.06052344226077,1,0.4641091191566542,118.0724835670286,1
27.780075057966393,75922.26768411208,42,Midwest,Private,24.235898681931204,6,0,19.56617696450711,73.98949906756772,0,0.10651254553260364,26.60178777005816,0
19.813211942765914,32656.577118707144,8,Northeast,Mass,58.6480018991126,1,0,13.929027194305611,72.84888338173982,3,0.4668837959330794,73.70422486886793,1
42.532781538483825,28863.793290024107,44,Northeast,Mass,53.628592845474884,1,0,33.548649917872844,67.33825854392624,0,0.32316649463087904,44.107762224098494,0
39.760425084832335,24992.3024553324,13,South,Mass,45.912727495067216,0,0,7.664298117747703,74.41660569782424,2,0.32530918208612547,105.83171165904626,0
38.61657805820382,109044.59054497455,40,West,Private,14.98906574738735,3,0,37.65271728309558,66.43887892628973,0,0.11499276539660684,36.15989930818111,0
38.34119794473141,22366.20484535248,13,Northeast,Mass,83.14961286439447,0,0,12.352106421262683,26.692634110129745,1,0.7643864547410126,334.5322866817155,0
38.92849032922251,14000.0,32,Midwest,Mass,50.28003250430334,1,0,6.487819333684241,78.3110339257994,2,0.4741721713066104,51.313593998340934,0
32.52985344322191,28620.072075530432,26,Northeast,Mass,62.78551635501545,0,0,3.784081745185871,71.9521122718928,3,0.31479875972896976,131.31468330113395,1
32.830295706236996,72470.15643958378,52,South,Private,34.23739184339469,0,1,29.125271484334625,52.09271505161986,1,0.1139891434673436,64.05390653400455,0
60.35954680818227,44403.02708805699,43,West,Mass,43.66717065623895,2,0,15.587973830399923,72.01008496156521,1,0.18890074616155897,57.12610446495285,0
32.17903714665621,64328.66375037998,22,Northeast,Affluent,39.876609812224565,4,0,14.908515374464871,59.61537479104584,1,0.23861858023559987,92.09252662456602,0
23.244744972243645,33037.13292110887,12,South,Affluent,56.865351155860544,1,0,27.036665119330245,57.6539583616121,0,0.2958819920027451,101.75182277143615,1
20.645001338083155,14000.0,18,Midwest,Affluent,51.40844705944145,3,0,15.922262562870854,50.29991569202024,0,0.6042858575354011,56.53517134510555,0
66.37673730218773,14000.0,30,Midwest,Affluent,59.96594328072018,3,0,10.50201540334988,52.80498814369615,0,0.5728245691802483,227.07082849411802,1
41.10693246190493,65389.28370354206,11,Northeast,Affluent,41.094101426906036,2,0,14.456548372173684,76.72688459526795,0,0.3179257469682009,145.964017692602,0
29.204402978751364,32921.40760920516,11,West,Mass,92.90818629814959,1,0,8.125891363487762,25.274634163189532,1,0.8573978885313349,4406.080185753026,1
45.12904116488079,48246.88950594921,9,Northeast,Affluent,33.55494093835504,0,1,14.760638894857955,68.03750801937305,2,0.16146072254642405,41.81292853970324,0
49.89755874014911,35100.743767558124,43,Northeast,Mass,73.75742598599238,1,0,35.079049860062405,45.9108005343434,0,0.6863813457745527,1230.4884716961515,1
53.117668206556566,51963.19961284724,43,Northeast,Mass,41.80007446706792,3,0,18.361112660560952,72.66370093991823,2,0.3179257469682009,54.92819564213843,0
29.915080985424567,35192.27052525697,35,South,Mass,60.26959262812425,0,0,15.656173930384684,70.94244360284503,0,0.3769323875862384,247.45436710797227,0
58.36907045643001,17840.31087808819,65,West,Mass,58.32874771545043,1,0,14.07036590347692,73.09548309377264,0,0.35259001558093755,127.42094610713796,1
61.504386623430726,31829.067997805858,78,Midwest,Mass,61.95963999171314,0,0,27.036665119330245,73.33431680206648,0,0.3799204772475128,146.67410004524288,0
51.83855552622755,16172.125341808049,36,Northeast,Mass,82.39920296502801,2,0,11.415145071143527,43.06301179393246,1,0.7550955470960156,787.662787488623,1
70.45673361928863,63434.81453741024,29,South,Mass,48.57315513440482,5,0,17.295351409357828,74.30551977105588,0,0.4104461824629255,131.06721743432274,0
41.380121151475755,81788.86063011992,19,South,Affluent,37.150063837606815,1,0,14.831744564759592,72.04897672912487,2,0.2550618965686675,50.25912288619993,0
32.94282714765115,28178.617386471473,16,Midwest,Mass,57.640547755819924,1,0,12.266867247008182,70.13589894470762,0,0.7430532418246282,785.6657257121138,1
28.55725304226477,30014.56820933868,11,Northeast,Mass,50.07771494190562,2,0,6.635759135292929,59.97657497567419,1,0.28464635140293265,57.17755661173206,0
39.99633821471226,48496.71729473709,35,Midwest,Mass,25.651231612717822,1,1,14.505627405718887,76.89346691810887,5,0.16686883834777153,26.60178777005816,0
56.47461315706937,83323.62608759668,13,Northeast,Private,58.15339979184429,3,0,42.159807893166246,56.16843892654936,0,0.4190257570941416,52.15704646698458,1
18.0,24701.14208011565,9,Northeast,Affluent,53.11479682890831,4,1,15.473191255434829,83.41779245268391,0,0.07877307524285343,95.40113514342313,1
38.02465707741163,16635.256063582907,21,Northeast,Mass,46.59135693896077,4,0,3.9472761458265744,50.67328390916673,0,0.42022192541530634,110.08711939893668,0
36.59860299433734,58141.8039266956,31,Northeast,Affluent,40.129235815305655,0,0,6.103639787425827,54.237954042020164,0,0.22927642516977975,100.28419249586508,0
39.32680498757607,15708.555723628408,33,Midwest,Mass,55.46300771011657,2,0,13.509094241827531,60.374921845239285,0,0.35340431105216796,63.6749651885994,0
36.02997133333526,73212.56817135026,19,Northeast,Affluent,25.799475847558682,3,1,11.342447852503174,73.29941023707275,3,0.16686883834777153,36.26677608347583,0
37.58629585727743,44460.89035933244,21,Midwest,Mass,59.56938683389562,2,0,24.7888682517768,71.31532353840707,0,0.4091402017738989,71.88962847714227,0
36.655568983380995,19471.727427727034,25,Northeast,Affluent,56.575585601383054,0,0,34.001461997614555,57.6539583616121,2,0.3960582811098878,145.1058750274738,0
43.70967646645874,24796.092860598143,38,Midwest,Affluent,40.821011736340004,3,0,5.960172982830181,76.22049623676875,0,0.10810734281182954,92.03904470560913,0
33.674802325495044,70802.92725084763,29,West,Mass,36.00737201843124,0,0,11.946439002265477,80.98008160575019,1,0.2414483243161788,78.87992109876066,1
47.638591046297776,38169.37067880277,32,Northeast,Mass,61.199520401921006,2,0,14.463413330706103,48.39718003872324,0,0.32445654608994823,74.22064487544681,0
36.03598872477398,14000.0,15,South,Mass,55.74242848034698,1,0,9.684726695171454,46.35499950973718,0,0.5589362624110008,114.514963333411,0
50.92642185691626,19670.905915650786,48,South,Mass,66.47237105545032,3,0,15.852304834684798,59.14103477865992,0,0.48989319103917145,80.09082597648018,0
30.153920804510307,29768.511923149897,27,Northeast,Affluent,60.102674080521766,3,0,16.90502623066403,50.2519136962872,2,0.3960582811098878,128.26182524571146,0
42.73866666281272,16926.085475555985,33,South,Mass,49.697966507920746,1,0,11.149472353547518,74.25438296695738,0,0.34642120562816897,124.93950730298796,0
59.69892843221585,20861.218281418638,24,Northeast,Mass,56.73806763750182,0,0,16.341713239098578,53.86870286807452,0,0.3414274360752435,109.1097537467308,0
57.95588603476161,75622.5566807383,70,Northeast,Affluent,53.56786782235558,4,0,24.746720689472806,74.09520941068577,2,0.47277718028771143,138.56547037946237,0
32.52985344322191,54714.427487847555,26,South,Affluent,63.11598789690571,2,0,21.374651759814192,60.91079193996868,0,0.41411274595608355,99.3382980505819,1
54.990670120425754,20918.235862257112,27,Northeast,Mass,50.99916872415139,3,0,9.724399988241462,67.50547010430729,2,0.32530918208612547,47.39688203485156,0
46.37214772143824,78009.88388128504,60,South,Private,58.15339979184429,2,0,25.711938354183165,68.48136278617149,1,0.723612916020514,677.6919259283137,0
44.696233923574404,73006.48233456489,20,Northeast,Affluent,56.27372122331662,3,0,6.590848377174321,78.73440986266286,0,0.25214831998997456,161.890243737913,0
36.229472463488186,73090.2329890943,62,South,Mass,36.00737201843124,0,0,20.36730106884766,73.62115156918286,2,0.09115473623622367,25.076697697485297,1
51.511819073513955,29866.31408122448,17,West,Mass,34.21505075184459,4,0,11.729892526983912,75.63048093113417,0,0.09399645043177306,32.85667687659973,0
40.554089469006875,14000.0,31,Midwest,Mass,65.94562496522428,1,0,12.460880843858648,81.96800177417308,7,0.7123493636180566,194.73884067127622,1
40.823486692902264,59313.111950909646,16,Northeast,Affluent,55.71964588493593,2,1,55.29132314668681,79.27804909099387,0,0.695205876222628,146.05117278232345,0
40.60053957210441,44403.02708805699,32,Northeast,Mass,60.17876579739614,3,0,20.14596963173553,59.18621133656595,1,0.5640103571169447,204.84989030356843,0
35.98854167282324,25876.369589474165,17,Northeast,Mass,40.59839496293864,2,0,10.29435767879247,78.67338576963714,1,0.37028659085203425,150.11756488163658,0
32.67256558053688,14000.0,18,West,Mass,58.659875557182716,1,0,8.351704502869856,36.24269801022656,1,0.4524095038693569,74.66122645310347,0
61.10701017867331,20028.11847261129,40,South,Mass,66.47237105545032,2,0,11.637559803816801,74.02124468787692,0,0.651823171107702,174.1300044479249,1
36.71646268934591,82324.89481002024,60,Midwest,Affluent,30.7955349955341,4,0,20.651389705131347,78.32465170625221,1,0.12842632521863726,37.93365055592889,0
71.44776476997689,54354.986161653855,37,Midwest,Mass,53.830635146419915,3,0,31.005514861517963,63.086772911254855,4,0.3515761233036409,71.88962847714227,0
52.11396860482,28178.617386471473,39,Midwest,Mass,61.25569760991952,1,0,23.111534271046477,65.67696896286516,2,0.6149139771411933,187.33506875156488,0
46.23743138093533,69017.45042270666,11,Northeast,Private,30.133821368636493,1,1,26.25360693340938,97.09112272812348,1,0.1911617453539142,35.20555937287166,0
50.918255780556095,37846.98388167853,31,Northeast,Mass,59.5401720679195,1,0,23.089549248174208,67.99407575450309,0,0.34712340726763324,103.81976880728482,0
30.460435949647586,80335.25460209709,36,South,Affluent,40.01651159337585,1,1,63.31914861389439,69.72995949998764,0,0.23115626068112807,104.45291002168469,0
45.12904116488079,36915.59781469237,8,South,Mass,35.197710024291474,1,0,26.845453140122295,56.94191256510965,1,0.32429138709786287,39.2556261244212,0
21.50762618169289,71466.6865543878,18,West,Mass,42.23635087880782,5,1,30.124731987950092,72.04897672912487,0,0.21506392939718558,50.11062677600321,0
51.36938173657683,16635.256063582907,11,Northeast,Mass,64.36578725270728,4,0,11.065642784284522,44.75907983688791,1,0.6351356418943096,155.39565176170902,1
23.535712936094658,24796.092860598143,23,West,Affluent,43.61083026696537,2,0,12.362461250299763,67.89288388847993,0,0.5197005456415452,95.67139996998091,0
47.21713503789786,20918.235862257112,61,Northeast,Mass,59.879662352897185,3,0,6.003817320018045,54.23827836183171,2,0.3414274360752435,74.91746366088923,0
30.184293101582796,14775.683487884606,11,South,Mass,49.75369473486776,2,0,4.7893027492677875,63.014273363122534,4,0.42022192541530634,124.95454666425798,1
28.795669206206775,25176.53108887984,42,Midwest,Affluent,65.22726956900848,0,0,28.34857187712191,35.41590112696703,1,0.4159868861701631,50.281495361373516,0
42.64564643059144,26271.59757915584,14,Midwest,Mass,64.03410106200012,4,0,16.34514095650438,68.07732271203477,0,0.46804210139597413,131.31468330113395,0
40.17357460506818,69744.35166045239,11,South,Affluent,34.46369522555445,2,0,7.7819173905068135,76.88689573520587,2,0.28728386931991606,49.19450829197423,0
33.84906788246507,37518.17304569966,15,West,Mass,44.37200803296913,0,0,12.595399670493315,66.80397148666816,1,0.5076357162216152,33.651509796792986,0
32.39196493798167,47012.352808321586,16,South,Mass,50.994853213495,4,0,18.821063679150555,42.24517199757635,1,0.08179241596359171,19.348446483615746,0
41.380121151475755,100686.07582810379,23,Northeast,Affluent,42.95184981306897,3,0,34.32155160403057,71.36704025472869,1,0.2488927403876541,187.51062885845676,0
65.94293364466076,32115.464905933215,38,South,Mass,65.91810080962442,1,0,10.287910275477797,54.734347148590416,3,0.40085631284583273,132.18192688602804,1
36.1801652551425,139815.41365555365,36,South,Private,50.105149780937225,4,1,53.12768335335549,75.38674125099922,0,0.4478564583401661,237.47737532647952,0
40.554089469006875,29674.482876150865,31,Northeast,Mass,59.29119358452076,0,0,11.077243138249635,54.23827836183171,0,0.3970337579305217,78.6551132123346,1
44.13672963910375,20806.1731580473,17,South,Affluent,86.00369698047179,1,0,11.113338634353664,46.92634338110365,0,0.8024575396094927,2187.0552572438764,1
37.31513559102177,97746.76616049628,25,South,Mass,32.01642521204245,2,0,15.500573297954054,100.0,0,0.07603287537840057,38.304169997092544,0
29.385620732914475,22656.680482124437,10,South,Mass,53.609393550558636,1,0,9.001525094840577,55.48416690647133,0,0.49387028465404537,207.91625621144755,1
44.136941902343814,41044.82836599916,37,Northeast,Mass,66.18530486273046,2,0,17.11289943755775,58.71153141423164,0,0.2651014025837591,291.40031787467797,1
47.499049583595806,20229.008812608314,38,Northeast,Affluent,50.398173911744784,0,0,14.591157256100564,74.50504474296436,1,0.07877307524285343,71.43974628992768,0
55.63089988923207,32928.02766639777,27,Northeast,Mass,52.601623800405996,1,0,13.890185873432534,49.73138101639206,1,0.32374499639803206,65.27865503890662,0
32.91257034490816,30376.26290338811,16,West,Mass,54.39071713836383,1,0,13.575936182682728,74.56369899035849,1,0.4212482695675227,75.94195731452382,0
34.08432247158007,41691.04308600035,34,West,Affluent,32.84292457706525,1,0,15.984741011485122,74.22474033985007,0,0.1826879078797769,46.06852218982043,0
32.23571884646527,14000.0,20,South,Mass,63.53527008591687,0,0,8.95464203193994,55.35824436946905,1,0.5887105730871166,79.72853787303558,0
29.906374032809566,73128.38030542963,39,Northeast,Mass,55.92722808479357,4,0,18.118313032841584,48.05765729349826,0,0.5376818992161362,172.94066119013692,0
51.28256199044115,85340.11792368424,21,Midwest,Private,36.97573297061434,4,0,36.74934501350352,87.37995205457644,0,0.14065374495699137,48.6735939540585,0
46.5200065230448,47948.42678626584,35,Midwest,Mass,41.08993586235208,4,0,25.502963979262837,73.83407692625788,2,0.2108296498312837,54.2468247649675,0
36.31103332451666,61421.74690150551,29,West,Mass,48.57315513440482,0,0,14.665895483129301,81.5857204736447,0,0.49691787972231233,104.26986495073547,0
50.02691190374078,34698.290410155256,62,Northeast,Mass,73.75742598599238,1,0,26.091232573696747,45.42079956110125,0,0.7233785836281633,1780.5504677764893,1
61.504386623430726,33377.24880729793,74,Midwest,Mass,92.90818629814959,1,0,23.111534271046477,46.317237606667604,0,0.6036701993040442,1720.8975101468743,1
24.227974136911055,85459.43545903778,21,Northeast,Mass,55.97136052467784,4,0,101.48762799583643,60.14416613407068,0,0.33977843280929404,203.95108764982558,1
42.39457084112394,20999.281089359956,37,West,Mass,37.65268064743969,0,0,7.664298117747703,64.11485768088481,2,0.2675305197574806,54.342296751935606,0
59.893463924092714,14728.314416965943,31,Midwest,Mass,56.061157290973455,0,0,6.235177658274629,60.61144724873158,0,0.3700878263659157,74.22064487544681,0
45.05970354748321,27443.168766936047,23,South,Mass,68.7277604656803,0,0,51.454363032826556,58.68929899620612,1,0.7828737085961799,364.5158966054509,0
49.08713324479654,15701.120600708906,27,South,Mass,82.39920296502801,2,0,4.621740731188783,48.0312503035342,1,0.9393918718120378,1189.4366932343573,1
20.001139100544435,43378.91578260703,7,West,Mass,43.66717065623895,0,0,13.934962532641192,59.61537479104584,13,0.1405468132452652,74.56298737195222,0
43.47629331258075,37582.50458733223,29,South,Mass,57.76584326685479,3,0,23.081753418528905,51.08693402493122,0,0.34687025925142206,71.88962847714227,0
34.23256883066102,74777.16507563654,24,South,Affluent,56.122321996135476,3,0,19.057359720152437,62.382602151002466,0,0.33977843280929404,343.0527575819809,1
38.1961228813776,64099.636331866845,14,Midwest,Private,28.992447365413568,3,1,69.14592360716752,62.432540427943934,0,0.10986908029760668,77.44521510160291,0
45.892616843133446,14000.0,34,Midwest,Affluent,67.4972443898127,1,0,12.263032386065694,50.96755772406487,2,0.6485289278014267,254.01249329015727,1
44.867345768655746,119212.59886393661,31,South,Affluent,35.70919887355647,3,1,23.78476833600828,88.84469280446366,0,0.2586669692612451,33.14206574896208,0
55.48904724155261,33037.13292110887,21,Northeast,Affluent,38.84046984957364,1,0,15.813055871026418,53.14070890931786,0,0.26648971412443334,79.20494113395874,0
45.15561643240491,18320.349592814757,34,Midwest,Mass,57.800407953936556,4,0,10.969158954971032,70.75586627433202,0,0.5718819962924087,193.95735042111423,1
40.60053957210441,39522.86167750622,33,Northeast,Mass,66.30604641174205,1,0,51.18705088352766,61.605316452718384,0,0.6671134031023618,417.42905338551975,1
66.30952797063111,48246.88950594921,54,Northeast,Affluent,50.629365072352215,1,0,15.909273755081273,67.50693597276921,0,0.29674273537760837,74.7067625539906,0
51.83145939164788,14000.0,26,South,Mass,64.36578725270728,0,0,5.026605986433011,59.63331376685134,1,0.5704747458270952,120.61777723727171,1
49.436905727210025,99048.91579291693,97,Northeast,Mass,21.169784401726215,1,0,13.43978725762842,78.19259488349945,0,0.11213441734094284,25.076697697485297,0
32.39196493798167,109796.37760804202,16,South,Private,40.52041583522962,5,1,46.384204423018694,94.16098736343871,0,0.1632333233967785,189.52826423010495,0
38.19574243852598,46519.22757089887,42,Midwest,Affluent,50.629365072352215,5,0,22.492572807371978,60.66485286810135,0,0.16908877176078757,75.94395193047308,0
46.01307511456045,45295.95507682074,49,South,Mass,49.72973526330447,3,0,17.91757718272284,60.94371079990575,0,0.3951983327194374,124.95454666425798,0
39.32680498757607,18383.848594989176,32,Midwest,Mass,70.9282507279251,1,0,7.985805768092,34.59001020637441,2,0.42004936900058676,194.61371032145288,1
27.79621421384337,32257.337110178436,13,West,Mass,48.648078325951914,2,0,7.851877467326243,58.17616450265728,0,0.23228926163489846,43.33006939314803,0
37.05102544486753,27443.168766936047,47,South,Mass,65.54956870548527,0,0,14.742293288410792,52.09439968064407,0,0.716259398253459,146.6670633579311,0
49.35919528601433,27092.103236915245,35,Northeast,Mass,56.59856474384967,1,0,14.683391464928729,74.05361460246328,0,0.2126209993945382,89.57802706717851,0
50.32291372258395,18763.48065960172,11,Northeast,Mass,74.52906921506394,1,0,11.35493977657314,60.066538789550464,2,0.7795488152631009,393.71593520054336,0
41.2030716876169,103885.27453853143,60,South,Private,14.98906574738735,6,0,21.82901375802388,81.33558260346868,0,0.13834576234552898,31.262514062044612,0
51.30416985937095,26938.17261877525,40,South,Mass,49.62630357332866,3,0,8.94558266658722,73.673290585168,0,0.23228926163489846,43.00635739375868,0
28.99248931448119,14000.0,11,Northeast,Mass,58.675995256168264,5,0,17.004480798430404,42.210573232714495,0,0.3960582811098878,115.02068406614079,0
33.84906788246507,24007.514464163647,14,South,Mass,41.089212218481784,0,0,12.555847599145608,68.00973873762776,2,0.2764905474730596,60.92408996154982,0
35.22999623207599,36491.868682154185,11,Midwest,Affluent,67.60348464044617,0,0,11.824346833318817,42.75926322704014,0,0.6283129814158984,234.3442820696954,1
39.18041223664245,14000.0,22,West,Mass,47.55197018555074,2,0,13.509094241827531,68.28817793794158,0,0.4149051574305621,87.70132885115346,0
18.0,19712.91915499856,27,Midwest,Affluent,69.7200193377433,1,0,15.143798332491748,53.991922076259385,4,0.5295085486829625,329.21569700542835,1
28.55725304226477,14000.0,14,Northeast,Mass,72.56258045152263,1,0,9.244065079798752,57.505793115825426,3,0.4616200224018388,1009.1095865341239,1
32.91343801337304,15701.120600708906,18,Midwest,Mass,74.48140207611347,2,0,7.9919713315213246,58.123488551333025,1,0.5295085486829625,624.8274741509485,0
55.70177957944175,19670.905915650786,83,Midwest,Mass,49.18061534616904,3,0,10.096147827573935,68.975899425626,0,0.4149051574305621,84.12711384884305,0
38.04843910039391,70984.44597413953,24,Northeast,Affluent,53.56786782235558,4,0,28.951179686272166,53.292185932143234,1,0.6176517098391425,117.83977438043141,0
58.75318001189786,19688.935969129234,38,South,Mass,60.64122632027191,1,0,5.009578080461907,52.90856361349223,1,0.43153648583101384,213.5721381835441,1
18.844713562638066,78592.88309481024,8,Northeast,Mass,43.008909588113504,0,0,50.04736616165021,81.96374556588995,0,0.28144017450952785,100.86636610957888,0
37.242189411670445,57879.98731117622,27,South,Mass,40.129235815305655,1,0,27.62693562789574,60.622017856617255,0,0.2639168921609849,71.8436566267937,0
47.638591046297776,33730.65754997013,30,South,Mass,64.18959070093064,0,0,18.25247569409271,68.07732271203477,0,0.5013975720147567,152.45009107116758,0
40.547508945503075,19011.75094027805,15,South,Mass,72.4234732308073,4,0,9.431060568530482,55.827243842176564,1,0.48989319103917145,266.42164728746445,1
35.16244098943756,15560.017035137873,47,West,Mass,68.84382643814762,1,0,10.142007352974826,58.68929899620612,3,0.33903277969311457,194.61371032145288,0
45.78810353665896,40106.37721000453,31,Midwest,Private,58.67432178894746,4,1,17.104721831272776,50.977024372666435,0,0.43547395112396853,243.65503620014883,0
46.86631738880513,20961.50370275179,47,South,Mass,68.23979970553823,1,0,11.35493977657314,50.96755772406487,0,0.7138341743020421,63.63971118645196,0
35.98854167282324,29371.668423913623,17,Midwest,Affluent,39.65747748797123,3,0,9.005844554809858,79.26004111536925,0,0.2459603844551838,66.78991275225773,0
30.53646809737117,36915.59781469237,12,South,Mass,60.94886123673509,1,0,7.533624398552838,50.95647903257722,0,0.32445654608994823,73.64440239146214,0
57.336760955449236,86568.91800787991,101,Midwest,Affluent,42.95184981306897,5,0,18.45460190575301,52.09271505161986,0,0.23561482837362416,71.43974628992768,0
59.59698506567747,50808.40686490006,47,South,Mass,34.76302749637046,2,0,21.292945724295457,74.35164946890997,0,0.09399645043177306,37.93365055592889,0
37.27143478294742,30376.26290338811,27,Midwest,Mass,67.50912514063626,1,0,11.342436715402025,32.16258798751898,0,0.5419847645782628,238.8724589354305,1
39.1572421155543,44460.89035933244,23,Midwest,Mass,38.236072141058976,2,0,12.704816440420487,71.7981436039662,0,0.08495951177668112,39.06767286646015,0
59.09251909673027,84445.61344796115,57,West,Mass,47.17631437490241,3,1,23.78476833600828,81.32282749130913,0,0.4799677879576114,131.06721743432274,0
57.535379798353006,71821.66126078849,16,Northeast,Mass,44.00174329876104,1,0,16.05469168472903,84.05473063885313,0,0.3179257469682009,129.59121876454324,0
32.803100121871005,52779.400607810334,47,Midwest,Affluent,66.22143461436747,0,0,26.122190094352415,69.28218811304717,0,0.40944278010638424,67.53716524731895,0
51.47220951170234,15212.907826095096,25,South,Mass,59.56625733598284,3,0,24.143637010245893,58.89033559688979,2,0.5777490368435477,66.38817808204203,0
32.84990083867857,59619.39329602407,24,Northeast,Mass,46.377212887784,1,0,8.955937546506245,70.99926785524022,0,0.3084207532346739,127.42918350397152,1
46.34918096478388,50416.81060207525,38,South,Mass,50.994853213495,1,0,48.80954109064208,49.73138101639206,0,0.5861934571963635,54.13521036352665,0
26.841015011967624,29960.76974973228,18,Northeast,Mass,52.16406037885457,4,0,13.890185873432534,51.82560794594719,0,0.30989638745906534,46.60719012110328,0
42.93470986419389,29769.236773324712,60,Northeast,Mass,53.628592845474884,1,0,14.434867002843916,69.21241418030438,0,0.4308610871258143,127.42094610713796,0
30.53646809737117,28051.498113074533,16,Midwest,Mass,53.137151632377645,1,0,13.575936182682728,65.63749748737878,1,0.31460169254076986,51.56017980275032,1
28.30757888479954,18349.33359604035,22,South,Mass,59.56625733598284,1,0,8.340447660251836,70.94244360284503,0,0.1798920248705583,74.56298737195222,1
38.45821032865626,29786.446286649334,24,Midwest,Affluent,41.7374105696211,2,0,17.784067891412604,78.67338576963714,5,0.17785201544736748,161.890243737913,0
60.88920707948918,14078.151864173647,58,South,Mass,47.75740868461283,1,0,11.206901522512453,58.177878381907355,1,0.31460169254076986,72.94440332371815,0
50.009814178158024,62221.48334649959,30,Midwest,Affluent,71.89791646625875,5,0,30.619361950450184,49.113190476832564,1,0.48881858434639885,296.632378966238,1
52.85878344039604,27641.52297268148,54,West,Mass,81.72787234778833,2,0,12.266867247008182,53.296937363191326,0,0.8184393419089544,1610.1942117134392,1
46.68885204692739,27092.103236915245,60,Northeast,Mass,57.472743263607555,1,0,18.25247569409271,64.49650981723367,0,0.581153608703401,97.7801012923367,0
40.33654447485917,35398.90079701854,15,South,Affluent,60.94886123673509,4,0,7.140345735055259,61.047536261011864,1,0.33977843280929404,146.15430810406053,0
55.222934601611335,29560.543921258413,52,West,Mass,56.94197977080425,0,0,14.409242855545235,74.56369899035849,1,0.31378130413951816,79.10485047798501,1
27.101483613226563,20110.847670051167,25,South,Affluent,59.43180859585028,4,0,6.753938337347546,49.09961180770936,1,0.4470251652274167,113.64720979785204,0
59.59698506567747,40672.79265516943,51,Midwest,Mass,44.37200803296913,0,0,21.30995368091514,61.00731562335016,0,0.2615775915396235,44.107762224098494,0
31.24146196044343,23842.228264543708,25,Northeast,Mass,50.99916872415139,3,0,19.176420863005145,59.97657497567419,0,0.16075974914976224,66.69123718880141,0
18.0,17535.320346896835,7,Midwest,Mass,53.32548091442166,2,0,11.065642784284522,50.67328390916673,2,0.6388436754495521,98.90483707993477,0
41.33281444464362,75922.26768411208,17,West,Private,34.564905774259366,3,0,54.490545056893446,80.07062435392494,0,0.11088597171266826,33.13223570160779,0
23.399290700851836,80335.25460209709,27,Northeast,Affluent,71.89791646625875,1,0,22.567957269100795,60.922821578288875,0,0.5790733695266511,1780.5504677764893,0
31.393437808091985,41276.212202715404,16,South,Mass,71.05591798384863,3,0,7.140345735055259,69.28218811304717,0,0.21045139221342785,661.532305316624,1
38.24614677204608,24818.07031803755,22,Northeast,Mass,57.43316843939672,0,0,24.83518792113647,50.03225700876346,1,0.6270579240875099,316.34472458481457,1
47.17309232265298,27720.329868966845,33,South,Mass,38.88884459984152,4,0,13.541609936242564,73.55090579357281,1,0.37028659085203425,63.76947765384958,0
54.398679246257444,16243.460660137289,34,Midwest,Mass,47.55197018555074,0,0,13.13080462898622,62.6229982668616,0,0.3447489539550853,50.51296285114198,0
46.512513795393005,33434.600740404334,31,South,Mass,93.55939525895049,1,0,23.111534271046477,35.74846196473497,0,0.7919469751648089,10109.68802519926,1
47.779820735628995,14000.0,28,West,Mass,53.32548091442166,4,0,3.193096532619763,43.1503667289836,0,0.6058525071595525,164.33358012511002,1
40.82518209019223,81174.95912388003,37,Northeast,Private,74.00167446197717,8,1,148.5631818604463,62.857915949025944,0,0.6137584644440546,376.4153004919308,0
33.304011006041456,15683.29275185783,28,Midwest,Mass,56.48236565905013,1,0,8.957262834980192,52.598768052750124,0,0.5020166691780744,66.38817808204203,0
48.8793137675611,33104.80280958451,42,South,Affluent,56.97540386328786,2,0,7.512837503352304,45.86416587715893,0,0.16891913838048778,39.21202231615056,0
40.90090738225128,52700.66027218097,63,West,Mass,49.69728669463152,0,0,27.62693562789574,69.57620531999983,2,0.20308149066838888,78.01530584091249,0
25.727215597236277,44221.33256485924,7,Northeast,Mass,39.761863289107126,2,0,23.293789570482954,75.64886696475652,0,0.24936336220292754,75.70155941256294,0
39.64760178686149,73128.38030542963,60,Midwest,Mass,44.00174329876104,4,0,27.62693562789574,57.93490010842319,0,0.23248267775928622,29.81470577038524,0
36.71646268934591,252783.6712300012,67,West,Private,29.39936979336526,4,1,30.94718209522098,90.1928082289761,0,0.09207172648505092,40.42447284581294,0
40.690166829402365,34649.440599589216,22,Midwest,Mass,40.36462779942926,2,0,14.40745146378483,60.9198376442789,0,0.2604228870490337,73.4337924640567,1
42.762685692677564,38814.36899520094,20,Midwest,Mass,44.37200803296913,7,1,17.295351409357828,70.50502197685981,0,0.27450783715283655,80.33875446492809,0
34.54535415454028,99048.91579291693,29,Northeast,Mass,62.77099051399908,1,0,14.746632215188669,66.79207893333101,0,0.6498651861764005,147.81749694428535,1
39.88838554594077,26913.623424935744,42,Northeast,Mass,75.02275150616686,1,0,15.873224192235995,53.897922143762095,1,0.541639667557224,98.54116306150809,1
22.018768349833962,29191.88003886815,16,Midwest,Mass,35.974611513377475,1,0,30.9436295547942,63.41067067484614,0,0.3134215519333992,60.5635517809605,0
55.26898463017196,52831.16105503355,30,Northeast,Affluent,60.43908564160669,1,0,12.639212426863345,56.16843892654936,3,0.5309513563298747,343.0527575819809,0
20.546891531443105,24992.3024553324,16,South,Mass,39.348366823684735,0,0,12.740977790324433,58.47932752046717,1,0.38336844752693994,68.82024559839148,0
58.7047432234603,83144.96302765979,74,South,Private,54.645709329956155,6,0,24.746720689472806,63.87911668408608,0,0.3920138508832702,431.739404237881,0
45.12904116488079,20794.320557114108,8,South,Mass,83.20009380291631,1,0,14.499720812759277,54.52322572917532,3,0.8066839969373794,4406.080185753026,1
42.47349993111999,14000.0,35,Northeast,Mass,72.04686534851092,1,0,3.4356231347338815,45.43126289874252,1,0.38941695211218447,203.51675699198591,1
40.11039524136813,60418.27876931689,34,Midwest,Affluent,41.094101426906036,3,0,6.905737542333394,78.27054964416836,0,0.23248267775928622,69.26557003463182,0
45.074341367452135,14000.0,16,Northeast,Mass,71.04420921826022,0,0,9.129243665964026,49.913569069481575,2,0.5755032295831788,267.69747875837515,1
40.17357460506818,42826.82306785698,14,West,Affluent,50.979637177028664,1,0,13.934962532641192,47.35165024396518,0,0.40047965601078844,280.9585272726099,0
52.75771902921204,118211.17800870612,40,South,Private,70.19938748960378,4,0,36.74934501350352,49.877643058361755,0,0.6498651861764005,272.45143571750043,0
32.23511217316243,45419.531076014966,38,Northeast,Affluent,70.37070855814187,1,0,18.655683852150908,66.50126282232982,0,0.2651014025837591,194.61371032145288,0
60.50566292413357,16507.506473104077,63,Midwest,Mass,61.617598812255025,1,0,9.484388160874616,78.23493430754894,0,0.3242390301961705,61.13028061411069,0
44.74253337192382,52803.871116962626,38,Northeast,Mass,49.935912255312715,0,0,10.514794217485871,62.45388922226168,2,0.4250522366533993,58.72227089183261,0
61.504386623430726,39591.6837641398,73,Northeast,Mass,78.72120302490387,2,0,21.959647214000324,39.21103690557594,0,0.5772992135274118,195.64986823001755,0
50.95244674640844,27864.478603868203,32,Northeast,Mass,56.02123979725349,1,0,16.559972436266687,62.61916413491944,0,0.3962509633703931,115.02068406614079,0
39.88946768496292,69852.98826955847,21,West,Mass,51.89584023559627,6,0,20.850896897058902,64.41586380435106,1,0.3951983327194374,55.336533167017336,0
46.28308998993504,32656.577118707144,17,Northeast,Mass,81.44433650140664,0,0,12.965555420116017,64.48918039517619,3,0.5772992135274118,632.2354278148429,1
45.4041675141041,71466.6865543878,47,Midwest,Mass,55.71964588493593,8,1,19.922396705464973,74.40142079096401,0,0.32038183536956477,104.43874100838552,1
45.764059285650305,19011.75094027805,15,Northeast,Mass,77.16546727982418,7,0,31.982140867743908,45.95555090445662,0,0.6971365308001076,153.53146777722475,0
40.547508945503075,19613.017057495148,11,Northeast,Mass,56.19163501195807,0,0,8.81739908580492,44.468967948924494,0,0.5698337064662911,105.87327055790063,1
31.787391865724008,17115.732699135482,12,Northeast,Mass,46.216483647063875,3,0,15.218157082814516,74.25438296695738,2,0.34492750656236576,63.050129201010115,0
41.2030716876169,53391.85945329247,87,South,Mass,42.76791394995845,2,0,55.811872703926994,65.01942855395036,0,0.23115626068112807,59.76161331441601,0
58.21321495613949,25768.944321780127,24,Midwest,Mass,54.44349059226586,3,0,36.66421197162888,61.8345704128372,2,0.6342564204576667,90.10381288678158,1
36.10175440348226,55468.81170584213,11,West,Mass,66.82857681494906,3,0,17.496470959240643,78.33260799992432,0,0.4018323782686691,332.73901267081555,0
51.83855552622755,32702.072214701224,31,South,Mass,58.6480018991126,0,0,10.57396476548444,54.23827836183171,3,0.6809005026607775,441.9363131435284,0
37.51740808076712,39513.4177680671,19,South,Affluent,61.03955588590548,2,0,15.383124020329747,44.711833728225216,1,0.6176517098391425,155.39565176170902,0
31.52720926527938,19712.91915499856,24,Midwest,Affluent,69.7200193377433,1,1,15.852304834684798,59.39218320500671,1,0.22679140922747038,171.30384929691002,1
39.698588348535445,14000.0,38,South,Mass,55.74242848034698,0,0,3.1629454487992446,60.280226586738856,0,0.30325609342241855,31.2986002737579,0
53.93284742065383,37745.12588224221,49,Midwest,Private,62.164076170879085,3,1,45.91070216367287,61.1344709438568,1,0.4091402017738989,93.54605078158868,0
51.477052715352166,50416.81060207525,23,South,Mass,43.1585220165256,1,0,9.635235266963944,71.07829018021029,1,0.22005511013069778,43.33006939314803,0
53.5587399596224,34523.12251032352,73,Midwest,Affluent,65.63106488122561,5,1,20.466088496111556,55.64036327297329,0,0.5135973558491,115.03877509604794,0
60.50566292413357,21248.540046335795,65,West,Mass,59.471476016573426,2,0,8.81739908580492,70.94244360284503,3,0.35259001558093755,89.57709325450155,1
47.345452735996815,29600.819396983326,34,Midwest,Affluent,50.52747774415826,3,0,5.908686959504665,65.63749748737878,1,0.4561821986407747,145.52332957238582,0
31.639060464996604,18660.50629493518,9,South,Mass,66.82025016234952,1,0,10.552531484741555,53.27067846162533,3,0.5176014093073238,160.00560178814305,1
56.47461315706937,86780.74126770046,18,Northeast,Mass,49.11055998639324,2,0,28.968794334234552,75.38674125099922,1,0.36937662827873363,36.33012696233276,0
26.62174815501779,53817.967921527736,16,Midwest,Affluent,49.17524023470932,2,0,16.05469168472903,80.56819192805573,0,0.172335874215552,145.964017692602,1
34.75699893022876,14000.0,38,South,Mass,72.26140505983359,1,0,11.447798865140742,34.00863804489134,0,0.44945620194088753,228.80006274660656,1
28.175188133259752,36589.926384005645,43,Midwest,Affluent,47.08128644229083,3,0,20.49109500341332,80.70956611371967,0,0.2269155608104524,68.3089389321701,0
33.19800078031855,16440.728389606036,40,West,Mass,69.23381753133076,1,0,7.985805768092,52.26424476248204,0,0.5056649301430909,219.18692672564757,1
49.93388302612505,114516.87804927966,31,South,Affluent,64.39098739744398,2,0,42.159807893166246,70.66185596121387,0,0.4018323782686691,140.6503231222753,1
55.222934601611335,26938.17261877525,52,West,Mass,52.42113771999884,3,0,8.94558266658722,70.76867528290526,4,0.2643785564709115,62.45995335990301,1
54.4369449695833,14000.0,36,Midwest,Mass,70.48376772279718,0,0,9.158651024340472,73.64229064818103,4,0.39685788637593,115.23985322552838,1
34.99590958962791,14000.0,28,Midwest,Mass,59.04515181960803,1,0,3.1629454487992446,25.266518217726965,3,0.5777490368435477,172.94066119013692,0
45.316471000974786,66734.73764115498,22,Midwest,Mass,40.6368316557187,2,0,11.60501843941189,90.80218506535783,1,0.18890074616155897,66.68653376694333,0
70.02297250013731,29863.549293366024,95,West,Mass,67.50912514063626,0,0,17.725544291371122,81.96800177417308,1,0.31479875972896976,288.2538578991902,0
45.764059285650305,24593.67179343126,12,South,Mass,53.609393550558636,0,0,24.034102751543685,61.586072710847695,0,0.6058525071595525,164.33358012511002,0
41.75302675205185,78800.08020811896,64,Northeast,Affluent,34.46369522555445,2,0,27.40942845090211,73.58716660965158,1,0.38939184445639186,95.67139996998091,0
56.47461315706937,71466.6865543878,11,Northeast,Mass,42.23635087880782,3,1,8.038988562691738,76.77300508638194,0,0.3179257469682009,89.71245754226491,0
71.79826297477342,28517.793789673342,46,Midwest,Affluent,56.327849847435445,2,0,10.131235027276395,66.5955250363134,1,0.5934154192275777,147.81749694428535,0
50.63196647842817,28191.177119753786,47,South,Mass,56.327849847435445,2,0,13.235346903442197,64.49650981723367,1,0.2302036755637124,77.09736502549332,0
42.427221446557176,52606.470936792124,49,Midwest,Affluent,83.6416476996757,3,0,31.005514861517963,58.684178409383804,0,0.6610425905267385,334.5322866817155,1
37.58629585727743,34541.316322838284,23,Midwest,Mass,58.554489295745164,1,0,8.593980055575361,33.31259844256947,1,0.5640685075430248,153.5757569266473,0
39.00626705516567,16650.386975991176,24,Northeast,Affluent,70.82421959107397,1,1,10.25497813547342,58.123488551333025,4,0.5900092277908588,169.30735764434758,1
23.244744972243645,41044.82836599916,15,South,Mass,43.44577888582963,2,0,14.40745146378483,58.860602953545765,0,0.4608835311065015,110.08711939893668,0
58.7047432234603,78554.40008644435,77,Northeast,Affluent,49.027072816363535,3,0,11.13318957474292,77.08827435225693,0,0.10194023473508135,63.647149037537275,0
18.0,18477.27339278764,10,Northeast,Mass,68.97984096531495,4,0,6.7234446442167055,51.92454219947219,1,0.6477579015764636,204.78273773780546,1
37.367336830751725,28178.617386471473,10,West,Mass,38.62218911930517,1,0,11.729892526983912,74.17061702016193,0,0.4257973425986461,224.2265956524936,0
26.62174815501779,73006.48233456489,17,South,Affluent,38.70067672018911,3,0,37.51376874699789,66.984541016643,0,0.08359991862344822,26.625422723292047,0
38.45821032865626,252783.6712300012,19,Northeast,Private,40.61858560826913,0,1,30.94718209522098,100.0,0,0.18605286195119353,101.75182277143615,0
51.83145939164788,14409.109614848214,28,Northeast,Mass,59.56625733598284,2,0,20.918453552287836,64.53987409826821,0,0.2126209993945382,46.54035686236055,0
39.18041223664245,42187.133319732406,20,Midwest,Mass,46.350360869968746,8,0,55.69863729269992,65.01942855395036,0,0.5076357162216152,83.91334213534317,0
37.99699072123209,28051.498113074533,38,Midwest,Mass,72.74718645651151,1,0,8.60163435891135,46.078630177962474,2,0.7855826086563342,427.5710539038892,1
45.980975834957256,21760.131444856986,54,West,Mass,70.61337677659888,1,0,12.352106421262683,46.078630177962474,0,0.6754328068360248,106.13333894897895,0
45.994425084042014,15199.334450269673,34,Midwest,Mass,67.25150775971952,2,0,6.794609989467476,71.04516245238491,4,0.5473676621186,163.6268692393412,1
38.45821032865626,63434.81453741024,22,South,Mass,43.54993654377587,4,0,14.763442054952023,78.73034850344669,0,0.21217951274975347,72.37615909690936,0
31.393437808091985,29768.511923149897,12,South,Affluent,67.55206124385168,3,0,7.985805768092,34.00863804489134,0,0.40798889807887556,118.0724835670286,0
47.56177578180777,142786.14587342303,59,South,Private,42.25478080293439,6,1,30.863053391201763,80.23958475163516,0,0.3045471685727656,60.530476035499454,0
50.766885479310325,35444.4390212819,30,Midwest,Mass,49.065016727898055,3,1,19.829280719543867,73.66984139959649,1,0.19420356965546953,46.54035686236055,0
45.757685084556705,15833.64855162803,47,Northeast,Mass,54.75542013320725,1,0,10.218665500408664,51.94665913833527,0,0.46889615919642785,74.91746366088923,1
45.208681238038565,30581.95621758437,44,South,Mass,50.88608149343753,1,0,8.296237594184133,61.57979972071006,1,0.37028659085203425,85.34390331179878,0
36.094497349094695,30967.63619062409,27,South,Mass,68.72483061367952,0,0,10.897204952988588,54.734347148590416,1,0.5763432787171515,338.74014572576465,1
44.608119773417116,14000.0,30,Midwest,Mass,66.53402234545452,0,0,10.142007352974826,48.97181067657342,0,0.7842204207911597,294.1580381910876,1
46.72453282542592,14000.0,22,West,Mass,53.793506504701504,2,0,5.318490740788,54.299265175681334,0,0.2793943898093559,46.60719012110328,0
41.476003609470894,30772.176223907805,27,South,Mass,62.59415514586185,2,0,14.409242855545235,57.730776590526084,0,0.5013975720147567,124.43204106853209,0
56.359279372784286,36915.59781469237,42,South,Mass,58.00486896518688,1,0,15.656173930384684,61.59000689600404,2,0.1497905177361649,60.07061785495719,0
51.43304521465761,71821.66126078849,19,Northeast,Mass,44.010725820224096,1,0,13.823952083652012,71.68323376089602,0,0.22927642516977975,57.167965869126654,0
36.31103332451666,82027.21352238282,22,Northeast,Affluent,24.235898681931204,1,0,16.4828292281314,73.62115156918286,0,0.12842632521863726,32.24420288306674,0
40.34567908303142,220438.08214845954,18,South,Private,36.56518777064463,4,1,66.80435495344429,73.779349317905,0,0.08495951177668112,137.47505146801447,0
20.264806718488355,37142.359095284,11,Northeast,Affluent,60.102674080521766,2,0,15.137235004677766,55.63457979642168,1,0.6176517098391425,436.3954056278942,1
54.990670120425754,28003.2267905732,26,South,Mass,54.020735774181006,3,0,9.47130123938874,67.3042806587913,0,0.4869320533667161,59.68950626189176,0
24.836866755391977,24992.3024553324,29,South,Mass,47.668493049605004,0,0,5.960172982830181,53.29355180393419,0,0.4430628301685611,45.17786474434237,0
49.49480649737972,119472.47882109137,55,South,Private,40.61858560826913,6,1,13.70471792544074,73.11086703730852,0,0.10691043951062967,127.49484005547859,0
47.70015227636411,33270.70304267433,19,South,Mass,34.09012799268856,3,0,8.949600365003686,66.15541942537791,4,0.1139891434673436,98.7201502414653,0
50.766885479310325,42735.50591229593,35,South,Mass,43.382151300614396,5,0,61.65906443022543,54.17624846645958,0,0.22635672405446264,58.05752317223627,0
45.16505637869187,19011.75094027805,30,South,Mass,58.034775620920826,4,0,13.414841488556789,65.39451952399371,0,0.4114236620553629,62.9786719155033,0
32.90532897723257,35639.75226528252,8,South,Mass,60.26959262812425,0,0,18.30650921842711,54.23827836183171,1,0.3082588817509682,68.60186808566372,1
51.83855552622755,14000.0,30,Northeast,Mass,72.26140505983359,0,0,9.622126425565874,66.26079319906177,0,0.39711450929324593,297.8460448070931,0
36.399215823221894,52700.66027218097,46,South,Mass,51.18894535901221,0,0,19.54837291743487,74.50504474296436,1,0.3461834387252022,124.93950730298796,0
40.13330953660628,14078.151864173647,35,South,Mass,54.75542013320725,1,0,6.220068913010024,46.18822647740436,0,0.49387028465404537,125.34584332966165,0
41.34234883680764,20918.235862257112,29,South,Mass,39.719352909705975,2,0,5.7000691845148115,54.95544430915703,2,0.18489891627963773,54.2468247649675,0
51.83855552622755,16105.308511034389,36,Northeast,Mass,66.26276550959773,3,0,5.83926356748897,47.14506131688651,2,0.5088989322300428,102.2662250555431,0
37.64519561172098,19801.30171952831,9,South,Mass,56.575585601383054,0,0,11.065642784284522,80.55187520995581,0,0.695205876222628,97.7801012923367,0
37.886829099397296,35651.57523034543,21,West,Mass,51.14663771067034,1,0,7.185289958465667,69.21241418030438,1,0.29978290190113793,62.45995335990301,0
23.956915038289505,22237.222205610517,12,West,Affluent,76.22166197841847,0,0,28.977086215576357,53.96598527706108,8,0.6094727200223848,183.42943166132125,1
51.47220951170234,14000.0,28,Midwest,Mass,70.32521344269871,2,0,24.143637010245893,42.768016363699395,0,0.6706545382894978,173.97542323240452,1
44.608119773417116,14000.0,30,South,Mass,74.2131877354503,0,0,12.263032386065694,47.80726521852373,0,0.5112669422183062,155.1999923998947,1
30.669611759035458,17840.31087808819,14,Midwest,Mass,50.28003250430334,1,0,7.9992478345746445,43.1503667289836,0,0.34492750656236576,97.23272174349938,1
42.532781538483825,69704.34485949262,45,Midwest,Mass,48.75508256023719,1,1,27.98614266487016,74.93377735636176,0,0.1310124954635497,46.90851984410328,0
58.241836631919256,52700.66027218097,49,West,Mass,52.508475408797814,0,0,27.62693562789574,66.28227053571209,1,0.4906934205908111,125.34584332966165,0
46.86631738880513,14000.0,38,South,Mass,65.62701902165604,1,0,9.622126425565874,50.07088934245819,0,0.4817852756991743,129.2620030526988,0
64.99377503528204,136120.35877431804,57,West,Private,62.69168218577472,6,0,7.881005215419933,60.14416613407068,0,0.5252408423067079,163.8953336835117,0
48.315843949159635,37518.17304569966,26,West,Mass,87.03798316025883,0,0,23.495864533743934,42.2389439851392,0,0.8730590389564188,1865.0631829751694,1
51.614343774585095,19550.304769668444,44,Midwest,Mass,71.22793987846941,3,0,24.26143987101822,68.44338280993772,1,0.39711450929324593,296.632378966238,0
37.64519561172098,28517.793789673342,10,Northeast,Affluent,59.471476016573426,3,0,9.619876203225195,47.235339247508406,3,0.6270579240875099,622.3318713643806,0
39.32680498757607,22040.98847433594,31,South,Mass,65.41385015531675,1,0,10.590435609111156,48.14631385676259,0,0.6702378904537443,459.7118021543011,1
40.03352708939417,35444.4390212819,53,South,Mass,60.94886123673509,4,1,39.82086576711706,65.39451952399371,1,0.5526874718328252,66.38817808204203,0
18.4279798678609,14000.0,7,Midwest,Mass,58.659875557182716,1,0,11.206901522512453,52.598768052750124,7,0.5728245691802483,107.36154215543904,0
39.00626705516567,22135.023034902035,24,Northeast,Mass,54.88392009036141,1,0,19.02519615496256,53.32379394290219,0,0.3700878263659157,134.1495091096291,1
40.554089469006875,14000.0,31,Northeast,Mass,61.91496968615338,4,0,6.862625637499141,46.04665579469997,0,0.316925050321642,50.97773337001241,0
53.01154328998997,118486.29313654476,13,Northeast,Private,31.984939486643697,2,1,27.123402880632614,75.58564478318877,0,0.1699667411882161,61.17656482586127,0
38.68074406713455,14000.0,13,Midwest,Mass,74.48140207611347,2,0,21.603458206369805,50.18981627233498,4,0.7558300111960765,1780.5504677764893,1
51.380294430044714,14000.0,24,Northeast,Mass,86.70907427238095,4,0,4.9362168219295395,45.4401963083693,0,0.8695136034205196,787.662787488623,1
30.70646828470199,14000.0,14,Midwest,Affluent,70.9282507279251,1,1,8.2253218165089,43.82317266271907,0,0.7909527455792409,364.5158966054509,1
46.09263868996925,14501.154511948764,42,Northeast,Mass,78.67706002902646,2,0,13.509094241827531,45.82388520085358,0,0.86331136513207,103.36087780689496,0
43.00759719525652,142786.14587342303,15,Midwest,Private,42.25478080293439,6,1,23.78476833600828,66.43887892628973,0,0.23115626068112807,145.964017692602,0
64.14386603108433,16089.499669256846,40,Northeast,Mass,53.178112428567324,0,0,7.463694237121059,58.177878381907355,1,0.49387028465404537,75.68005580897264,1
47.87120899356692,28312.1750016578,39,Northeast,Mass,65.84834466212749,1,0,16.559972436266687,75.39767859392839,2,0.46804210139597413,64.97177281934314,1
36.203188277530785,43008.132900435,19,Northeast,Private,38.585163757011344,5,0,22.837270099290137,73.83407692625788,0,0.2400840394165245,35.36236475824197,0
18.0,14000.0,29,Midwest,Mass,68.84382643814762,0,0,3.4356231347338815,46.95231729210846,3,0.4641091191566542,108.11236476254922,1
41.63822834606544,32356.5745979564,31,South,Mass,61.73128657566703,4,0,17.117800177747466,53.075692777928865,0,0.43153648583101384,105.22411802700165,0
49.90470240707248,50741.30240920143,23,Midwest,Affluent,35.6543228163492,5,0,15.233880287832747,72.27630004541217,0,0.2400840394165245,39.11709191757891,0
18.0,65777.66493296436,7,Midwest,Mass,45.03640834316572,4,0,48.80954109064208,59.412164545431324,0,0.1632333233967785,43.58979298851171,0
53.5587399596224,134490.24945777515,119,Midwest,Affluent,62.188809148884275,2,0,17.51020011200194,61.73761143255052,0,0.3685204207304658,185.73116556734212,0
29.906374032809566,19688.935969129234,39,South,Mass,56.73806763750182,1,0,10.969158954971032,45.327825320950865,1,0.35279932430667,140.17399398099863,0
55.5790739609129,67596.41347570681,18,Northeast,Mass,42.24726676505489,1,0,37.05815306062695,63.54670437017033,0,0.41009947752693565,97.22932282730451,1
49.52369560758052,53817.967921527736,35,Midwest,Affluent,40.129235815305655,2,0,36.83731479061747,73.83407692625788,0,0.25586296264471664,150.0104211268686,0
55.26898463017196,14000.0,30,Northeast,Affluent,50.72364955697276,1,1,13.13080462898622,46.5597883340857,3,0.5690503489448843,80.01190068504519,0
47.499049583595806,132127.2609144349,41,West,Private,35.70919887355647,5,1,176.55164339705735,91.22085242815054,0,0.2400840394165245,137.47505146801447,0
76.24380166385382,18349.33359604035,74,South,Mass,65.39729719413653,1,0,13.414841488556789,53.75761307945428,0,0.3966269464053968,102.2662250555431,0
59.09251909673027,27296.993721738818,54,Northeast,Affluent,53.11479682890831,0,0,31.234639545252154,65.57299863348135,2,0.6168530225537495,164.33358012511002,0
29.987545725946,19011.75094027805,28,Midwest,Mass,57.800407953936556,6,0,9.393933082671401,50.13270323715985,2,0.46923033250892826,81.67232700611872,0
31.178772738977933,48063.576172594905,29,Northeast,Affluent,33.55494093835504,3,0,7.206613363547547,68.03750801937305,0,0.3422635282399513,215.7816130842227,1
33.17030622355259,47234.04684865306,57,Midwest,Mass,47.836568247722596,1,0,18.821063679150555,53.23485481761949,0,0.4104461824629255,79.17986777175064,1
32.84990083867857,126279.76113603437,19,Midwest,Mass,32.946056227149,2,0,54.490545056893446,74.6011554095613,0,0.10023168763178786,26.625422723292047,0
57.39974254081278,14000.0,38,South,Mass,65.62701902165604,0,0,10.604864425185472,58.14613311373511,0,0.48989319103917145,92.4980582439132,0
20.001139100544435,24177.124755788984,7,South,Mass,58.04837374275583,2,0,20.797975835101397,56.78172648083693,0,0.4524095038693569,93.46788439882924,0
45.15561643240491,15212.907826095096,31,Northeast,Mass,77.16546727982418,3,0,18.663485070192333,34.59001020637441,2,0.29309315595762364,201.44748865524937,1
42.11056633371182,35796.05950450819,15,Midwest,Affluent,56.19846845229725,2,0,11.129060316448282,61.73761143255052,0,0.34355725501321294,121.46927893711502,0
34.274319915184904,21686.501484424258,17,South,Mass,65.24813192819056,3,0,5.443679649194373,35.06715261814925,0,0.5227952834183612,226.89608636119434,0
54.094380199889194,32867.62656956249,23,South,Mass,61.87458570965226,1,0,12.266867247008182,57.730776590526084,0,0.6786784679300919,441.9363131435284,0
31.69221785994234,29223.375311889344,17,Northeast,Mass,42.91360035685776,4,1,8.949600365003686,90.11464854566624,1,0.4307187133873293,105.53385622704934,0
20.779721131023468,14000.0,18,South,Mass,65.84237318677076,0,0,12.460880843858648,60.65370617184971,0,0.35934981302520624,50.87341979773356,1
32.830295706236996,62221.48334649959,44,Northeast,Affluent,52.99700207537946,4,0,30.56480788007273,61.586072710847695,0,0.11766424394111238,93.73810565956144,0
58.30412665825598,63796.12996491043,48,West,Affluent,24.235898681931204,4,0,25.502963979262837,74.35164946890997,3,0.1498708969136313,22.102108051294564,0
58.21321495613949,75840.10138381062,24,South,Affluent,49.57588254067996,2,0,69.13332875616841,60.113916525341516,1,0.20101623011557748,103.0342324139383,0
37.70580351467876,89855.48652700488,29,South,Affluent,42.95184981306897,4,0,39.539310894107125,71.97960871019198,1,0.29791433112814364,119.53475234753881,0
36.073994082920485,34282.657086165855,26,South,Affluent,33.27416836195968,1,0,23.73987450579719,64.923626998379,3,0.10986908029760668,66.71371699981982,0
43.00759719525652,114516.87804927966,16,Northeast,Affluent,39.102870264893205,3,0,38.39500019981667,66.43887892628973,0,0.14065374495699137,116.15311036693227,0
56.47461315706937,48658.06341044983,15,Midwest,Affluent,46.45709212208182,0,0,20.36730106884766,73.83407692625788,2,0.2909878407340152,111.46913383269688,0
47.70015227636411,30772.176223907805,20,South,Mass,34.09012799268856,2,0,13.541609936242564,63.44120023801549,0,0.31344565547136327,30.232630094240243,0
39.88838554594077,28003.2267905732,44,Midwest,Mass,67.33160385724493,3,0,15.248747558406444,58.22066776533789,0,0.45131410214707285,129.585603408716,0
46.68885204692739,14000.0,54,Midwest,Mass,48.08123718708173,3,0,5.318490740788,43.1503667289836,0,0.34492750656236576,31.48218189031666,0
36.71646268934591,111634.31246025543,64,South,Mass,21.169784401726215,3,0,13.43978725762842,73.31864845049384,0,0.07603287537840057,37.93365055592889,0
48.26510408892768,29768.511923149897,39,Northeast,Affluent,70.47583382846132,2,0,36.66421197162888,34.59001020637441,0,0.7855826086563342,1299.24789667259,1
29.915080985424567,18810.712606206762,33,West,Mass,72.24451695256253,1,0,12.371472929388611,44.76122187022089,0,0.42004936900058676,601.597357065566,1
79.0,61441.77130455909,28,Midwest,Affluent,94.8149303327265,2,0,39.662685005820855,60.922821578288875,3,0.8695136034205196,532.7360390415697,1
37.169427972169785,32662.27150557997,20,South,Mass,46.04239578752766,0,0,24.059362704819062,69.04325886116452,0,0.4683647437474737,87.77267213295052,0
41.78002588430452,36553.91656783349,21,Northeast,Mass,50.76250304783298,1,0,11.996267198336888,52.75292865289054,0,0.2615775915396235,32.540007225930886,0
30.70646828470199,33517.95412662215,14,Northeast,Mass,44.62210376300999,1,0,13.549464898118986,53.94084665082282,1,0.5054755016505854,79.17986777175064,0
39.098428868808035,26938.17261877525,11,South,Mass,60.413559436981544,3,0,20.907455842924126,76.2272189174283,0,0.291287832142534,144.95788636810428,1
46.99405945056418,81664.27224288936,27,Midwest,Affluent,49.57588254067996,3,0,22.567957269100795,60.113916525341516,0,0.35170577352651344,170.15467361680493,0
42.15642199276913,19672.525950908526,40,Northeast,Mass,37.03816057621896,1,0,10.29435767879247,74.82096072936059,0,0.34720460309309104,37.608525639889955,0
38.73223491033703,44733.999561031116,43,Northeast,Mass,63.25346687254641,0,0,27.03638371608011,60.91079193996868,0,0.2651014025837591,104.03858886267923,0
58.511375033373405,53976.751480220584,63,Northeast,Private,66.82857681494906,1,0,16.05469168472903,91.30998015230888,0,0.40953884849359196,332.73901267081555,0
35.54219047531576,37234.765592934156,3,South,Mass,30.970749149633555,2,0,21.106285671358258,80.03705357919645,2,0.21015838582892094,35.62650289843088,0
64.5123825086092,216801.110793247,74,West,Private,51.20049810485689,6,0,28.411312071410446,78.99974386064957,0,0.35170577352651344,431.739404237881,0
26.85112850023404,18660.50629493518,21,Northeast,Mass,85.80597057538971,0,0,28.977086215576357,25.274634163189532,3,0.9393918718120378,2187.0552572438764,1
36.26989656808553,23363.902246370002,17,Midwest,Mass,43.61083026696537,3,0,11.037915712576723,69.66187189439339,2,0.18489891627963773,75.92257573684837,0
53.5587399596224,111634.31246025543,76,West,Mass,46.004133847673124,3,0,25.711938354183165,60.113916525341516,0,0.21100309264324751,67.29905682566186,1
28.95110281763168,33301.180064798726,8,Midwest,Affluent,54.1642132713004,1,0,27.281476638579008,65.63749748737878,0,0.33794799500771,118.13409228145045,1
46.68885204692739,118486.29313654476,57,South,Private,54.591588628218936,4,1,53.12768335335549,77.94903336275816,0,0.695205876222628,186.65420099438876,0
62.736214595141405,36553.91656783349,21,Northeast,Mass,68.18581651431295,1,0,6.306042204486348,48.481449709897944,0,0.3966269464053968,173.87175656868374,0
36.59860299433734,23411.101796725598,51,Midwest,Affluent,69.7200193377433,5,1,10.897204952988588,46.29356206047676,0,0.4159868861701631,160.00560178814305,1
45.12904116488079,19292.931356834855,8,West,Mass,51.68645526150351,3,0,5.8695005982237145,67.3042806587913,0,0.18264237738159766,82.73149856145159,0
35.25264621233799,21686.501484424258,22,Northeast,Mass,40.821011736340004,3,0,8.701077396082747,61.33783814111601,0,0.2675305197574806,57.17755661173206,0
45.05970354748321,19801.30171952831,24,South,Mass,65.41385015531675,0,0,23.359713521898808,61.50107922601602,0,0.7615356873676941,507.3782872990975,1
48.97773219434422,120941.76452142952,59,South,Private,42.25478080293439,4,1,43.42462061419105,73.11086703730852,0,0.1238359013208477,112.80364146174361,0
64.31185153600173,52831.16105503355,57,South,Affluent,55.54762288062462,1,0,18.142519386367912,62.382602151002466,1,0.21650732182824087,55.95871195020117,0
66.43365644264058,25512.63820982138,42,West,Mass,58.533223122312634,0,0,20.907455842924126,67.87324636432002,4,0.2126209993945382,46.90851984410328,0
46.164281650938875,37948.477625542895,38,Northeast,Mass,54.78388887211185,0,0,11.266814611984266,50.03225700876346,0,0.42030367972673016,66.49933155145212,0
21.637530436746253,43378.91578260703,7,Midwest,Mass,49.72973526330447,1,0,12.49977935790888,58.33621130042609,3,0.11995933946355686,111.69483655406148,0
58.01667320580649,32127.27292380053,57,Northeast,Mass,54.88392009036141,0,0,23.97738456324013,53.12141471648812,0,0.7051182852709545,146.6670633579311,0
54.4369449695833,39638.7331553998,35,Midwest,Mass,79.98558307153397,0,0,51.707388558237,66.26079319906177,0,0.4689448446921213,193.02643368998872,1
36.094497349094695,34017.01127559048,25,West,Mass,62.10224877243721,4,0,16.90502623066403,61.89731301034212,3,0.30169917251162837,89.71245754226491,0
45.764059285650305,38596.22401280296,14,South,Mass,60.94886123673509,0,0,23.495864533743934,65.39451952399371,1,0.32038183536956477,71.8436566267937,0
59.59698506567747,64445.24608668294,48,Midwest,Mass,44.00174329876104,1,0,27.62693562789574,53.776785522186415,0,0.2108296498312837,52.027160313985654,0
37.54235654300867,20861.218281418638,27,Northeast,Mass,56.575585601383054,0,0,15.628812478626353,54.75280214637001,0,0.6175344969298099,146.28707211236372,0
26.80429539410048,22374.739811767784,12,South,Mass,65.08551307990261,2,0,20.907455842924126,55.64036327297329,0,0.5704747458270952,80.09082597648018,0
47.87120899356692,14000.0,38,West,Mass,31.95493627086079,1,0,13.13080462898622,64.923626998379,0,0.3422635282399513,63.050129201010115,0
36.50670608316387,14000.0,28,Midwest,Mass,50.28003250430334,1,0,10.218665500408664,63.014273363122534,0,0.28866784798094225,97.42260294863654,0
30.663287686301242,47234.04684865306,22,West,Mass,42.76791394995845,1,0,15.587973830399923,59.412164545431324,0,0.22735897365463548,82.73149856145159,0
53.09632820979891,37875.659382439335,35,South,Mass,55.77431658010748,1,0,23.495211370761506,61.40715068472283,0,0.1497905177361649,67.29905682566186,0
38.19574243852598,75669.33676039093,41,West,Affluent,37.150063837606815,7,0,36.233913516206194,68.62620116194361,0,0.28432647476212264,40.42447284581294,0
31.69221785994234,31959.90805642706,14,South,Mass,75.02275150616686,4,0,14.742293288410792,58.66955724698194,1,0.6101840455361948,327.26539186827927,1
43.251786405750956,14000.0,20,South,Mass,64.36578725270728,4,0,10.009341618976084,78.31586605792907,1,0.7922345626488727,235.9645788157093,0
38.34119794473141,21299.93861685881,11,Northeast,Mass,52.76959927154887,0,0,16.887183190759227,74.50504474296436,0,0.44873132538091,146.67410004524288,0
18.0,24842.935929255807,14,South,Mass,65.54956870548527,1,0,33.40171488675478,57.391273144370885,0,0.47401555061143297,80.09082597648018,1
50.05185421439978,68965.23828992434,25,Northeast,Private,71.89791646625875,4,0,15.096798878521174,66.46562938316488,0,0.5574050716108649,297.8460448070931,0
33.41327972917692,32601.595075042555,17,Northeast,Mass,49.59290768149728,2,1,17.010445218953564,67.02553092727251,0,0.17595947311668259,100.20147156432468,0
37.29256596220643,134490.24945777515,24,West,Affluent,42.76107901500363,2,0,25.676256056010438,87.92507099924877,0,0.19175531718091463,57.68137742948141,0
57.39974254081278,21814.502972453043,37,Northeast,Mass,41.775069855783016,2,0,12.740977790324433,53.14070890931786,0,0.24716622765774415,61.82537854639575,0
58.01667320580649,14078.151864173647,54,South,Mass,46.216483647063875,1,0,4.8168807008662435,57.43828888820883,2,0.1911360999976964,46.54035686236055,0
38.72027336612292,80335.25460209709,22,Northeast,Affluent,53.56786782235558,1,0,38.39500019981667,56.73713257739627,0,0.4066438895257189,52.15704646698458,0
46.8041744914176,75922.26768411208,70,Northeast,Private,42.385028936989094,8,0,18.45460190575301,63.7584551191558,0,0.19848351917932575,71.43974628992768,0
45.543017946807964,17526.080534604585,37,Northeast,Mass,68.20273477865047,0,0,24.22377055932771,59.90061004174167,2,0.7795488152631009,283.8591203174499,0
34.431881401600435,20175.569812910282,31,Midwest,Affluent,66.47237105545032,2,0,12.566269276420359,35.06715261814925,0,0.6007904501341814,441.9363131435284,1
40.498934436640695,26938.17261877525,13,South,Mass,61.17570704924282,3,0,8.383090075344764,73.39213477384544,0,0.4668837959330794,73.64440239146214,0
34.390538454433425,29371.668423913623,31,Midwest,Affluent,60.163168046298665,3,0,9.097096476861733,40.60470485298913,0,0.4524095038693569,125.07740005270172,0
34.138183063340314,97367.54070676143,44,Midwest,Private,52.8645344160948,5,1,58.9947870874642,67.95703924691313,0,0.10194023473508135,140.48838295294362,1
47.87120899356692,18770.97402626152,39,Northeast,Mass,53.14109813606376,0,0,17.55336061804901,64.41586380435106,9,0.37028659085203425,105.22411802700165,0
18.0,35642.71090153747,8,South,Mass,57.76584326685479,3,0,51.707388558237,54.75280214637001,0,0.34687025925142206,105.22411802700165,1
59.87234315588023,58540.93257062386,88,Midwest,Private,59.058048575930385,4,0,24.786947254915837,70.57608608983884,0,0.27026882295638727,71.43974628992768,0
29.940769462358222,29600.819396983326,11,West,Affluent,50.52747774415826,3,0,28.571774292153275,59.74739274843748,4,0.16571434823749068,68.13084175127946,0
42.15642199276913,14000.0,38,Midwest,Mass,66.53402234545452,4,0,5.604186289343553,55.64036327297329,0,0.36435695218607433,146.7313201416681,0
34.224905951228905,34854.30411088369,12,Northeast,Affluent,26.86773239393302,1,0,16.388888793285002,74.22474033985007,0,0.1498708969136313,32.85667687659973,0
56.359279372784286,86780.74126770046,50,South,Mass,32.01642521204245,2,0,14.831744564759592,73.98949906756772,1,0.08242790675839004,38.02984711618349,0
51.0859107962053,32656.577118707144,39,Northeast,Mass,57.70770056910861,0,0,5.455253438739857,62.61916413491944,5,0.415033088476259,59.68950626189176,0
54.8273708513358,42572.059342312146,34,Northeast,Mass,32.50417484553802,1,0,7.424355976886755,76.6324529890119,1,0.11088597171266826,40.01824862155415,0
59.605610553079444,71821.66126078849,46,Northeast,Mass,32.89578879901979,1,0,11.60501843941189,81.96374556588995,0,0.38939184445639186,31.48218189031666,0
50.705148635284615,110159.64550092787,35,South,Affluent,19.134155424335923,0,1,57.51487909672671,75.58564478318877,0,0.06447633394996735,71.04973158613625,0
64.31185153600173,63434.81453741024,57,Midwest,Mass,45.03640834316572,4,0,25.502963979262837,63.54670437017033,0,0.22735897365463548,82.60959285019233,0
77.71841344330883,35552.08219347818,42,Midwest,Mass,54.44462929323992,0,0,11.129060316448282,58.68361602358202,1,0.36275390183034867,63.00054406989568,0
42.36299464381615,56835.27666320845,45,Midwest,Private,50.554230188301666,3,0,21.292945724295457,70.72883452268456,0,0.3132983092429694,48.057526210836954,0
46.405781214858926,84851.72119545365,14,Northeast,Affluent,50.87122284730249,0,1,69.31345311363667,73.2142887221124,0,0.32332498192879067,93.8999664984346,0
37.524883676362215,24796.092860598143,44,West,Affluent,70.61337677659888,1,0,13.414726135815986,32.16258798751898,0,0.5419847645782628,160.00560178814305,0
53.01154328998997,246831.3554320598,16,Northeast,Affluent,34.47713538540565,3,0,17.6631925991827,77.93047471199748,0,0.14810088051344622,42.071547601639715,0
57.95588603476161,16089.499669256846,83,Northeast,Mass,47.75740868461283,1,0,10.009341618976084,67.16428407190845,1,0.28947974269662746,66.85535683074585,0
30.53646809737117,16507.506473104077,11,West,Mass,48.08123718708173,1,0,12.949874272854544,62.642710979794785,0,0.42022192541530634,87.77267213295052,0
40.82518209019223,68176.15586352444,45,South,Affluent,56.12332817619647,4,0,32.113456871337,64.04361806350398,0,0.34355725501321294,176.66105490469408,0
36.399215823221894,27443.168766936047,48,South,Mass,53.79305797252813,0,0,24.034102751543685,55.29833427149756,1,0.7051182852709545,294.1580381910876,1
42.12808355021122,23477.878572898517,3,South,Mass,45.912727495067216,1,0,3.9472761458265744,79.26004111536925,0,0.2764905474730596,61.13028061411069,0
30.70646828470199,31523.760138135727,14,Midwest,Mass,72.74718645651151,1,0,10.57396476548444,34.59001020637441,0,0.6283129814158984,288.30940078692805,1
53.10446906043313,62112.47685271264,49,Midwest,Mass,71.28407011560373,4,0,48.80954109064208,58.684178409383804,0,0.7213724543923892,424.5182505114368,1
39.650011231040004,55753.48612679355,11,South,Affluent,50.554230188301666,2,0,31.005514861517963,71.86846560824995,2,0.3921341418608006,52.15704646698458,0
36.20694232968255,27972.4665328518,21,South,Mass,76.22166197841847,2,0,12.965555420116017,55.95249108681561,3,0.5115810401996926,601.597357065566,1
64.31185153600173,142786.14587342303,57,Northeast,Private,44.78653365157664,4,1,66.80435495344429,62.710899544204345,0,0.18605286195119353,292.1870463961744,0
46.046486194738314,17168.45504945736,31,West,Mass,60.58471016249389,1,0,17.048296983211,76.2272189174283,0,0.18005194009827197,58.11356587325883,0
35.98854167282324,14000.0,17,West,Mass,51.40844705944145,2,0,6.794609989467476,46.5597883340857,0,0.4741721713066104,82.77556336565021,0
36.713571802218716,52940.466705498366,50,West,Affluent,35.509306692310496,3,0,38.19642205780895,75.25658243946569,0,0.2016938865834316,71.04973158613625,0
46.405781214858926,50416.81060207525,16,South,Mass,55.83163302444097,1,0,12.029382589892153,61.46263350184302,0,0.5526874718328252,161.48945879467942,1
29.500190239870037,14000.0,14,South,Mass,62.87635911906126,2,0,18.544358401877762,60.61144724873158,2,0.4616200224018388,140.6503231222753,0
24.898464421833687,34017.01127559048,19,South,Mass,62.22484823706716,4,0,10.165295615917637,57.239686403524836,0,0.5783089223905701,371.97454183091077,1
45.724164712105186,28832.563663818255,38,West,Affluent,54.39071713836383,1,0,9.979978993421291,65.50206464190659,0,0.21020290415481435,127.49484005547859,1
42.9732090533413,15193.174392117062,9,South,Mass,64.8528266225423,1,0,10.001442045440506,52.027253964427445,0,0.6485289278014267,150.97690276411717,1
42.32452641791881,27817.293894866685,49,Midwest,Affluent,72.74718645651151,1,0,51.454363032826556,50.96755772406487,0,0.7281830844269899,183.42943166132125,1
51.36938173657683,37518.17304569966,16,South,Mass,61.354077153226996,0,0,51.707388558237,73.39213477384544,0,0.5640103571169447,115.5784701967908,0
54.645755171333086,120405.0621563559,57,Northeast,Affluent,51.29240631664031,4,0,24.746720689472806,82.86681738760875,0,0.3527845261599721,141.78756030693197,0
47.277333267968004,75922.26768411208,21,Midwest,Private,53.56786782235558,4,0,50.04736616165021,62.710899544204345,0,0.38944299087760886,141.78756030693197,1
35.170945518591665,48063.576172594905,11,South,Affluent,35.6543228163492,2,1,27.98614266487016,76.89346691810887,0,0.2400840394165245,116.15311036693227,0
20.779721131023468,15591.13102989347,14,South,Mass,77.16546727982418,0,0,10.039665506215293,52.30436752829763,0,0.7775037626242814,596.7364699611481,1
55.48904724155261,28738.40467206446,19,Northeast,Mass,43.9365831696979,0,0,7.851877467326243,58.72818954235863,0,0.4382114370916998,127.4846054507775,0
32.67256558053688,35327.1992251446,17,Midwest,Mass,44.37200803296913,1,0,12.084512016873123,58.05685250142284,0,0.17595947311668259,43.58979298851171,0
76.99621527296637,45686.44745567598,45,South,Mass,55.80273694376645,1,0,11.129060316448282,74.56369899035849,2,0.26439702812910953,66.85535683074585,0
65.13015402968782,75840.10138381062,33,Northeast,Affluent,58.15339979184429,2,0,10.238846998110615,77.94903336275816,1,0.4212482695675227,168.46389001521183,0
62.80970073435339,52042.745109682095,59,West,Mass,47.836568247722596,2,0,63.339167724007815,66.8659522257279,2,0.3848745959112395,71.02021668755945,0
28.95110281763168,68176.15586352444,8,Northeast,Affluent,50.855290926871454,4,0,15.951540863843018,49.190040545025,1,0.39502635832855787,52.15704646698458,0
36.094497349094695,46519.22757089887,23,South,Affluent,69.23465128561519,4,1,22.57019037862977,71.53843733398085,1,0.4651470505509188,211.25343086072172,0
42.11056633371182,27820.534055833665,16,South,Affluent,54.53215690243443,1,0,13.28975760136335,55.00119943610277,0,0.21020290415481435,67.43964420501571,0
46.07873679289451,46356.395516274206,53,South,Mass,51.18894535901221,1,0,36.77616231278041,55.48416690647133,0,0.5861934571963635,117.795089515309,0
50.17434776153676,23000.05731624346,38,South,Mass,71.22793987846941,3,0,13.409707742982846,72.95828303910322,1,0.7615356873676941,417.7465153341994,1
37.74367381210202,62112.47685271264,38,South,Mass,43.99984777788465,4,0,20.36730106884766,60.622017856617255,2,0.23115626068112807,57.12610446495285,1
33.84906788246507,35295.84314505764,17,Midwest,Mass,44.60110748959528,0,0,12.49977935790888,57.052832831335174,0,0.29336002498701175,72.94440332371815,0
31.178772738977933,39522.86167750622,20,Northeast,Mass,40.07073494221773,1,0,15.156408909005227,61.1436753730062,0,0.42628670240300087,105.53385622704934,0
50.06390859576402,73394.89191947984,45,South,Mass,44.00174329876104,2,0,8.382741005075534,77.20100300210515,0,0.10691043951062967,65.39625972389543,0
38.155902941037304,44726.95152027002,49,West,Mass,70.37070855814187,2,0,21.833232528175046,66.50126282232982,8,0.2651014025837591,170.36078979814715,0
37.27143478294742,29338.777066711285,19,Northeast,Affluent,61.4080681265121,0,0,15.142714371595407,55.00119943610277,1,0.3414274360752435,117.97876059247417,1
38.1961228813776,45771.2305273356,18,Northeast,Mass,42.76791394995845,2,0,14.463413330706103,63.54670437017033,0,0.17339496824198727,66.69123718880141,0
55.222934601611335,21875.090836919553,46,South,Mass,50.99916872415139,3,0,6.795137164214336,63.899174196499985,1,0.5511880026484731,98.84324529258946,0
49.35919528601433,17198.692750004575,31,Northeast,Mass,78.67678299189572,5,0,36.23144498962161,47.80726521852373,0,0.4257904860618259,153.53146777722475,1
42.39457084112394,16635.256063582907,51,South,Mass,55.041761791169506,4,0,9.393933082671401,61.18164177502151,3,0.3700878263659157,74.22064487544681,0
68.52093731332425,26938.17261877525,23,Northeast,Mass,49.62630357332866,3,0,15.185744471190223,63.39848751761806,0,0.41169375025281774,81.44842555109133,0
42.11056633371182,19516.33316288992,14,Northeast,Mass,39.719352909705975,3,1,12.362461250299763,58.47932752046717,1,0.26950676907005716,116.55541775813592,0
76.1411088644944,50808.40686490006,27,Northeast,Mass,49.94436752098634,2,0,13.823952083652012,62.04532781475556,0,0.3284553652152603,50.51296285114198,0
42.77012932736845,115468.47927728017,19,Midwest,Private,27.099336293023104,4,1,27.123402880632614,88.44426474906692,1,0.13836669533028853,35.20555937287166,0
38.155902941037304,33441.64238629263,40,West,Mass,64.90920561046987,1,0,18.25247569409271,74.94909079681922,0,0.4501561223569133,115.03877509604794,1
41.01580259700778,44460.89035933244,48,West,Mass,56.52818403346488,2,0,24.7888682517768,54.37922835168173,0,0.4979704509174641,115.5784701967908,0
63.535373542113234,48658.06341044983,88,West,Affluent,55.54762288062462,2,0,21.106285671358258,78.73440986266286,0,0.29389939165504075,55.95871195020117,0
18.0,20653.09624704159,24,South,Mass,56.73806763750182,4,0,15.0293816378132,45.327825320950865,0,0.33302202208646453,57.01890929862269,0
22.43589506874499,28738.40467206446,22,Northeast,Mass,38.84046984957364,0,0,7.913155784298251,58.05685250142284,2,0.30989638745906534,39.2556261244212,0
28.77931504846419,26530.30181134893,12,Northeast,Affluent,67.47785940667157,2,0,14.0820962538243,56.49026538978237,1,0.29132593226634573,237.9093748177878,1
47.277333267968004,23402.299795067764,21,Midwest,Mass,54.182410162415806,1,0,16.887183190759227,78.8449744547683,1,0.18005194009827197,100.20147156432468,0
62.80970073435339,14000.0,54,South,Mass,55.74242848034698,0,0,8.096971253278532,68.74574047373918,0,0.4869320533667161,140.17399398099863,0
39.88838554594077,28620.072075530432,38,South,Mass,71.7909348760187,1,0,9.431060568530482,60.41090421600671,8,0.5015234715763378,144.9715062976517,1
28.175188133259752,67324.70461406732,43,Midwest,Private,34.881656688647745,2,1,22.504031278485716,56.0533457158387,0,0.08495951177668112,42.75976155650725,0
28.95110281763168,14000.0,10,West,Mass,84.71071325907018,0,0,4.9362168219295395,26.692634110129745,3,0.9234428865645108,2697.722067744627,0
38.61657805820382,68965.23828992434,38,Midwest,Private,50.924840171394656,2,0,55.811872703926994,73.1163170500425,0,0.09381929234917835,74.99924706998532,0
29.635052854616518,29819.040029130243,28,Midwest,Mass,47.91196326223309,7,1,32.67122996933924,53.23485481761949,1,0.31460169254076986,92.7964645080395,0
33.07336134749936,28312.1750016578,8,Northeast,Mass,53.628592845474884,1,0,14.434867002843916,50.84154783622678,0,0.502664581688269,114.514963333411,0
33.394348529947315,41313.84536014391,26,Midwest,Mass,46.624258542395324,2,0,12.49977935790888,60.72772644202335,0,0.41810279081640384,93.36962741202495,1
42.11056633371182,14000.0,13,Northeast,Mass,54.605173977267874,1,0,6.862625637499141,60.280226586738856,3,0.3700878263659157,75.94195731452382,1
51.02752136208072,109044.59054497455,101,South,Private,51.20049810485689,6,0,18.38141023324015,64.66620196181054,0,0.2739560418664571,92.03904470560913,0
43.43976103940987,15212.907826095096,21,Northeast,Mass,68.20273477865047,3,0,5.83926356748897,53.53498225224396,2,0.4641091191566542,288.2538578991902,1
63.172078009531155,31484.175673213103,63,Midwest,Mass,69.3717537651711,1,0,21.044913795613578,42.768016363699395,2,0.40798889807887556,163.6268692393412,1
26.80621426442881,46265.09867271414,7,Northeast,Mass,63.99361804602977,1,0,15.137235004677766,60.2846881681376,0,0.4442874648175955,185.73116556734212,1
64.5123825086092,95213.40546585727,76,West,Affluent,59.94720934371175,4,0,19.56617696450711,56.16843892654936,0,0.4066438895257189,243.65503620014883,0
29.987545725946,14000.0,26,South,Mass,71.80413544107647,0,0,5.64140398103927,60.41090421600671,5,0.5704747458270952,205.72122657643786,1
38.45821032865626,44261.92944211367,19,Northeast,Affluent,43.65314830030646,4,0,10.514794217485871,69.29152162672798,0,0.41009947752693565,98.60276552653391,0
18.0,37579.65568394871,15,Northeast,Affluent,53.4778202511186,1,0,19.854951771756333,67.50693597276921,2,0.3259393660356823,159.20847147875207,0
33.17030622355259,19438.4669519889,58,Midwest,Affluent,51.40844705944145,1,1,11.149472353547518,63.086772911254855,0,0.2269155608104524,58.00834824008923,0
61.30561847648341,18810.712606206762,51,Midwest,Mass,51.68645526150351,1,0,9.724399988241462,60.32822352694981,0,0.34492750656236576,31.48218189031666,0
36.59860299433734,43490.38307661122,34,Northeast,Private,75.86097043524697,4,1,51.008630655890435,71.53843733398085,1,0.45901830099926133,3521.1115436641903,1
37.169427972169785,37905.91530217314,24,West,Affluent,41.7374105696211,1,1,29.228914681596805,73.55090579357281,3,0.25512548313461964,57.68137742948141,0
45.24514184879018,39638.7331553998,25,Midwest,Mass,79.98558307153397,0,0,12.127882853117047,47.80726521852373,2,0.60782803800724,156.96274121005058,1
43.00759719525652,73090.2329890943,18,West,Mass,36.76816819460378,0,0,14.218082168674382,78.32465170625221,0,0.17264147362754423,39.06767286646015,0
45.316471000974786,34649.440599589216,22,West,Mass,48.398435667111116,2,0,23.403467055136435,68.83679251223218,0,0.5007488287740153,55.336533167017336,1
46.98879006622816,42103.01231628797,57,West,Affluent,50.979637177028664,1,0,29.573160202251408,69.21241418030438,4,0.271467249334107,63.647149037537275,0
72.2805987635437,84851.72119545365,59,Northeast,Affluent,74.00167446197717,0,1,36.03700896169026,66.50126282232982,0,0.5404218443039664,424.5182505114368,1
46.10342452601288,48960.92438749927,22,Northeast,Affluent,83.6416476996757,2,0,35.079049860062405,49.877643058361755,0,0.8024575396094927,2786.062288442575,1
42.11056633371182,28268.879140411453,14,Midwest,Mass,35.974611513377475,1,0,11.552289875726608,69.61352719131035,0,0.3135077915045093,30.232630094240243,0
21.40278573619411,15462.14906942255,10,West,Affluent,74.48140207611347,1,0,8.423899506794298,53.96598527706108,1,0.5900092277908588,1194.9940760835773,1
39.78733017404454,72742.14957170222,70,South,Mass,45.03640834316572,3,0,25.201117240979013,57.93490010842319,0,0.4799677879576114,84.12711384884305,1
45.074341367452135,32656.577118707144,11,Northeast,Mass,62.10224877243721,0,0,13.957773660709755,53.34114376270004,9,0.8007031091172346,538.2100207401212,0
37.37874068489032,53523.153212473946,40,Northeast,Mass,43.1585220165256,0,0,26.436135053889206,66.80397148666816,3,0.30997088994299404,86.17546613232193,0
51.94053765092198,89855.48652700488,57,Midwest,Affluent,57.14233687145833,5,0,46.007766232883675,53.60934918550574,0,0.5237553865950993,159.52725386454375,0
46.23743138093533,44460.89035933244,18,Midwest,Mass,49.72973526330447,2,0,23.403467055136435,73.66984139959649,0,0.20308149066838888,19.348446483615746,0
37.41651507936847,45753.825439337226,42,Northeast,Affluent,46.45709212208182,2,0,18.655683852150908,54.17624846645958,0,0.18605286195119353,69.26557003463182,0
47.47091625241383,24701.14208011565,19,Northeast,Affluent,51.522741662207125,4,0,17.55336061804901,63.23611934471436,2,0.46393593603294103,270.7825812275725,0
31.639060464996604,28633.594982104114,10,Midwest,Mass,71.31005387070205,2,0,8.525812249860213,42.768016363699395,0,0.45110309465400134,360.26622547138714,1
37.405056672997674,51963.19961284724,15,Northeast,Mass,41.93139842361619,3,0,27.42257114052042,61.00255577244559,2,0.2325183812867532,58.9949654714473,0
42.06483060823775,29433.398087924794,70,South,Mass,42.530037003854964,2,0,14.313043202243383,69.04325886116452,0,0.4382114370916998,224.2265956524936,0
18.0,14000.0,7,Northeast,Mass,64.04651296661336,1,0,7.62526376131822,39.20991431433703,0,0.4894511617820472,166.52985732160485,1
38.827030485930834,38005.90665359281,25,West,Mass,53.95672338895037,5,1,50.93480171952433,74.61207850724395,0,0.31894331191629827,86.17546613232193,0
41.02033714842797,29329.04232352361,20,South,Mass,56.865351155860544,4,0,13.569720915869494,64.67344491536284,0,0.38849665243039616,63.90464175361982,0
28.840211711104217,36037.5902102011,15,Midwest,Affluent,35.276911687017886,2,0,12.084512016873123,66.74655334183899,1,0.4367558380363512,205.39680607414252,0
34.38936364818303,34989.786755656445,33,South,Private,66.59836093595638,5,1,61.65906443022543,61.605316452718384,0,0.4501561223569133,291.40031787467797,0
52.49001693940329,19292.931356834855,37,Northeast,Mass,46.59135693896077,3,0,13.16250922865682,69.04325886116452,0,0.28866784798094225,44.9567045369826,0
19.04362247031159,18383.848594989176,16,Midwest,Mass,58.32874771545043,1,0,7.943967498010157,78.87761269298272,0,0.15580602197334723,58.9949654714473,0
46.01307511456045,31829.067997805858,52,Midwest,Mass,50.2811326286785,0,0,26.67591024195752,78.8449744547683,0,0.16928487216156476,69.834880565468,0
46.77113168099517,71821.66126078849,33,Northeast,Mass,23.094696200557916,1,0,20.3191947042656,86.0566506168147,0,0.28728386931991606,39.2556261244212,0
26.016125402789104,50066.85471980608,9,Northeast,Mass,41.80007446706792,4,0,27.03638371608011,63.23116446723616,0,0.19848351917932575,39.69789773242267,0
33.23698970015244,90257.17853826206,38,Midwest,Affluent,36.39973870417794,5,0,176.55164339705735,70.50203629650886,0,0.12205210054563079,68.20639661788624,0
57.535379798353006,44733.999561031116,12,Northeast,Mass,60.17876579739614,0,0,15.951540863843018,59.18621133656595,0,0.4095262866040391,93.46788439882924,0
55.26898463017196,25387.393278827065,34,Midwest,Affluent,71.22793987846941,2,0,15.873224192235995,32.16258798751898,0,0.4894511617820472,155.1999923998947,1
19.66591757693862,51988.30783134948,12,South,Mass,25.651231612717822,2,0,38.19642205780895,71.75211221295712,0,0.15771333726587466,64.05390653400455,0
35.939995006222034,22548.839739282295,25,Northeast,Mass,56.59856474384967,0,0,24.22377055932771,64.67344491536284,2,0.5973542916966103,147.81749694428535,1
62.802915643720475,30772.176223907805,54,South,Mass,34.09012799268856,2,0,11.567275429231941,63.44120023801549,0,0.05799845526114131,40.01824862155415,0
46.01307511456045,97746.76616049628,44,Northeast,Mass,43.008909588113504,2,0,40.73476666830939,71.36704025472869,0,0.10151182787238883,50.39340859345534,0
33.75627879783413,24764.195520778798,17,West,Mass,93.63062470815105,1,0,15.126722556876075,27.75588751732412,5,0.5500713378364083,1865.0631829751694,1
28.55725304226477,24786.377879734868,16,Northeast,Mass,44.00123318414848,1,0,9.00602865835594,54.95544430915703,0,0.10432605541520701,43.33006939314803,0
40.98616054313298,35489.07664283429,35,South,Mass,53.106247290368735,2,0,16.318256732511713,71.86846560824995,0,0.5007488287740153,207.91625621144755,0
46.77113168099517,24511.657117730534,33,Northeast,Mass,51.522741662207125,1,0,15.185744471190223,51.663366498261105,0,0.22803155597371896,78.01530584091249,0
44.37050623777985,15212.907826095096,10,Northeast,Mass,49.697966507920746,3,0,17.448129683136838,74.25438296695738,2,0.34492750656236576,48.21445451662918,0
18.0,19005.299639164186,21,West,Affluent,66.37032093871474,3,0,12.63348698926751,45.355314665463034,1,0.6351356418943096,204.78273773780546,1
31.393437808091985,18383.848594989176,16,Midwest,Mass,61.33275395868709,1,0,10.26893808435302,70.75586627433202,0,0.4114236620553629,91.45114813305933,1
37.405056672997674,77088.0689954487,17,Midwest,Mass,34.29511151085358,4,0,101.48762799583643,68.6568837344938,0,0.16146072254642405,203.95108764982558,0
33.23698970015244,50497.48907290797,42,Midwest,Private,47.54692995900057,5,0,61.65906443022543,70.25820173986935,1,0.2147536053952941,80.18909457259207,0
51.94053765092198,16440.728389606036,61,West,Mass,56.320617851725046,1,0,13.414841488556789,78.19841027887121,1,0.21647999758783923,65.39625972389543,0
35.11478853332758,22366.20484535248,31,Northeast,Mass,39.348366823684735,1,0,7.664298117747703,78.05352726529259,1,0.5511880026484731,84.12711384884305,0
47.30310171818986,37905.91530217314,27,South,Affluent,53.771254828758366,1,0,16.310609715548946,50.84154783622678,4,0.42030367972673016,145.1058750274738,1
31.69221785994234,41503.889067138356,12,Northeast,Affluent,56.26920614571531,4,0,15.951540863843018,49.09961180770936,1,0.39566947635273236,141.78756030693197,0
55.5790739609129,74653.8055872114,17,West,Affluent,66.5010754623722,1,0,50.262075942063355,58.96027543515393,0,0.6137584644440546,253.2310879111012,0
20.143524631455954,82987.25971999679,18,South,Mass,32.946056227149,3,0,26.811015659820022,75.15901131079609,1,0.08447722814411196,98.7201502414653,0
41.64152140406501,21248.540046335795,21,Northeast,Mass,40.59839496293864,2,0,13.16250922865682,58.47932752046717,1,0.38540872206420335,40.22153820555996,0
36.42342989558896,73162.13759635268,27,South,Mass,46.377212887784,2,0,63.339167724007815,53.963129965734545,2,0.29875110559607343,44.107762224098494,0
