age,income,tenure_months,region,segment,risk_score,num_products,is_premium,usage,engagement,complaint_count,credit_util,y,y_class
29.646434246415193,56279.71354107373,42.3787637634588,Midwest,Mass,48.75114380221659,3,0,13.929384071654313,68.40733144053472,1,0.2622357373139505,176.85891760996054,0
39.80765721519782,26532.400128777408,23.089945325272964,Midwest,Mass,55.790417939736344,3,0,47.79976692089474,91.45543474325775,0,0.5641746316469468,308.8731679251081,0
46.320660669751256,77437.16375097222,39.032270215878796,Midwest,Mass,85.10453146344166,3,0,6.928358799481812,77.7213341991951,11,0.482316236592971,498.7880497707423,0
51.849178974585755,24490.29353457096,11.199765538025495,South,Mass,77.62312199021987,1,0,19.73143759634323,41.91115095310321,3,0.2940560199589598,143.63614126788815,1
50.86377681965109,9835.518869395952,14.998840258875328,Midwest,Mass,58.450080666388736,5,0,8.469698234955567,57.33944532438544,2,0.16045178050978368,151.1968375148101,1
40.2109131551884,26456.291515760375,19.303695769839717,Northeast,Mass,53.54936932059754,0,0,22.606979014984105,47.6680997654113,3,0.7976629787289519,510.23133516803534,0
61.72135117500451,73185.91154499837,7.092130470163009,Northeast,Affluent,54.119930010862674,1,0,15.98782931090653,58.230493941303024,0,0.31241966240536523,53.19249688411555,0
42.79696209870249,30708.722811580687,30.70101311637045,South,Mass,39.40240908287091,2,0,19.41342014140418,51.68566121418776,2,0.252759422408122,124.34359416730807,0
40.10365890949532,29074.928981314602,54.24251087787562,West,Mass,73.84800042299096,3,0,14.139249188861942,,0,0.4190864033968249,77.40958027274127,0
36.440900895611826,10575.960435696452,22.546329885303763,South,Affluent,33.73604712789173,1,0,2.0399152623197514,50.82714578362835,0,0.7247195380065666,153.22210540257097,0
19.366939931764826,43006.62026533397,36.61531140960992,South,Mass,51.56575308561651,2,1,13.746351922427714,90.75800397964564,0,0.3030502445459676,64.08983587391248,1
33.396916949181126,36515.56136658442,44.37631825860371,South,Mass,75.91428491996862,4,0,52.48955185757538,51.545609588288414,0,0.12299227766677881,76.30640789062335,1
23.797642360567785,52026.209664105234,28.332891739849924,West,Mass,39.75864983577951,3,0,29.83795319911113,52.77793804694334,2,0.6637090155339327,178.1822114860645,0
23.992977983070773,21509.07122619165,34.00806744763593,South,Mass,48.68044577808143,1,0,97.95356180914277,70.61766176528464,0,0.45331004167315925,21.743427660729353,0
51.31186325062962,44019.470113325195,64.58227136708321,Northeast,Mass,60.3307650176642,3,0,2.591751136323378,60.50813803602234,3,0.7623552323951044,10.724974062583762,0
50.49239706880424,70111.51357422458,26.76124337665476,Northeast,Affluent,61.7216194919836,4,0,34.60279729339148,75.52784786826403,0,0.2544036681214557,68.73731166188863,0
62.165713146174355,43231.14451819403,43.18763397248969,Midwest,Mass,35.25848480019468,1,0,12.772030505181641,71.2417578843465,1,0.1460808639408493,426.81122687092835,0
48.7216567096364,23824.158007103062,14.224585166347666,South,Mass,41.52032511934873,1,1,26.867525919986022,72.52771576957042,0,0.37162725306811495,148.27538578713452,0
59.712439555894434,29212.645727003553,68.57248708894157,Midwest,Affluent,47.52562043926158,3,0,8.625183001432422,60.28453578124368,0,0.40733955623783863,117.7120990177039,0
39.47099384587388,39286.15924074617,19.2161583851169,West,Mass,91.64059043995607,2,1,3.8250920533062454,87.1684478324145,1,0.1864617073862839,107.1144583152575,0
46.362536156841216,37117.032669159235,47.44440117657673,West,Mass,58.074558149998786,3,0,2.4852417827170035,75.5775406959556,2,0.3202720086917837,-0.13890034772444437,0
46.79767962320429,80619.3067621365,15.3033798875356,Midwest,Mass,58.972261279286094,2,0,55.904099903150886,44.87147785536931,0,0.14238442078411084,34.97773730017141,0
25.722023339647283,34021.7877952929,16.332865551648858,Midwest,Mass,53.59514727442891,0,1,28.816265985642627,56.320728508178355,3,0.6947905550633529,104.30807010302111,1
59.95029964168403,16865.55341571997,28.046880927852932,Midwest,Mass,58.30237866175522,0,0,13.210115931985658,78.27082577275085,0,0.4515805672467661,-61.30115557001516,0
22.602720918047176,,56.49241279900943,South,Mass,31.91082904188887,3,1,26.60081237071696,68.61586921643226,0,0.2695690528431222,385.3764754983633,0
46.66641948040223,118668.98013169541,12.62821260758064,South,Mass,44.088802132960055,4,0,30.709551692612084,72.02140836750658,1,0.22422680838309633,285.40737344729706,1
69.6939431748996,,40.72988833596843,South,Mass,50.18623854412573,3,0,3.170244156239227,58.83202566647493,1,0.08148285617730844,108.85396379801499,0
27.405680361815005,30997.44323182818,22.90836117119655,West,Mass,40.768171419782306,0,1,14.078962528479783,27.95160987881316,2,0.7211470821315609,148.98045929986156,0
27.233125921627085,132060.38860458892,28.632297891954824,West,Mass,51.554807272783385,5,0,7.690645383350205,61.9089958644748,1,0.5426965374799448,155.78910997958184,0
44.20227995403348,,41.07089985031658,Northeast,Mass,70.55559601665296,1,0,16.625952799824542,53.7991282134797,0,0.17420239993105177,331.0479865974837,0
34.041705650198246,28631.512110401996,44.95815757427526,South,Mass,59.565328472907765,0,0,13.221026620243498,79.43052901153372,3,0.34172874534075337,203.13667218247082,0
49.20787211737873,48558.593002820126,38.24579604196766,South,Mass,54.941252268942016,0,0,5.942641779819872,,3,0.11366352196167964,247.7698407567018,0
42.28697149232069,,9.20791108161747,West,Private,82.07001517293493,0,0,10.310651161821013,59.53442119445326,0,0.06747099698958772,1759.7695679936317,0
26.572524702432194,25883.678523414186,3.1415816389872075,South,Mass,68.49281904942839,0,1,20.90608956522801,61.55539913563593,1,0.5155047254620284,-110.72235714882092,0
22.11682285234859,27478.923964148395,10.384467835040011,Northeast,Affluent,56.66864592994648,1,0,28.551221740636276,81.6858704099803,0,0.7590606970715966,128.53488289778474,1
35.05623212390577,41147.829408453435,13.366728879835282,Northeast,Affluent,65.15457027958483,5,1,23.764138746797446,55.78124230652426,0,0.3498275050815193,414.6264800338363,0
38.17397570588868,38326.44690650667,32.852166232369385,Northeast,Mass,54.2169498897643,4,0,20.197462020174203,73.91223297983062,0,0.5091650581656079,3357.5039850220787,0
32.544746229241326,12050.805300627044,24.841306495467503,Midwest,Mass,38.32580069449135,2,0,10.315971020505645,68.94228993514166,0,0.09933035627279395,124.86109055189631,0
61.42352958972212,39825.562491804914,42.74315481482461,Northeast,Affluent,72.80040538598745,2,0,62.52081694244581,61.50288563360658,0,0.6004391174348237,-36.185142650185895,0
32.759775298451146,49937.233207386475,21.291803079467353,Northeast,Mass,65.72690426509726,1,0,50.1007500412467,68.81141354899583,0,0.08887563867541087,121.93805422013207,0
38.581532187080384,26183.084454976044,32.92276620326992,Northeast,Mass,56.29621567118127,2,0,6.125887347857212,54.34696829066848,0,0.06200513877065097,332.69151439339976,0
52.078791397764505,26946.460036235076,40.958298298751764,West,Affluent,67.86448989098646,3,1,5.807493876900791,61.19825777551987,0,0.29177183637973586,121.4929161198195,0
44.84758860779736,78960.93034386082,16.61769945775571,South,Mass,93.82660536688425,1,0,2.8642576635124684,63.26503958792541,1,0.26879942845951904,81.96825467671113,0
45.4337966040463,44534.118530899,50.049316506333646,Midwest,Mass,46.43202885485502,2,0,11.98504629855681,,0,0.5855673479754138,139.69119344594884,1
39.214070525239435,15451.502977531583,25.338168623998538,Northeast,Mass,58.12655380215613,0,0,26.154982359722048,76.73780982420499,1,0.47596162939707576,207.65298451568543,0
31.883823813246032,37962.22139363642,45.42317005046167,Midwest,Mass,48.79754918165792,3,1,17.665528619446032,67.925127764816,0,0.27650714158513406,400.23078480360215,0
66.05310073093024,56056.5483120554,117.54055380365621,Northeast,Mass,83.11637619915062,3,0,6.5037542812699956,54.708810399164605,1,0.6771928117555808,1838.575631298259,0
53.25888506629489,43353.84123015208,11.087375338273903,South,Private,79.87911300094795,2,0,13.64520994900732,74.28402161477578,0,0.6180552953863638,-55.393174465444524,1
54.35878214443904,22074.361358005783,16.032730840175546,Midwest,Mass,47.76790847675894,0,0,2.8056622140512104,74.48097655051009,0,0.12762007818309778,1196.6378136363962,0
54.48313965741771,19632.80413338358,22.177849776751167,South,Mass,73.40418933942303,2,0,23.958992505434374,70.16282437762757,0,0.5955062794165566,106.03414409298317,0
44.31643463017769,36920.78938929183,68.65286274133547,Northeast,Affluent,64.27655781343324,0,0,14.045055235587125,50.6929796937242,1,0.4115050847400846,288.81707137097976,0
42.9192164476146,63558.53447539613,23.53965557554061,South,Mass,78.4992704517076,0,0,27.344678454772364,79.94854108649854,1,0.6235387693327059,20.74969447144484,1
45.79248278931295,59623.73784700878,11.31651435689377,Northeast,Mass,76.0910467455776,3,0,9.789890555970445,,0,0.4272346807754259,-67.00947885986503,0
39.92263412628054,80879.72868207427,12.63913999328809,West,Mass,61.60597531484749,0,1,44.943497709528415,60.45096011409232,0,0.08272570578553545,121.84338142078889,0
13.58471227512079,25796.23185555332,31.315282114809545,South,Affluent,56.357580051122106,1,1,26.96704747309319,42.36100309909868,0,0.10644936812150661,719.2210630282459,1
38.684608902052126,,29.501731847313028,Northeast,Mass,48.629450382631056,4,1,37.603090744563396,47.57181939993707,2,0.26769811146253397,254.18999384644746,1
36.35850072222515,35537.21469613456,24.278651508666112,South,Mass,64.81863195471367,1,0,60.77686391234864,73.03936034784275,0,0.7069438468020841,133.11904037642165,0
16.853728133749033,41789.10798246283,10.095875237424085,Midwest,Mass,59.07289960128379,1,0,20.90559115578164,42.150280875149164,0,0.20267021848819283,402.5129879419152,0
48.13595797685601,186705.74632349558,6.08639048084176,Midwest,Mass,39.114158292039164,3,0,12.572875939933848,64.54055536792548,4,0.3142910974201284,267.18046541265835,0
38.85728483682765,25196.619012954623,22.755598864168196,Midwest,Private,52.51995874359901,7,1,64.771201156571,61.54877518041437,1,0.08856452194980384,308.80509076730925,1
77.62548722400116,33267.913811793915,23.062516864944076,Northeast,Affluent,63.93150251339346,2,0,19.698063483954286,67.02207151548947,0,0.34704031822449316,121.93305815101624,1
44.84048802405785,72972.41770577898,20.449290252793165,South,Private,39.21998618664938,2,0,10.700854253701634,68.66154688184197,0,0.5699951201224457,92.63416474261741,1
60.08818657875692,48027.36224650785,29.132081398903107,Northeast,Affluent,34.369296006998155,6,0,21.410372969827034,67.91004105138924,3,0.324972934528353,280.18004911031625,0
48.61297782388208,23814.486219068738,28.32384747724329,Northeast,Affluent,32.092260146841255,2,1,67.63336432155488,77.70487276369998,1,0.4665420540917648,2231.1579973425955,1
30.516616459291882,18484.46975339747,46.000159180024504,Midwest,Mass,59.58312695632834,1,0,41.280815111862985,46.20249566485418,3,0.6550524907743582,134.05933791703725,0
57.08974278983073,9386.559636799675,45.41833817260041,West,Mass,78.82539704759448,1,0,26.621877679363912,66.246461689036,0,0.40696304851940046,48.784328100789864,0
43.36431074210737,,20.036823805261726,Northeast,Affluent,50.911203069136974,1,0,17.611745283889277,56.330437689131614,0,0.4680012454341699,788.3502522285304,1
37.943621630917626,33346.89023977052,32.57825436353174,South,Mass,37.97500712661328,4,1,11.5856106284131,70.67037285088833,0,0.47844916027553314,18.266563205273513,0
22.04592400002308,47364.70820726588,36.61329777530095,Midwest,Mass,59.93950490846039,0,1,18.274408475633535,62.53629252794673,0,0.38760266428679024,218.26653197186965,1
20.4412470900913,42757.51049423354,20.86743056785564,Midwest,Affluent,46.13896597677078,0,0,29.715538311136438,76.91205613077823,0,0.4199703662204077,124.1263963431079,0
34.369981073500036,76795.24335184121,16.67257269047218,Northeast,Mass,68.6668120529304,3,0,31.247618872929447,86.43512043765568,0,0.31737441293088425,28.89053675054231,0
37.714314850357866,51750.9271921603,81.09008657022001,South,Mass,56.718987666315385,1,0,4.758661152211706,40.79828430341088,0,0.4322072652916138,-21.845631875126475,0
43.42293045077804,39167.39336879342,35.48229827647783,South,Affluent,45.824799649118596,0,0,8.907632335680391,52.24522623939779,0,0.2917451451490339,64.76435776023224,0
51.83068468822507,20247.991070598207,31.331171351193262,Northeast,Affluent,66.4631221557149,2,0,6.173669661109215,,0,0.40307449208655244,42.86890727833319,0
35.25321181895754,54264.96983540812,31.05563545189812,Northeast,Mass,59.837045357077045,4,0,7.452024719477361,78.99772117613837,2,0.6993112630737873,-76.1809366999046,0
33.9521145622122,20254.670263851916,20.742528765930455,Midwest,Mass,42.06259453019011,1,0,21.384380773517478,70.57952568803536,4,0.3297179903256211,98.24134195253546,0
33.39202839388159,68966.74713465568,57.238473853130785,Midwest,Mass,30.8806525694411,6,0,15.485830050510769,,4,0.7212502472551657,151.92933561450423,1
33.27659868194402,45619.57022935058,44.93624870067284,Midwest,Mass,55.58838703504009,3,0,7.182229034231246,45.49123551826968,0,0.18117614238782365,116.29890694048635,0
66.30282520952989,34085.18488467282,20.295178809188045,Northeast,Mass,46.74783740505444,1,0,20.541387554766434,62.665331299997966,0,0.7174064113302776,248.00825394443171,0
42.03099847647603,35379.25543578074,21.541571624434354,South,Mass,64.17827470308364,1,0,17.141701285746418,86.88546185526916,0,0.6085263854395623,87.00586100422922,0
25.572899523583043,9615.299316186745,4.948049210563994,South,Mass,48.05810205198996,1,0,10.00429530418866,60.068951452006466,0,0.20381483640317058,508.5077905666298,0
27.593855723735587,24787.052122713198,41.88309844531582,Northeast,Mass,41.79587493540245,3,0,11.630418900515615,54.576109227010434,0,0.3275201690292048,12.467399417035594,0
48.41184121577501,50755.64995929817,60.83105813377624,West,Mass,37.53781390332121,4,0,7.7415554012886325,57.897053188816976,0,0.3285821205590373,43.893375538783204,0
35.305703795380154,41321.95595606424,27.092446834327298,West,Affluent,58.74208925976779,2,0,6.837790646680947,69.28950131620545,0,0.26077247271305687,218.9276319090153,0
29.871267484547985,2857.4047938599088,17.92532118996904,Midwest,Mass,47.06701000509362,1,0,17.453026156188862,37.08743589481858,1,0.20255993920918772,640.5311376878486,0
47.08447222925716,,28.150818791624037,Midwest,Mass,55.213362049063846,1,0,13.250607484600021,79.43005312562944,18,0.46665062442111815,247.88415856558515,0
40.218957583669386,67605.46424573116,18.243840019409877,Northeast,Mass,49.333937642992545,3,1,23.10567841240184,26.625699379092037,0,0.1796436866268338,178.18501081138083,0
21.399236284819022,12258.774540359103,40.46424022530459,Northeast,Mass,65.76186270793754,2,1,50.687578349174316,,1,0.9488450083710666,-109.97780661643621,0
51.6134068498327,49035.941407366576,34.92218269304598,Northeast,Mass,32.131646453434115,1,0,26.16956805403013,62.2848108399702,0,0.14946883190017995,77.11226003665645,0
38.16802566272605,,102.76684933013192,South,Affluent,77.95219710656173,2,0,11.950032565839395,71.10941366184072,3,0.08264852618887644,200.4915381137527,0
49.18831363777784,29645.461985048973,38.902813526209854,Northeast,Mass,80.7655741279213,0,0,1.265703088976312,54.24097750452105,1,0.1374210082158254,64.21000790010542,0
36.265853423540555,23788.726646283354,36.71000103398348,Northeast,Affluent,46.44693755739463,1,0,1.399998971102363,64.85048960929642,1,0.45260304306880983,318.8380050690141,0
31.125258446372833,54619.002416653915,26.54648033835122,South,Mass,55.22523847291037,1,0,57.166488632183395,67.47891638407916,0,0.15558063852494025,375.87134317641187,0
46.99917212580947,35952.19714046597,27.277516303624097,Midwest,Private,43.050495720127394,1,1,2.833709044212381,36.312583692976844,4,0.37000695998902283,240.2203332478311,0
18.84572679241254,113200.25053928648,27.06434937732414,Northeast,Affluent,61.90587007372151,0,0,12.35822271001498,73.48333328967834,1,0.6729497427155531,471.8700419531272,1
56.49772088166345,,34.042514279298146,South,Affluent,46.906557139143274,2,0,19.716112080415055,52.25485389792213,0,0.8086952675189405,224.54294196452292,0
77.43813065759655,49194.571714722224,18.99604344341825,West,Mass,58.496120442636794,9,0,9.391827894312405,39.814265272693675,0,0.14882628707031628,47.62695836496456,0
42.36254506986835,16682.385570409642,13.767997805605098,Midwest,Affluent,17.241493196331557,4,0,4.254277531949858,63.61687455651113,1,0.3019934270874326,107.42211579885753,1
48.63963333810971,36607.63917494827,16.012020153304036,Northeast,Mass,64.58758724233327,1,0,9.157881506848335,77.2395644978364,0,0.3421338173539878,181.24382529097468,0
37.81367059833334,91938.55222403318,33.75355162793022,Midwest,Mass,65.31810205702813,1,0,40.468324870330484,41.02154169633645,0,0.6016295980261922,335.2544383605974,1
42.29147548663106,18321.20160129312,30.15912359996097,Northeast,Mass,50.55218181044468,5,0,10.342601756555537,79.67569746666153,2,0.4719763616845809,52.83508394541639,0
30.524699781719995,28185.461406857896,63.22460166460443,Midwest,Mass,36.53871845917165,1,0,11.938512197846507,76.87578698478893,0,0.4603082562229066,2610.1455986350156,1
60.30105875315422,57631.95462753775,17.550970631541844,Midwest,Mass,59.284229776163805,1,1,28.813081380402366,51.552293643048806,2,0.07572807389589259,98.03250968642199,0
42.365210236367375,26878.15407355677,18.659811975127795,South,Mass,51.68290868235733,0,0,32.10734818549281,51.09428088760497,0,0.6348361503309468,20.047050095718156,1
25.82616381962528,33559.18285977599,44.6113115813959,Midwest,Mass,59.44698772965804,0,0,6.146110549015634,57.55251889190135,1,0.1320885059169608,134.80465820032063,0
64.0472677910705,36570.32816156071,39.9356305584021,Northeast,Private,69.92891947554423,0,0,18.38675463808125,66.91740051614809,2,0.6218519559346402,201.18243500129788,0
19.549130932185577,45007.762525646925,12.391277955132173,Northeast,Mass,53.66973152039223,2,0,16.42249629719926,48.169934360208764,0,0.2254558331654165,133.80261233160144,1
28.192198501399684,27033.276845390206,38.20435301774748,South,Mass,56.437672809459784,3,0,8.19327922405512,64.42963189058662,1,0.6177804293799892,-116.35918238030023,0
30.38844139309183,124391.50399464775,46.708173175908236,Northeast,Mass,58.57000939832038,2,0,15.069809764539842,62.00255079851811,2,0.4337463811224327,281.96332431228024,0
23.21816313529231,27848.345681704286,23.411772762468026,Northeast,Mass,52.17758445314526,1,0,20.216896414475737,53.207346862001685,0,0.26258267606485153,588.0733462304228,1
40.498523007828986,94430.02869184343,48.16369944533797,South,Affluent,47.77873208574836,2,0,8.328274756751048,63.737571686580004,4,0.236072331740113,37.93970004537796,0
28.5500119536772,88719.84993910594,38.274807083703436,Midwest,Mass,65.46387897042833,4,0,24.00253302989698,53.62445814720835,1,0.09518075060299548,64.96346501797171,0
32.769936843230674,59352.50847004854,46.61377686404723,Northeast,Private,56.63028060095327,0,0,11.689126446827416,75.92974614809906,2,0.11637042784445989,-4.735470964535779,0
30.58811140983261,42891.331741211805,29.538852462753752,Northeast,Affluent,66.18559154341621,2,1,5.7644063479858305,49.94059219339335,0,0.3484668214428726,137.93476019906316,0
33.652419899777136,34744.25536220205,42.98726132405308,South,Mass,55.58259244211003,5,0,38.91335365943198,55.97424316950185,1,0.15009296258227733,388.791457784934,1
40.200865033314216,16340.114558058645,20.13075688507722,Midwest,Private,44.436880282575515,0,0,8.266175439115651,46.022426090453855,0,0.10566318636599742,81.45323265668483,0
34.493462878879484,,52.69584005794704,Northeast,Mass,45.443560795973355,2,1,31.77076851392216,52.288552322618166,0,0.28862924555811226,40.63252863263166,0
35.039055086558726,20826.11991552422,35.17181883586747,South,Mass,54.15822783948411,2,0,20.9523595428455,61.274462654337164,0,0.2930795499364803,611.5865594272942,0
42.00863917137762,27870.822502864947,27.972976494379203,South,Mass,51.46692140241456,1,0,31.744324011535653,54.87990769721979,0,0.6439805876708314,233.50888316418045,0
49.61273530644787,63997.77109503252,22.21236720643205,Midwest,Private,35.95828790027051,1,0,14.281714053546962,47.83088363415036,0,0.5321698366589087,-82.67921877433159,0
31.98563388623819,19992.670597232882,1.5251924610091994,Northeast,Mass,56.541160525239775,2,0,50.77512300177933,65.5548816741645,1,0.3576249482830582,198.54692773767192,0
58.54665954941067,28909.90674521566,25.835758772316673,West,Affluent,61.991245953798895,2,0,52.72366771247279,75.0833007469416,0,0.2516662759113662,-87.54949527510747,0
22.26970480596018,28564.10191468293,7.825201421752344,South,Mass,68.26392539319306,0,1,31.354219444459044,61.568875503673105,3,0.7872504732276923,437.3420155140723,0
38.08018453243191,,53.4958293960535,South,Affluent,46.19274450548709,2,1,9.0902466992173,61.86308567203599,1,0.19220696691880293,42.748788163367706,0
42.29039277324768,166213.43508272036,10.571546862719387,Midwest,Mass,44.134314204427604,0,0,18.25376279354398,81.93389661085946,0,0.07494984597890997,486.69563030712226,1
57.899817595551816,6505.584139645656,15.054737390193843,Northeast,Mass,56.41670882684051,5,0,10.430274524380076,67.34254632244985,0,0.41698919065645446,197.4683871547153,0
59.96616782439573,33550.82610082488,17.142216688603646,Northeast,Private,64.51075182027363,2,0,29.79477646364708,68.74941977100566,1,0.18294671691972647,45.139175091332646,0
63.627567554702324,23749.942194525916,10.802815892776412,West,Private,29.00511905517246,1,0,10.909396330397026,34.66879166868481,2,0.1441452189770906,118.1957248671925,0
50.97594859053329,75376.04803421411,24.485185240439105,West,Affluent,67.42072292993487,4,0,17.717018504613215,83.73969719518543,0,0.7373651894206977,141.41342557909368,0
40.49868380700426,107683.70634155835,23.22212026083603,South,Affluent,67.42622482005606,0,0,26.7964507521807,61.889715848712235,0,0.51886834797974,379.6058119896997,0
30.248622781063542,41712.64108304311,25.975664281431815,Northeast,Mass,79.79182557372158,1,0,65.74400993790248,80.81805392339881,1,0.2721001074055687,261.8604670062971,1
63.1448222092443,24970.206302253693,13.789330650054165,South,Private,28.084543531298603,2,0,17.95021789084497,40.858856248954964,0,0.4414958271853138,-15.36576112430545,0
46.29308999000825,10594.475467616267,36.3517980946022,South,Mass,41.54176548102533,1,0,7.226809671006032,62.051628713431136,0,0.5069442408678778,-109.2752691958176,1
52.139481244410746,17403.884725892993,22.882099011369405,Northeast,Private,64.62700415595276,0,0,15.039396703641671,59.867704794904014,1,0.5712345256356821,199.4460276469845,0
46.09904253675253,85761.3163063451,8.995160920140647,Northeast,Mass,62.32739362183399,1,0,14.11146457279191,59.90663949202274,0,0.20394597707695766,-14.98568987301551,1
45.746026073195274,8904.093613224115,17.01851186944834,Midwest,Mass,59.247239838040024,1,0,22.40242516743653,51.8666300283389,0,0.6727335762170851,82.16704463093588,0
43.95048724679026,47843.94360247476,72.42692807031383,South,Mass,54.556096170843446,2,1,9.878170430256585,50.769898394414376,0,0.5661454456531595,-9.8674158300025,0
34.123184470950626,75409.71371118168,27.932493759250224,South,Mass,35.268541867091265,1,0,13.561760216907224,58.42824423997715,0,0.29398127685062525,223.53232878448276,0
44.09536650420093,31429.43579042323,46.521202965642274,Northeast,Affluent,54.02303323523583,1,0,28.23147677405939,52.44396593646004,0,0.4075691119087674,150.6007854718586,0
35.69402459097546,18044.98963355157,39.04880483832187,Northeast,Mass,56.81194486105473,1,0,15.245307839638675,65.03294640010245,0,0.33391946895959074,41.28454479087111,0
38.06551600810852,18823.29253657022,15.281199248959378,West,Private,45.28324389800159,0,0,12.318863650159042,54.07946666338735,0,0.31832905003532785,70.3929943079054,0
37.26509398438446,9698.00742070956,31.357293827236994,South,Mass,59.25225945199315,2,0,6.188893373627312,63.64228615556867,0,0.38542780327349324,397.36165474756956,0
31.25582602683683,,31.992447326700038,West,Affluent,54.93770819433866,2,0,14.14383673575807,48.76543399302348,0,0.17627831926999596,29.22657575589792,0
37.94430458217159,22223.210936699586,19.40872221184795,Northeast,Mass,69.3257692375135,2,0,3.297148303733442,,0,0.3434642365745118,178.7163804659814,1
43.60802608063145,34363.19024533674,16.946706859147053,South,Mass,79.5762134620517,3,0,16.68508082783894,70.80714397394175,0,0.8173951473895558,145.61255119052316,0
43.308907459483486,25129.19096932274,31.789691459515964,Northeast,Mass,47.465085226815845,0,1,6.999983421247737,68.09293738952168,1,0.2026673984175287,-58.498433389608984,0
49.94537270678756,76815.77123051336,37.56691912552213,Midwest,Private,54.84039569367718,8,0,12.0357902441245,83.07501583585423,0,0.47791029380881456,165.8607673008556,0
40.08793732962912,39942.86792511442,14.928632379159541,Midwest,Mass,55.59456147512938,1,0,20.078194437896048,,0,0.24668492286278998,430.9786712810235,1
55.51422942488008,71780.49067809482,7.500636026093096,Northeast,Affluent,22.252656248519553,0,0,6.432329648227675,60.89012936783604,0,0.29488498960648957,1855.0300635732267,0
42.96351295492099,42297.53633509975,40.40574018009187,South,Mass,52.08564022992767,3,0,28.916625341465096,72.63966985727303,1,0.21608056898501468,-1.673350916231584,0
41.74887414970474,140670.19230457128,37.12124118242774,Northeast,Mass,59.76181760295961,1,0,12.988198340101063,49.0548753775214,0,0.672349183661251,46.204075861593616,0
54.927359574055274,27778.07523496147,13.907696384860282,Northeast,Mass,74.72853496255568,4,0,7.83358948622972,44.52701891838915,2,0.3999026654133879,-84.15800657815782,1
31.22004961398692,27516.02794794714,37.2082268307588,South,Mass,53.46101765464629,2,0,10.734851463158925,71.90386879424501,1,0.7441685748303549,433.61081507339975,0
21.672992279359026,31752.817601887575,10.90407448362268,Northeast,Mass,69.58716688086386,5,1,9.528559348571097,50.044002929028,0,0.32110057221780186,79.76553559108476,0
19.59261216506132,71898.8377520768,9.909554477093476,South,Affluent,50.61695714127072,0,0,91.76614711133021,53.44051154179224,5,0.02664555723349096,161.98067744999452,0
47.93937002266984,,36.162686612751635,South,Mass,54.598186014649556,3,0,9.116182437061719,41.2589477627548,1,0.5326557579473975,251.63309434336344,0
38.86078168351161,29528.360772563192,29.283761379701758,West,Mass,59.32403423626729,2,0,33.72220411797244,80.34964150953357,3,0.5555415104292405,15.536077221933617,1
24.983350226497823,55283.72860663668,51.318386426599,South,Private,30.93237826983936,2,0,9.589472440571779,60.45619536351344,0,0.3616261872624012,275.400508069589,0
75.61853685042117,46072.74065858588,2.7361563266135454,South,Mass,35.83212440707363,0,0,70.45480536892079,61.31761869947814,1,0.3166598547977819,1417.309918627564,0
70.8785990712096,83195.8376754481,31.093789180870935,Midwest,Mass,54.863486853477525,4,0,31.586222850117633,,0,0.5121599598310171,221.12680699164747,0
60.98014078105011,34117.49180212938,6.032379650459967,Northeast,Mass,64.33770597207601,2,0,13.701100998908519,51.17857248376547,0,0.06806381567616288,58.17735975059074,0
35.85408848850714,18929.490184373077,65.23264758288,Midwest,Mass,18.110131255168977,4,0,9.686781512518108,60.35745901200535,0,0.8432901914446808,6.241350203641645,0
38.34079793636627,33028.424341313745,23.40274764785832,South,Private,82.19004578348164,5,1,17.023847914524605,65.0358731056368,1,0.6482059661558612,2010.2206575749044,0
31.260299673196645,41507.953739667144,42.58076705316953,Northeast,Private,58.544391326751445,2,0,24.821730256325818,56.27466727445524,0,0.4396213126474654,285.4716182797779,0
56.70659230425113,25560.73288816613,12.411694712347801,Midwest,Affluent,27.19872743993325,4,0,9.879785023895987,57.31832570139048,0,0.48164626346835854,204.05743362194403,0
51.65752241263788,15389.666780460168,14.740609265146132,West,Affluent,56.72583843296804,1,1,11.435642995474186,62.33196978461771,0,0.44150247941701964,1482.2055590590069,0
47.16577352454776,37238.966452794855,33.67783843612088,Midwest,Mass,54.679730967561234,2,0,7.581025363049326,33.458581883433446,3,0.36665351013814435,131.68609104978145,1
54.77935800615182,17868.520229420494,50.69335320244851,West,Affluent,43.14407441098848,1,0,6.0609966368646075,59.84532018830861,4,0.07851176676103112,78.0226924657524,0
67.22990783395677,26141.34054397747,22.994959817567754,Northeast,Affluent,65.06572994657166,1,0,6.393197821186551,69.51176233333112,0,0.7988545854249481,96.36503029373645,0
52.091094981885135,40127.30487875119,35.11961014331524,Northeast,Mass,67.61054978964293,3,0,15.889440824079232,28.699814678184833,1,0.582309983748563,-96.91395775209199,0
42.320605478291725,20890.846039941538,43.61206386676327,Midwest,Mass,56.096666287398456,1,1,8.55482045855077,73.78165301510815,4,0.49656465127563104,2752.220726550344,0
38.879975780812444,45783.65974640406,14.789617990114593,Northeast,Mass,64.30835439852979,0,0,16.547552500611694,64.48147318221064,0,0.2968695658923038,-91.89008364653722,0
34.04719342516058,25638.278135095898,5.840186278331949,South,Affluent,46.65140882160123,2,0,52.01601864456283,76.4161055057863,0,0.31087011837557876,28.973275880718244,0
38.91269175255067,84839.75724738742,60.59146612598602,South,Affluent,54.55463085636789,5,0,9.610421853977991,67.6482120727667,1,0.38578206956619215,221.32937672527808,0
48.33199231111454,25532.83916187559,39.035852586329064,Northeast,Mass,62.82376101959993,1,0,10.846606043118001,82.13818816054071,9,0.5670730772819014,33.60225538902337,1
60.62161113526436,15791.062917827508,71.00862017889175,Midwest,Mass,46.99319077191054,3,0,24.707216662005365,65.45587289585241,0,0.5161713935735417,162.09439666844477,0
47.61592452638922,21489.70952955407,21.66754587587225,Northeast,Mass,54.11732560582873,1,0,14.978672258254663,55.61604486505514,0,0.524054533431836,-28.32218847564623,0
46.617585042642624,61080.727479704336,10.587563620598763,Northeast,Mass,41.245686964595784,2,0,12.82224125597016,58.49191946788573,0,0.7010952747320464,-8.759655573057628,0
25.623180136344487,66866.31357264274,37.72157817293505,Northeast,Mass,34.68276810318431,0,0,11.498434355018958,61.15971874822331,0,0.6353287600928813,160.00848899222765,0
46.24544064211375,19104.10852904815,35.50557177971753,West,Affluent,60.69791964582993,2,1,8.42012507096262,80.06091341384888,0,0.4195176848331626,134.47258172150697,0
33.56396922770354,,13.319881330600676,South,Mass,49.77784256864513,2,0,12.069323132603303,50.453626145900856,2,0.8440817341235182,92.15302325812956,0
30.573985587500527,27851.35542083509,56.37833702142401,South,Mass,34.84690682045081,3,0,37.72074156613496,61.949880726993435,0,0.5702895289479012,168.71266642310434,0
27.298069622954177,109616.96053754403,16.12694647131135,Midwest,Mass,34.11901829449285,1,0,12.931159465803253,74.14294499079648,1,0.6559797657720015,78.37389345599712,0
42.77790422140049,66385.31224091382,60.209177662589745,Northeast,Mass,25.59298939791043,2,0,12.954473589212807,71.0562333037621,0,0.32367299518286774,50.58278285562071,0
53.705786230135615,30200.88744672711,20.380955299015046,South,Private,54.50692836551252,0,1,23.422759614179963,52.58607896349458,4,0.18098213493497098,556.4945853933774,1
68.92576056298597,42277.11813984733,15.187995592970031,South,Mass,26.920860718476195,0,0,64.79113459357366,65.4019139937565,0,0.3345732080615919,-71.8485046093012,1
40.662606162188546,102823.54655301027,40.1739922743532,West,Mass,56.599837138848926,3,0,4.438696206181869,59.95958239574173,0,0.2599376931610558,-37.020171726631204,1
38.50151673300141,14920.713497956142,8.9128829614362,South,Mass,70.69188238200928,0,0,25.355719139774905,91.84121168009764,0,0.3022593558758092,1.0008143317975282,0
34.55060769330952,116498.53560056117,15.952599002374921,West,Affluent,30.609435939080505,5,0,140.55911882037498,71.12682206816025,2,0.593272337757459,-3.7030933017555228,0
34.62056099963336,107513.03678100197,36.633100914625174,Midwest,Affluent,56.33265714838185,2,0,61.600979019136595,58.961460842966666,0,0.32270190896425277,94.05351232910046,0
45.33979470249141,75788.92734781028,25.407235345294488,Midwest,Affluent,67.94940841633635,1,0,3.540614079680198,73.03616208090659,0,0.3282050497030178,80.72858414861611,0
32.73871862120419,26944.407151996704,20.90179018488742,Midwest,Mass,49.351623723286394,1,0,19.767908241211547,57.98662474686311,8,0.44885775334972755,344.3634571142945,0
41.2792600723506,,20.587021197713774,Northeast,Mass,62.61129957782491,0,0,8.14303713222749,43.801908051698824,0,0.2092588355103394,524.2295487760404,0
21.26793166747592,31102.020934589207,56.20115982530593,Midwest,Mass,62.18345993907592,4,0,21.315242383010286,62.48112922212407,0,0.5839458623501702,266.48125527042,0
58.8841717682605,50170.38588710675,24.816290788234024,Midwest,Private,59.578127168195664,3,0,2.6530794684676025,63.802530186980825,0,0.38559812474687905,180.37413450586234,0
45.051149714907396,70157.24714066795,74.68036727408243,South,Affluent,70.2776968253736,2,0,33.13834461596067,75.10478827057511,0,0.2914865493180458,2.190825939879616,0
51.88557724069535,33069.882267113884,14.723124034504504,Northeast,Private,97.68270620581337,3,0,29.38634298632271,59.542334203828574,1,0.45293414829828665,124.92762205102424,0
20.446502213006678,8724.240312432947,26.722867132913308,Midwest,Affluent,39.18399616552827,1,0,18.312023423221753,65.84785642517488,1,0.38773862042445284,136.73811248856157,1
41.595184687004384,18307.77556436358,12.163441655539021,Northeast,Affluent,46.8641017086755,6,1,33.94127711300895,82.12863846036987,3,0.08813726683941503,255.5357513879758,0
67.944294850741,16754.149011475078,14.604943218555041,Midwest,Affluent,70.27436742300989,4,0,29.55340534364969,58.31951896987936,0,0.6417960573602337,556.4126740875968,0
49.379334117684174,40564.15306645522,18.789228213760406,South,Mass,44.782765546428365,1,0,9.51625337879521,55.42097052812686,0,0.584153822423291,189.80355681757436,0
51.48429785026437,107992.2579911206,39.605493897011016,South,Affluent,76.60883818265914,1,0,37.24214584397276,57.18374887106352,0,0.44797980367737983,417.8162415652615,0
34.47007281910205,21271.264005070985,42.29711529547386,South,Private,41.89900151928309,1,0,31.641347429544005,59.59155917649574,0,0.5685988580461369,375.7193693407648,1
23.663968247472518,29559.219060065487,9.006925198549853,Midwest,Affluent,66.19630962431633,2,0,18.217527151435135,49.10620328083089,1,0.23913467930635166,242.20099341987486,0
35.063549492328164,35796.91883156992,48.569027970033574,South,Mass,48.85075167356495,4,0,11.968233970758586,69.8135193987793,2,0.4134921400242683,267.90677096428044,0
22.8857676990351,,33.509706108915466,Midwest,Mass,49.32125329977853,0,0,6.608591826633147,,0,0.47428040157961093,34.37069228808775,0
42.04674646278996,253315.1266572568,39.091856657850585,West,Mass,96.14416463978328,2,0,20.183392642116466,48.82432057789429,2,0.33402080001268497,106.65695858780744,1
44.544438676628175,,96.00744335148946,West,Mass,41.3767162455526,1,0,20.47818419824059,49.66931829810291,2,0.31484309863524995,256.4575315092689,1
67.75308620725728,11472.015037120345,31.81349361022579,Northeast,Mass,72.29699815529781,0,0,2.219444930980901,51.396720812029436,0,0.16130246852323665,114.15090857672965,1
47.11617178743765,76572.53791774016,14.064723807012722,Northeast,Mass,53.151267031810306,0,0,10.507680703145976,83.0003132740668,0,0.5014086761456241,288.10869138994826,1
42.891126859195325,24703.615965507826,46.96784654947391,Midwest,Private,61.13892294828899,0,0,23.096164815895644,81.08359861987223,0,0.4299364263976836,-34.747892422966785,0
44.51677286622372,,66.90567746234281,Midwest,Mass,55.80870945280622,1,0,151.9722116433175,45.15556376750917,0,0.2946338970805714,196.39756212943604,0
35.42177345197195,18735.162931697236,31.127203852809252,Midwest,Mass,50.02111747204521,5,0,15.163248255265511,69.81320447862755,2,0.1840577940373144,374.09848400010287,0
40.862503100241774,43081.305640409344,52.28438460716847,Northeast,Mass,47.93124559162521,2,0,108.55176572828381,68.56090194326036,0,0.8452271337700099,106.74296209342432,0
63.56189178786601,15862.28724676516,26.245180734376426,South,Mass,95.56053886624842,1,1,12.634617444126382,59.76097959656527,3,0.4068715873986607,144.27327814422506,1
59.375205370564174,37007.19027957377,72.85224309262608,South,Mass,53.308789262141524,2,1,28.66779640186525,59.617689425959945,0,0.5901408588613691,53.591715203004014,0
57.38401551715072,46034.45306522699,12.076361832549162,South,Mass,33.60753769242949,2,0,23.833699413310676,93.32657094748397,0,0.6042402438595834,142.67352293688637,0
50.860155432102275,,26.788954067212934,Midwest,Mass,65.11805231093282,1,0,19.0739643046115,71.80646711400651,0,0.2797261654947457,77.06180238567754,0
38.61431307248057,76946.13684664766,25.590096173135873,South,Private,62.90520179577132,1,0,24.59580687831379,69.95371398644689,0,0.4123487979793061,307.73023110071597,0
39.73964419919199,29644.868402867967,33.97060701252745,South,Affluent,34.36714790413961,3,0,49.621624114388986,53.577768878273815,1,0.12599435356813776,152.6563039864438,1
28.536541512590144,78768.95493118532,16.81212740864506,South,Mass,58.1458470284501,1,1,23.636984165343442,51.21513279467967,0,0.6086018531881159,79.25372793277391,0
18.033858048348918,82931.17965384759,26.37083967463095,Northeast,Affluent,63.339668507276116,3,0,53.13944134951658,47.088086412292384,0,0.5542147268789822,36.39785466108681,0
40.812898004022735,9003.640001291878,24.552363159376636,South,Mass,29.701739332855418,4,0,37.70854908860795,80.6868455314234,1,0.25664617022711955,34.52183255647996,0
42.63537116749226,61991.77220251181,18.36889558136393,Northeast,Mass,60.64053641433797,3,0,11.757857401665488,48.110084796065735,0,0.3082129713921108,55.54658935028823,0
47.427453836993,22366.180863332895,19.386154488109284,South,Affluent,52.87612585024914,3,0,43.77466002287796,75.00819891627235,0,0.16908504503210103,109.2434539403935,1
30.373570609228977,81192.20049223164,25.20588324978978,South,Mass,45.785734741377595,4,0,15.851103585779834,68.05524632072516,0,0.32960815368331015,355.03428684363837,0
46.473617476526684,33338.31545705288,60.01562877722746,South,Mass,52.26415715749619,7,0,9.540206737537876,52.32707913240966,1,0.8614793619767426,103.83382636520079,0
42.53893287698051,26186.451319231157,43.30375377004794,South,Mass,54.3914789830893,5,0,6.017716819610187,56.28025064365528,0,0.42655036705689725,206.41379807814104,1
33.15529291781179,19672.486324853926,1.8775965704514528,Northeast,Mass,61.72926710364963,1,0,11.38646420250065,51.305898357021555,0,0.16288455052181508,240.15257283764862,0
37.580996406939136,65153.99495875992,25.333303471180802,Midwest,Private,56.2751262468883,3,0,30.064171519676968,61.17450162761445,2,0.39080530936083235,63.22330962465987,0
41.51521792675091,20027.45860739853,34.61851587487223,West,Mass,46.039685140730924,2,0,42.5204073346545,63.36201416853949,0,0.12143938418443372,14.19271167308834,0
19.928126103384475,75319.59279121383,73.3032238575696,West,Mass,33.06864932166596,0,1,24.380527861147,56.8849470675484,0,0.46710511346365924,262.15208787431953,0
35.60901020646061,38493.091770909785,31.419027155141173,Midwest,Mass,32.64740951720597,1,1,16.407534323107704,51.50049672689073,0,0.27294519724683003,28.703158370715386,1
34.50053241680758,35207.163896097874,11.878435106963904,Midwest,Mass,29.76927278008628,3,0,23.838353903066583,47.41207607898341,0,0.644744712649187,237.55796164567448,1
35.11813262061615,11334.348874040355,11.457728327273596,Northeast,Mass,65.00566620010756,1,0,3.494130930039274,60.00230719211123,0,0.04599824400851098,7.459467222069918,1
27.72199366816465,28154.62249544744,50.46381580469389,South,Affluent,66.5147278001312,2,0,16.51682038696528,54.45620603875436,0,0.45823808660622817,1080.3097020078785,0
35.99729434850014,7431.354550899063,16.679055712168044,West,Private,29.426822476059076,4,1,-2.190163182495598,,0,0.7232377157366223,46.14182323714161,0
54.09071194468942,12447.698405176621,62.4782272480197,Midwest,Private,40.20138733788118,1,0,9.884838987459844,58.96902857667793,2,0.25571586107410904,15.848007724671035,1
37.91246310379415,43572.21063932703,23.362255193445847,Northeast,Affluent,48.60293263972741,4,0,5.884963565645037,63.230009512534636,1,0.7549575161227033,250.33787591129177,1
17.387115212121984,43548.967790821494,43.727786856312555,Midwest,Affluent,42.46911905207332,3,0,49.019039156274246,76.81832043240149,0,0.6879711397076601,-27.931857286578484,0
26.162436262877975,34233.4423569715,17.554952098892244,South,Mass,59.536019593373524,1,0,43.19915389793988,50.61718294464073,0,0.2850950002645024,56.32859064951272,1
57.47878275408387,113447.37859022873,20.06253785367778,South,Affluent,83.53943983196937,2,0,4.941532612755672,51.99014915509366,1,0.2793593610291685,410.00594733681635,0
44.14083616494677,,11.54501133632721,Midwest,Mass,44.136988300298555,4,0,9.171955587089705,58.493252928687,1,0.40100173446384463,88.08751035948717,0
41.32054122288193,16386.778495550527,33.81964777288011,Northeast,Mass,54.8692003936901,3,0,17.073759079488056,86.31127082577254,1,0.2596265830662099,102.07318727783806,0
42.35795332793851,56282.30503139597,44.056699441600614,Midwest,Mass,56.685008215071576,0,0,18.148903573837455,66.35320502089569,1,0.27519722198797375,-3.28142103931782,0
49.56882760555811,119439.74058228466,45.05206121826812,Northeast,Mass,71.06927212334918,1,0,22.674188394221176,56.74581620242392,1,0.6588601527029372,108.83858234348915,1
49.88390182044341,36279.14859380659,21.562105794773107,Northeast,Mass,48.935063890446514,2,0,7.890591274912522,58.1894722441661,0,0.4891212229549538,10.164740164988757,0
20.04141026950547,14990.796469442234,30.210323537129348,South,Mass,48.847429941370706,0,0,5.5704611568071165,54.29040717689731,0,0.5924908680894398,122.7307350595811,0
37.256006200712434,255482.99009279374,25.43676161430302,South,Mass,42.63696989083955,2,0,5.450255385812327,43.19124214377546,0,0.2963212192139815,180.10263729241674,0
41.93448070144537,31403.554998589814,43.268580725908656,South,Mass,60.64803804621877,0,0,30.127653677443234,65.31125966948592,1,0.36636865581228445,186.38200156085847,0
43.35143206713619,45547.780540220934,24.146055925634673,South,Affluent,65.14287510534182,1,0,25.009857753350886,68.0403403385883,0,0.8700205716737655,333.3091316633311,1
31.674075774432083,31024.75740399203,88.70592385400192,Northeast,Affluent,42.121515296759966,7,0,18.153003628567962,67.74883459412582,0,0.34651846370385336,263.5944440643184,0
20.327166562137048,42674.25022184441,51.91608656787234,Midwest,Mass,41.33659188478399,6,0,26.80536918065674,68.2213682617834,1,0.799151160539084,384.05672747251697,0
36.61362930843494,,12.618223142310665,Northeast,Affluent,55.40476660820784,3,0,14.532994886295786,85.46922995539433,0,0.6142338307541132,119.02591164151055,0
46.09990536144489,17901.94548626008,9.270559928532382,Northeast,Affluent,66.2355126861599,5,0,12.100499257189105,69.25526249441229,1,0.10073307815897861,189.3428383186369,0
45.47403167554134,59379.7774500473,23.96009588743107,Midwest,Mass,51.037944966826224,1,0,34.94923270282966,53.27114572270417,0,0.34161829954258727,113.2231022539417,0
42.84947820367066,13646.325859838866,46.30007998772792,South,Mass,72.48127023006151,0,0,118.90206181639078,77.46703509001505,0,0.5222179208369157,139.25323881604487,1
19.817586763339953,52129.98733036154,14.486915687618197,South,Mass,51.761222400336,2,1,18.237803005899455,67.93986941439077,5,0.4486982799931826,8188.752654198663,0
29.529293956086875,44606.96894830066,20.877966463610043,South,Affluent,54.93037451644712,1,0,22.13420068037553,56.610534777651615,0,0.23049426832277228,146.75652980866354,0
34.780550607473124,123785.322478818,29.6786509464923,Midwest,Private,64.9283463040429,3,0,23.190411103331254,81.42708123958401,2,0.3970798655297253,18.41716869797024,0
64.00219791163417,78677.65151556823,59.7793295926197,South,Mass,44.68882443035117,3,1,10.92887015905639,63.969725183025815,1,0.6024287468557755,198.97447732473503,0
35.25409203770218,25340.95409117656,39.75950970753443,South,Mass,24.76254952953667,1,0,10.995788386492679,71.68950264833234,3,0.17092946457412728,191.00093412303758,0
28.723517983391247,24615.59300271333,38.186868478486495,Midwest,Affluent,42.22022363350505,1,0,11.803539507932317,50.43262312988582,0,0.2701074738999072,-54.48982470004271,1
32.14733143176876,33911.47343017326,10.117311183154383,South,Mass,54.80282667617879,1,0,17.747073767069075,47.812059618066826,1,0.5803228512670637,156.98351153148948,0
46.02036344980352,45509.38450720906,12.605834065238911,Midwest,Mass,48.33992853797858,2,0,7.073005580551677,58.37863378109839,5,0.05607391478137638,307.4432722064879,1
52.48924870827424,25399.97765678625,34.84555219718357,Northeast,Private,85.2705627175943,0,0,11.026568894326427,62.76119784257664,0,0.1896504408943195,20.138039700408918,1
43.673847346523836,26905.410250866662,27.644016697319408,Northeast,Mass,53.748489367038545,4,0,16.070341812265752,66.69483308292435,0,0.1854714443805222,-43.73019671049654,0
19.21750258973735,32330.61676564403,5.3266345050990695,Midwest,Mass,68.45511643381579,2,0,58.140706758414126,55.10793045812356,0,0.17953753747022858,29.75946885869931,0
28.576399438295663,38868.731255042716,20.673169859918957,South,Mass,50.345778029288056,1,1,20.086054993437536,51.100615806760665,0,0.265495454276985,206.6953315969211,0
45.730254514021155,67756.68894523401,36.42882455397394,Northeast,Mass,48.816621373852065,1,0,31.827127648277525,,1,0.3084370975921779,215.20018350685632,1
42.386706796374,19677.241313473824,24.865588894692337,South,Affluent,40.35338145946534,2,0,7.782789945064545,58.719905100639686,4,0.4900030630747626,-198.31033989049118,1
26.80330213873606,74035.68530466259,15.020131511365332,West,Mass,55.8864509346171,0,0,44.78917185329251,62.501926883312144,0,0.4175426046499359,645.0858143311484,0
25.11656741472923,32389.857755436446,44.75535467853761,South,Mass,64.89361736055716,7,0,12.498330594891934,66.37627703082833,2,0.6752644602158133,-84.24998031571774,0
50.59738100265825,20607.024476208866,8.95123433368158,South,Mass,39.468055725959545,1,0,24.297993438351572,66.6045673839217,0,0.6511034903751481,108.13025480155059,0
76.20647931046918,15599.795692082364,25.06048897270527,South,Private,64.50314309284599,1,1,16.934311772791173,59.37030756327962,1,0.38270873023164115,182.20110308037357,0
59.91427087823587,22623.743843686643,30.43707966505041,South,Mass,60.745609363717726,1,0,33.608617737487975,62.97624074307304,0,0.23986845126394105,16.398196831468642,0
58.71647847281445,36378.70571472892,20.212117678869024,South,Mass,64.24040079921704,1,0,40.840885094541946,58.25086024429094,1,0.23624704136083666,196.3597533651366,0
44.042457034050535,87108.05197043174,65.37009914326615,Midwest,Mass,54.45914380510752,1,0,18.319947077854767,53.026564518425076,8,0.5137468737774318,241.48665545141924,0
36.62393983151177,18477.83136951627,22.687841511747287,South,Affluent,57.41832894018899,5,0,1.6938049754165245,62.29032149837301,1,0.5018580204480596,182.60484998852078,0
33.32006893196809,41383.83689074784,28.218751987085785,Midwest,Mass,55.87709826727727,3,0,9.00572599326478,34.44220638382842,1,0.19596416356107496,249.59250185024507,0
45.39204512406089,60702.07504069571,32.872035499442475,South,Mass,66.32923160302762,1,0,24.82470876945195,76.82020045487978,0,0.526622828780796,212.6090018465627,0
56.79209173488826,47986.84834542322,38.27993442038729,Midwest,Private,31.113383675553575,4,0,8.419968085761441,73.37598240078,0,0.22219617405710335,2177.666682762225,0
37.123554240393815,17901.0967201646,17.265646884493535,Northeast,Affluent,63.18589292831396,0,0,5.503106476928977,70.07127064386806,2,0.27121055497687724,59.52467653510284,0
35.895062337169165,,29.57944611638894,Midwest,Mass,42.363413451868205,4,0,1.2959537344777772,45.856008565936605,0,0.42490177037238325,43.499784771455325,0
37.81100951966595,29203.924412809003,5.056198854066656,Northeast,Mass,55.432880305846446,3,0,23.54513123681489,74.48000883995165,0,0.12760682018157282,169.9554097220526,0
53.44767992892571,25147.236808395817,17.06693074343083,Midwest,Affluent,45.346903242664204,1,0,39.00462336109982,63.60140844078886,0,0.31644698652231995,207.11070708954713,0
35.65424180913017,28334.16030036717,4.039281957674627,West,Mass,39.5582451618589,0,0,12.432778740338087,64.51734827150554,0,0.2166262837656688,327.49594260316536,0
35.105196174439676,26208.597856724202,17.26813025809345,West,Mass,64.09848155306656,0,0,7.325459936116732,30.59608308107658,0,0.2612524025968584,100.92189579458966,1
51.572853146247986,16192.486551057538,27.346096417430726,Northeast,Affluent,55.22521298488513,2,1,10.941250289958795,,1,0.517678933047229,75.743361367125,0
28.074544795189095,87602.92799477249,52.63088014621467,South,Affluent,61.890446416329176,1,0,40.845251142321054,73.97127260484083,2,0.165661540825295,33.94772774880574,1
42.25651504105169,20088.657438871243,46.69910521459636,South,Mass,38.78725885525869,3,0,32.79869168391871,60.79906000570515,0,0.19835654617522208,140.050586320678,1
57.11193838787235,31443.488209641895,86.52897368146677,Northeast,Mass,52.56100692145515,0,0,8.387385346747006,58.72172856609175,0,0.7158918585858206,187.1494004094559,0
22.701004391151905,24118.227249711414,24.471376086626208,Northeast,Mass,80.34682135759306,2,0,62.04225288953519,72.3932649820628,2,0.20174588492738735,114.36247995034851,0
50.437712779886475,,27.80541765079051,South,Private,48.79101431151899,3,0,13.454108854701175,57.45754906891661,0,0.42664009141571646,57.41993262975465,1
68.92850304374399,18076.28580708953,46.12242646937397,Midwest,Mass,79.08968927723893,4,0,10.642337131278564,42.68155722666126,2,0.0865580399592619,28.00148114135314,1
43.46658651538564,24788.877679643527,21.29130082507635,Northeast,Mass,49.17941221773895,3,0,6.071630613987176,54.663918875938,1,0.41529406961388027,165.15518924256267,0
36.888512292606315,34944.99346337273,16.50886475684505,Midwest,Affluent,85.44986993990366,1,1,17.695208438587645,66.88277229859722,2,0.24053684785108517,45.45503974280895,0
46.57177583905332,35225.888604097476,25.193431827579733,West,Mass,55.77015320380775,1,0,21.68188451702622,57.63697962814304,0,0.7392341081522613,-27.60434208055014,1
36.81729742023743,110632.46053121262,28.152857633218076,Midwest,Mass,36.32935275548329,4,1,13.352510517862129,61.71302191561756,0,0.4781614631127565,108.74927410415363,0
39.4000453739325,14499.212405699926,17.055346306289387,South,Mass,62.92267722728255,1,0,11.11773662461074,64.16730702319909,2,0.5218880944702605,169.32148709037736,1
32.210316807694184,100021.27061068066,31.78985702356939,Northeast,Mass,47.43268946547598,4,0,43.64371565793543,83.80546710493083,1,0.6977943869110931,244.43745583968823,0
27.832757088544287,27911.238555197677,17.437281847472892,Midwest,Mass,53.032085972514786,0,0,14.920508832009899,50.257018289836886,2,0.4249216291878573,161.27779636233203,0
33.347091646946815,66304.80396025098,22.820477080484288,Midwest,Mass,70.73534229857093,0,0,30.549594400485976,57.82811745395171,0,0.45666698348079166,812.9029681225567,1
51.007054676351515,27761.57454208186,12.953508960879983,Midwest,Mass,42.44705602041137,3,0,13.817321512125792,,1,0.636852570501096,294.73197259262224,0
26.474313766323757,31525.64632355742,19.210325484496213,West,Affluent,49.22229092648069,1,0,16.62597585467529,60.49116535475455,1,0.19127128320122425,-124.13013712314877,0
25.512319188031736,21037.213503687613,46.567819536632186,West,Private,62.598073456115,5,0,7.8820476569892595,83.43338504931886,1,0.658115124362694,-38.0672044019486,1
55.57627865527051,45956.78306597095,26.08270988909789,South,Mass,39.27231386678881,8,0,15.406884929257515,53.52488026494706,0,0.4926682022024883,122.82287404109672,0
45.975718362313195,38546.41738801406,64.69198758002095,West,Mass,62.96839752815475,1,0,13.390267997923575,63.75639079985228,1,0.7024661141479686,347.7293122267024,0
39.22668627018105,55348.182244938886,31.66725223816538,South,Mass,87.35551354831162,2,0,0.23575864791645085,67.10868983510332,1,0.5124305318656468,131.30494966725055,0
34.51191983369415,54591.92836436866,12.213905399560407,South,Affluent,43.423410532590495,1,0,15.643772100419246,74.44499906654156,2,0.5543311657742652,77.07886544952876,0
42.41925796405752,15161.354062443788,20.433721145931443,Midwest,Mass,50.327157236322925,2,0,51.07985694693703,47.119381198060005,0,0.18608740651374517,47.658993844019015,0
33.99773395532355,138780.9897549537,1.3388822825705171,Northeast,Mass,42.737499669893,0,0,14.040905462246752,77.14472835465227,0,0.19080881552102372,-15.151812370394978,1
32.5299946052122,8245.331125925542,55.66677146435204,Midwest,Mass,59.81671250975152,0,0,22.8003743113404,65.27427478923397,1,0.2558704615437918,292.4139828579872,0
39.598372475918616,38205.86964953965,15.101803950096974,South,Mass,72.96722795133283,2,0,16.493858358725486,65.73991047199198,2,0.5162931056167017,670.8296343087134,0
59.60743180624074,40857.91351923176,29.696349976841933,Midwest,Mass,48.490917989038365,2,1,27.811717846155148,71.19753951852572,2,0.684346188718724,158.21296786351468,0
39.90050917312517,79869.96764718776,14.832060211391825,Northeast,Mass,71.31984379399788,1,0,30.233861340582063,56.459882971707316,0,0.2843213670997185,456.59708335626897,1
34.17505011190601,204717.4262172361,42.724125917068804,Northeast,Mass,48.313272120649124,0,0,16.15858005838971,73.86791637208859,1,0.375391141599483,338.9583900734895,0
44.68351854788592,29399.782238803047,40.01932504144779,West,Mass,69.21848977977004,3,0,2.2126439574065495,41.204629273207345,2,0.48306195611668407,-20.474958144854043,1
30.397641116623458,67977.77744783534,42.163521312516544,Midwest,Mass,35.7261674941649,1,0,15.879277302258586,54.885573384610424,1,0.24076653638909598,167.1379561886667,0
32.129807372885125,176057.99538096195,10.579375965001589,Midwest,Affluent,65.53498748339445,0,0,3.345625558588565,80.76403197120497,0,0.5671762270274854,275.7350408072232,0
56.59754533920169,21570.85346802961,18.552363447609114,Midwest,Mass,60.36481940252246,2,0,11.78704383872455,66.59530763098978,0,0.5854791980084856,152.50578255814784,0
19.085780116102438,62129.86091110401,39.822356596584875,Northeast,Private,63.71698483394595,0,0,14.515457180813652,61.734047328653894,4,0.8377798914878279,91.37293669825785,1
37.1459165652187,5832.146660557582,36.63468892231075,Midwest,Mass,70.281056624294,3,0,47.758144757903665,50.279668578420015,0,0.08974762674334669,-86.31911224966498,1
36.15844394946719,135412.98198856632,45.06555664680198,South,Affluent,41.32212338640668,1,0,15.143019567239163,68.85647144862716,0,0.22337107171581985,-34.76196309838159,0
44.5698400395962,42210.36367377503,27.67550970367552,Northeast,Mass,58.96417876245584,1,0,20.178350417559045,,2,0.3369474987208275,-76.54763102765797,1
29.996968618961283,14812.083351337345,58.53298219849068,West,Mass,68.68109061068493,2,0,20.197415874216045,57.97284434693574,1,0.32439772604783196,287.6008739020544,0
59.58762750778976,23078.93707424358,8.292716269503348,Northeast,Affluent,52.96951799722955,0,0,14.772014106714034,52.50484594290953,0,0.31861973437821006,157.93427792346463,0
68.99861474500634,29671.888958244537,56.62185546067306,Midwest,Mass,52.79726660584756,2,0,26.10188581834225,61.407023298615115,0,0.34931927804458696,227.30531861323283,1
27.569228916276327,41681.342471555836,33.388394542265,South,Mass,44.2133934864891,3,0,9.159398186117318,63.67100308632671,0,0.46639286976970296,102.58468913979868,0
18.676953826750022,23281.44561254338,27.01971181269728,South,Affluent,38.63164214148333,1,0,7.688025409719654,60.85965098376598,3,0.34198544184815377,173.47303685441963,1
40.03169292895952,27391.915353604592,14.667195916841706,South,Mass,74.52163006246849,1,0,10.103427820706601,45.38223361636167,0,0.168093666179105,1197.6499539847425,0
31.658174133292516,49858.0568179625,13.260467822336494,Northeast,Mass,85.14252350984218,1,0,41.36680225847388,44.09464144517686,0,0.4502561610761561,353.01761478847624,1
42.28313611927128,89302.60369783407,46.221438932040385,West,Affluent,64.85733311620245,1,0,26.539918870193425,64.6085136957451,0,0.74862216871836,1187.7656868451884,0
32.46881481275066,86789.86959318281,24.903622031955546,Northeast,Affluent,53.93854548427321,1,0,36.42635855720433,79.92329871175234,0,0.24773604217251874,174.3988641069201,1
41.85250762071384,57021.03794596345,54.89953182918775,South,Mass,66.97766130730865,2,0,23.59153068031639,53.280854540277375,0,0.5370556869146245,196.58609907368722,0
29.96927504519048,91803.39000625174,36.70679935293717,Midwest,Mass,58.053066204226255,2,0,17.982563405715517,60.34770077472379,5,0.2568073744390768,183.96825233783935,1
30.934699225506172,26016.276836531524,40.322427678278565,Midwest,Affluent,34.40132624227029,5,0,10.33811959942042,,2,0.46693344510624074,25.109218158988128,0
35.66043608140689,218590.34946347677,13.571572113716607,West,Mass,69.0663463550362,1,0,7.77261858928353,,0,0.33394434052897565,-79.91683294942004,0
48.477570776592664,24573.295585126893,15.571538798662015,Northeast,Affluent,59.76827235332626,1,0,6.544168643973119,60.80319048581178,0,0.46023924070227873,-55.89624779432364,0
35.68398362558521,168607.15094802814,4.804425008142207,South,Mass,48.799634618045445,1,0,11.896190247433557,,0,0.4852644150337075,89.02447958945422,1
25.896567916129285,14994.69535235174,23.38118110128909,South,Affluent,59.05276265889571,1,0,13.885574651562857,63.08336966155627,0,0.22237397186649624,4.863225847209421,0
41.28715749320587,,17.385373443329854,Midwest,Mass,35.10627609866327,2,0,15.806429181143175,60.22911140048995,0,0.2479098545623172,519.8997731525025,0
43.47203160689857,67359.69685615288,48.13592077880967,South,Affluent,66.67464937722183,0,0,18.635316648775124,54.97982198311377,2,0.23879720560689852,-74.64618739964787,1
56.3608492439884,22219.172209798806,29.252200687708324,West,Mass,43.74591537139811,5,0,6.539199432665473,53.582493649749125,0,0.16259385563173034,245.96495718731416,0
32.52929401692484,133865.666449264,33.196203050309926,South,Mass,69.9802124352274,0,0,16.663361406796437,52.40259768424258,1,0.2729902724734616,226.45560325042084,0
36.50769191109258,14981.78174343442,56.954082332832236,Northeast,Affluent,55.40829768801028,2,0,16.516439184219212,67.09987959440407,0,0.28101807691074104,-23.402204852205053,0
46.458635670676315,71800.62659155,40.830065579851876,Northeast,Mass,54.26317890386704,2,1,25.573138452551163,64.19814784540091,0,0.3503685808933473,-105.23012578300542,1
37.34475190950381,17778.455433497915,24.690826992400382,Northeast,Mass,53.55159278491032,2,1,20.037124208845174,,0,0.4444132923725673,-16.65454133953082,1
54.00728172362464,28940.71833183795,19.34514719697259,Northeast,Affluent,66.20571281456276,3,0,4.707412417058515,79.76722901829599,2,0.3212787549203459,35.509053675040285,0
43.185877474801806,10849.911499341604,57.24324232012352,South,Mass,38.74763590609002,4,0,12.594230621810782,71.5230957129205,0,0.32596631446088953,232.63440819261166,0
45.43969236257052,170764.4549009193,92.38103886591736,Midwest,Mass,79.72767509533614,3,0,20.524441017393837,65.87059178493682,0,0.21459495465522477,270.43085315920626,0
56.21735267806928,,44.94323525487604,Northeast,Mass,67.76735414290464,3,0,41.066380418025275,,0,0.04199740132482555,139.42853503256757,1
72.06149279761004,,37.35151613083798,Northeast,Affluent,49.48085450114253,1,0,29.204560535233412,,0,0.29632290464529404,293.11980497693776,0
49.00333701079098,14894.625300930069,30.719698521989997,South,Mass,49.315072268538124,2,0,10.451978406579364,76.92876511670032,0,0.32399809987577605,133.7309029938545,0
40.087499492415645,58615.54712036357,25.268704109962737,Northeast,Mass,32.50651770711289,1,0,19.145447332046913,68.03121828823713,0,0.2532910578420531,82.52107893134998,0
48.86565774393654,63997.45096570428,27.807941772172498,Northeast,Affluent,44.52534146003789,0,0,3.10302980528723,72.63768832560747,0,0.5203483373772604,-34.77481969294104,1
18.243010117754448,47872.847411366616,36.64131223985228,South,Mass,47.031815440471526,8,0,5.531884151171092,57.288760431756806,0,0.34739929926763796,152.78413726090875,0
50.872592531906335,22639.662585845927,29.283804135561674,Northeast,Mass,33.10643219191203,2,0,9.61112070679181,,0,0.6042856908794053,176.40787208150803,0
38.18362015106008,18920.118168307676,3.0850380137931026,Northeast,Mass,74.12184018327366,2,0,17.915081167118554,53.987068149243115,0,0.3819535890143976,58.96415787092804,1
41.76805004280802,,24.24350647931646,Northeast,Affluent,49.05034211671582,1,0,19.36570741882966,71.85493347084417,0,0.43164510732235023,76.5543254270177,0
47.624112779778066,62171.72270859944,95.79521383304468,Midwest,Mass,61.53373670330489,4,0,23.79975292677139,57.1018212070649,0,0.6166120789385523,64.40647378763433,0
47.22953670753284,47196.194117196996,45.211605816345966,Northeast,Mass,36.01471535124386,3,1,5.112493908931039,63.5280894294261,3,0.5005220398173732,13.142471005672963,0
53.04338171299829,26984.621663398597,46.56189981446341,South,Mass,45.54458600221459,3,0,24.44433567613126,79.98670757545693,5,0.4283782711619636,142.25177645971615,0
39.9450872515492,10807.751375004309,19.692561064957296,West,Mass,69.15453195903883,4,1,39.48253058825701,88.96826527902923,0,0.11854342713888773,392.1695684034949,0
37.182500657787706,65118.07260893547,11.568238827877497,South,Mass,56.08899332877262,2,1,18.896965668854808,60.020075477018565,3,0.3793712768675113,150.51984011889866,1
50.99266224411886,58733.23510611843,22.967307709973056,Northeast,Mass,53.31798675681502,2,1,6.769762390159188,96.88308307658554,0,0.09815318435309903,29.970278081807834,1
41.40711961537895,74106.87925820988,16.953688576037486,Midwest,Mass,30.996479894590205,1,0,7.961660594071679,51.28092780691871,0,0.7839426157602024,53.10567444809878,0
30.953109015889694,29372.22566479683,24.966448537333452,South,Affluent,48.87723769115805,0,0,7.5273873286594055,,0,0.12986484472755197,43.9544977821276,0
32.62704116163484,25785.684715012096,58.48522512678867,Northeast,Affluent,73.87097575210926,4,0,42.73861241016105,78.56657201118017,1,0.3383948449552962,141.0405324757809,0
42.14794918930421,97321.16559923167,32.92898621428335,Midwest,Private,27.654144657224776,1,1,17.23057789660603,60.586321387802066,1,0.5107350865571584,499.89615913889327,0
44.86259173270325,15426.719527927571,11.967023418343805,Northeast,Mass,59.09802920536312,0,0,6.095543406970888,76.58234803865945,0,0.24276540921384543,-260.3665921631556,0
54.179840988655535,77818.77194926629,10.044124153850849,Northeast,Mass,56.99381769510012,2,0,15.09474005710496,64.53059240732146,0,0.29027750940455965,278.64961647022653,0
42.43609883636224,33305.175663281676,16.00335874283626,Midwest,Mass,58.98604785330634,2,0,19.411816059940048,65.87817071141906,0,0.07494435850815656,66.75212134725996,1
38.81608090218971,164169.1965616692,14.873527151027531,South,Affluent,60.855628372026175,2,0,27.005132067859044,78.10257276069257,7,0.18016041920610948,32.591394290073524,1
47.254041655573694,25786.728875262394,39.30835336778814,South,Mass,56.04318609235613,2,0,63.57624940934837,42.11864928324696,0,0.4392493890490271,-36.92131374861464,0
51.23336238995168,74920.47996526297,23.771786774722017,Northeast,Mass,48.73686152694605,3,0,8.902485045548307,64.46508081246401,0,0.4410433266317662,342.6595113833261,1
33.041666613090094,78135.04098414326,47.05980425541548,South,Mass,52.800158123060164,2,0,7.368663184638985,75.06226896553353,0,0.4016790847624154,283.2364733483208,1
44.5822517043465,27678.33656945824,50.89062695176871,South,Mass,84.14607468015045,1,0,12.586986710113859,61.39080848034048,0,0.04184144281208449,-56.306839779813544,0
49.52739466532029,22867.52740415465,38.05681387431905,Midwest,Mass,70.02628552044865,1,0,17.889240503444448,47.762907646011506,0,0.4183092263178935,-5.1436348391514315,0
61.546756902704765,39470.50659425939,45.79473819769139,Midwest,Mass,52.429232190183875,1,0,19.36714736927646,62.43447209916441,1,0.5135315421648642,57.9771370369579,1
43.90719751808933,60039.896067251284,23.35734517984725,Midwest,Affluent,41.49212704629648,0,0,19.814556430697927,69.7039334987456,0,0.7417414864534363,-40.53685410826441,1
18.651117448262088,,35.26073799857237,South,Affluent,70.59552741010367,1,0,14.761228080562825,67.59634402701121,2,0.45532038200338226,151.85470270745515,0
38.60531763952647,163803.35871971163,20.94544305654116,Northeast,Affluent,53.34094568419588,3,0,23.12156751639832,56.25771104700629,0,0.3506122624175864,153.74307709846596,1
48.10488308286737,,12.322878165621752,South,Mass,34.9060502745615,0,0,17.212101589986148,58.09677835966707,1,0.24487333893381957,222.70209658336194,0
55.025462073991015,21685.4490035882,47.77088915478409,West,Affluent,40.82379744937425,0,0,12.082390949748667,51.469385248223375,0,0.3580458442921344,8.425310688897603,1
45.72822267638331,27730.787692394362,43.8208082492819,Northeast,Mass,56.94351200059155,2,0,12.436514519704305,44.0638813477129,0,0.5185060311048127,114.85042395143516,1
59.96721302115836,34707.03148778033,39.978968681020014,South,Private,57.43698822228798,1,0,13.42486034374496,,5,0.3648942245137978,280.47719296699006,0
51.61178935475367,14799.835933111923,50.47988930722742,Midwest,Mass,64.91524112836998,1,0,8.788305144654373,76.13517044682871,1,0.417906534364576,370.040025941376,1
22.45372777810918,9040.836915856202,23.96461287681862,Midwest,Private,52.678985326968274,1,0,26.87809447312903,50.957532669203715,0,0.19419346547579586,249.9959982493849,0
26.350133751066693,,29.791650274746015,South,Affluent,46.12014111136154,3,0,10.71158456134626,79.80645167217375,0,0.08784163123003208,199.0000248043088,0
45.00852833773638,15450.224728403518,18.989658071774283,South,Affluent,56.76715993407491,1,0,34.82722819269521,43.02457301931424,0,0.6056044224740438,180.93925178401614,0
38.34635886734682,13449.759350371522,6.7629244849844685,Northeast,Private,69.6181717864043,3,0,20.389392858259406,47.356109042244775,2,0.3926597992225922,-32.28531253161839,0
42.50153421338904,77801.66036736555,39.209337408455326,Midwest,Mass,49.03243595062571,2,0,75.09381838667565,71.93257759774741,2,0.39114484561706975,165.11517369513814,0
66.2906227850738,55767.01654357771,16.29338421498541,Northeast,Mass,74.63064459908578,5,0,4.792363677974691,53.010167554122425,2,0.4988669505733587,63.74330128006682,0
50.76927805818805,15558.784634383655,101.15330408712173,South,Mass,77.08429089513761,0,0,25.544957778027065,70.49523255212749,0,0.5528401349840378,251.09991902400122,0
24.080791851193737,,35.857253651299324,South,Mass,41.91303578467463,0,0,3.1498877831389898,55.52241529107374,0,0.14855770886055494,294.25290151744974,1
47.54144786060586,17028.61000062245,43.80902625778401,West,Mass,43.629845116783365,2,0,41.438846214229926,56.38915629121254,2,0.15610684772472486,47.40289438080357,0
23.92962623917401,57415.64362053315,33.2292208310642,Northeast,Private,71.55294581208447,0,0,34.506096398773366,80.16134468214852,0,0.186793331404067,117.40189605667697,0
31.410315213804797,53922.939147742756,27.00713506018173,Northeast,Mass,55.185666648337154,3,0,23.086661507427536,77.61488844383885,0,0.2670556458902238,250.72226076764508,1
43.75247708405977,14671.268652530318,30.724800320626606,Midwest,Mass,43.83135964304517,1,0,28.376795604797003,46.68406360647236,0,0.1919191822521621,231.83691907431677,0
57.56953399237322,18344.180870276756,20.038819364010486,Northeast,Mass,38.96060636303106,1,0,8.521511101571399,72.94729296208234,2,0.6093218713315125,-31.628964213606388,0
47.96637150819569,45417.59560133712,49.0232106678077,Midwest,Mass,48.85612904258969,8,0,28.49765709015426,66.17156335224963,1,0.37804989558958946,221.43322444397361,1
50.97930859358646,43916.691737864516,27.654551119850687,Midwest,Mass,54.69627498162505,2,0,6.31136908614037,55.3195864593869,0,0.5823852886071132,40.738197778774065,1
30.102741256000545,18530.657999270585,38.82076390269231,Midwest,Mass,66.25664801230829,1,1,42.014229449790065,57.42253224187756,2,0.46973223105776984,31.289378971062774,1
48.29994912424128,38634.19043312778,17.55205694061488,Northeast,Mass,55.546753466246194,5,1,21.317137265233086,73.01749966840492,2,0.2438382032799255,163.18685486037253,0
29.206214547975723,111244.72310550563,10.734634020152031,Northeast,Affluent,60.050367975100436,0,0,30.063997363098924,67.90372804818209,0,0.5631160936829573,303.2177887930921,1
51.61632234622293,13079.857332005304,21.303381530288274,Midwest,Private,64.09519077779933,1,1,9.406551881400429,47.925903537664084,0,0.44391809699628854,-11.712075050734583,1
41.45414790436281,35704.44227123855,34.65974271361265,Midwest,Affluent,69.89372756223979,1,0,24.11834410460001,69.19368243822454,0,0.24022078516780512,149.23342402752843,1
55.83738819803275,17532.648808756454,35.11621068467574,Northeast,Mass,71.13920213722348,1,0,7.317137825178385,59.84283502841234,8,0.4812958977429969,201.61888001863878,1
46.93847056903965,41306.066247247945,39.55155054969046,Northeast,Affluent,33.65787723610926,2,1,14.322010350021191,64.64576190854964,0,0.28025827664108255,2495.4202138960154,0
55.60614533256953,24337.93829414847,12.481746861844984,Midwest,Mass,71.39112692178874,1,0,22.175325454493606,,3,0.6931555100985796,478.6607768824581,1
23.632694367344705,,49.677333637006534,Northeast,Mass,34.11295763690597,1,0,18.02583849255543,68.99098022089461,0,0.42981195113341725,4932.31751798691,0
32.30291044361979,21966.66946618474,20.62447062607695,Northeast,Mass,52.987228673859924,1,0,10.875623174385058,49.25964199107019,1,0.12721358130869892,211.1799930455583,0
53.18598800803105,53492.96579106438,51.28057664619098,Midwest,Affluent,40.82026804503094,2,0,14.790470973641233,33.945846282895076,1,0.32224052294361366,48.33465883839438,0
51.35067093322963,23046.452478260944,62.5745073811565,Midwest,Mass,58.65777831586771,4,0,42.52328039625591,58.41197557278881,0,0.31896690787159937,82.46491869976717,0
43.86736840151254,,20.579075086503764,Midwest,Mass,41.56358556346039,2,1,17.081823780127245,75.52588188443568,1,0.3206308911247996,217.42093065703742,0
32.20765945212723,,59.07734447692945,South,Affluent,49.27936996099349,2,0,10.169816170525444,68.66541175191414,0,0.6810714113865215,-72.94825799566766,0
55.88451235317649,,41.70629151780167,South,Affluent,30.338897942020953,1,0,4.846040477902152,57.29828509045774,0,0.3509974559535488,257.50539904803145,1
44.93695254555263,31075.658644798645,3.9379147939216654,South,Mass,82.59637317461213,3,0,21.32231834258087,62.794689214907514,0,0.47080680382606,78.07736217086075,0
20.476873814488968,27877.503393060008,36.0176551753034,Northeast,Mass,33.930189375345456,0,0,18.671574090455557,63.73094715413344,0,0.7089461492715435,447.5124947915301,0
19.6416817554595,34889.11800005086,11.469610372744267,South,Mass,52.2136247000135,2,0,59.1096876444065,49.646596352686366,0,0.48278728352171063,101.91027370147071,0
36.75914994128735,12264.488611914818,35.576678309416835,Northeast,Affluent,61.57604059885935,2,0,14.330611426496437,73.88665096763437,0,0.774659191863885,137.13808801001596,1
49.67005060068651,142978.0379173449,12.472578192660382,South,Mass,50.30628348401268,1,0,16.279680917839134,66.19159496926308,2,0.2777142346863591,67.96111351766027,0
43.49368505053455,38936.95045945059,38.76025243907944,Midwest,Mass,14.431772701104306,5,0,96.36162153836234,64.29502959747946,0,0.17348962599105702,207.5633781543915,0
39.048165482210464,71076.04057360705,42.784252599544104,South,Mass,50.34758896382548,4,0,39.28281728726172,84.0262142798869,0,0.8491363289870159,192.7250015808406,0
28.48826743479249,13442.086435415586,52.54636033764689,South,Mass,71.50652500190617,3,0,2.382608457183675,52.22205634122808,0,0.6941369238717048,162.70919093458116,1
37.06980725408615,19804.178392056747,60.90874309913839,Midwest,Mass,46.879225987457204,1,0,5.210707210280872,78.97394443302608,3,0.14358849366489074,77.50781521940594,0
48.093299319186144,33879.19467517669,30.708282126443674,South,Mass,48.75536205259764,3,0,53.55392231327201,50.207299650849095,0,0.4387008668184233,135.2194347619492,0
49.42875145539469,22135.18657976172,25.4259249764235,Northeast,Mass,74.024091392731,3,0,35.17725228401506,45.60523739099229,0,0.34697049767235905,86.88657462049437,0
47.5211812554593,33605.535675262436,34.49713190895906,South,Private,50.001292929719746,1,0,15.547003589190476,59.850828685708095,1,0.12117488818707953,63.85359680469429,1
47.66160574443263,66923.20570340953,15.99327882640094,Northeast,Mass,61.69918367001454,4,0,8.376377278936413,64.70660406846545,1,0.8318640214228539,1151.887447855424,1
42.98121323682607,45353.60855429419,18.101386396660935,Northeast,Affluent,52.50696522424683,5,0,54.81624061087717,69.44604958439129,0,0.3182971596872747,129.9340468910169,0
55.72782559173949,24475.893160667805,47.26276953047352,Northeast,Mass,40.65169855872576,3,1,11.665590377239306,56.27811637137552,0,0.4240244012446177,580.2956726185079,1
51.17241088134258,46338.71287640094,22.816008257597115,Midwest,Mass,62.124220627602334,1,0,5.347697229081825,55.214779031196606,0,0.5957597576981747,80.97698248825772,0
33.400279529477835,99127.64972716292,10.028365609193663,Northeast,Affluent,57.60448191557728,4,0,10.361285158484442,38.54971666027177,0,0.03727894475086309,123.53830309539018,1
43.652720772200304,35767.162082169016,40.038212208989215,West,Mass,69.95689492042072,0,0,4.116791436938081,91.49702318257194,0,0.12798093648554987,49.405826650669376,0
19.85906225656654,19874.845825131753,65.93677167250776,Northeast,Mass,56.39602019634648,3,0,44.55259619590533,48.229395120042014,1,0.17987768480753002,14.636801744072073,0
32.82450261253738,15531.71112303587,11.268786298699816,Northeast,Mass,73.77812148365474,1,0,14.364801957373176,47.77797345592813,0,0.5667523941968295,240.95608707119766,1
35.451524205020476,36280.9068776501,47.30292054492891,West,Mass,63.23572286370339,7,0,31.75458247982063,74.14754977832732,1,0.47640119435318573,178.30092531966602,1
44.387314644586226,30938.722354515096,12.102778747538498,Midwest,Mass,69.2245558718823,1,0,59.289135023502034,49.616758264473624,0,0.2193398474745181,88.23672232212067,0
28.887563409241476,19478.924862669483,28.13719919969212,Midwest,Private,38.59622700570271,2,0,18.60779481278704,59.07180872819573,1,0.47041060047452,-20.0270843293315,1
29.715028041591587,105399.54837447502,33.097418605047054,Northeast,Mass,63.30172885931955,1,0,30.58816964848146,52.096593709112355,14,0.11942072903420387,290.3388361970183,0
68.75527024237518,49893.973259466125,44.43770259233378,West,Affluent,58.153440343403275,1,0,13.990750532614534,65.15870023286328,0,0.7598674012843083,667.4781699765464,1
20.619724141629998,14307.612795910243,32.809809548085596,Midwest,Mass,77.72812894367479,1,0,25.55450411530605,64.99160703059249,0,0.0016158487932201732,119.2557355284134,0
35.551795966619665,36469.92990144775,13.410686859942,Midwest,Mass,53.73123810630728,2,0,25.961183986848056,62.704996396962805,2,0.30857675441279814,272.08607350484453,0
30.83900369071177,71146.58864831069,40.47013016816024,Northeast,Affluent,51.83641820701669,2,0,33.80080325301348,47.2407302350688,2,0.32428873794685265,75.07951094894979,0
35.15451927552401,18070.978518097396,27.771747857921792,Midwest,Mass,60.55202738416169,4,0,10.700739446938613,52.45770938679842,0,0.20499058282312094,191.57560615560155,1
23.570229427869457,23992.54731919795,40.75487167596113,Northeast,Mass,42.15989702162582,3,0,16.79471940458858,73.8889267146123,0,0.1164738769674668,-8.731353612468823,0
41.55991026978786,43084.373898851816,24.44211637274781,Midwest,Mass,55.135872745632135,1,0,12.38506979650338,54.66582685111263,1,0.5153569854102839,522.3109092419099,0
26.5139046944861,68224.18998038248,24.743262886204672,Midwest,Affluent,46.16731157272492,0,0,14.207315218145155,53.43369711567715,4,0.24906671237153988,70.84587503553283,0
51.29310064542183,57599.20276749885,28.094895800893955,West,Affluent,38.3150619428116,3,0,6.688251254567687,63.035466109433926,2,0.13846079072447168,102.7079001297902,0
44.24842886796571,,14.174291674527938,Midwest,Mass,54.410813765016904,5,0,30.113237564792932,65.92715656999566,2,0.13387129960838828,29.34822770010925,1
45.259432751484525,38558.18196808822,87.45912675785073,South,Mass,33.868995926737036,1,0,8.319785455591383,76.06907045052313,0,0.4611935491564329,560.316925089079,0
20.760782936379293,,41.221917870890316,Northeast,Mass,30.255026671974232,1,0,21.270194779581228,37.558190332907685,0,0.21611134393783313,-47.95728932215038,0
49.780904143967845,,57.55506403245175,South,Mass,57.282329029033875,0,0,5.077370004108682,60.771635170963904,2,0.26610354032620265,146.58758314453888,0
46.2098384621305,102437.10547679059,29.363814595939555,South,Private,65.19407079127524,1,0,49.12681248780718,59.66686318736637,1,0.2563874206616051,216.71587754741222,0
36.87801833433283,56102.74538517671,41.943632712138886,Northeast,Private,44.804915130111,2,0,10.376279080248857,81.4123667320623,1,0.38425594412801095,1589.7050294412043,1
34.818410220560104,52307.93596751545,19.724902712940615,Northeast,Affluent,77.16488005996155,5,0,65.38286840333674,43.51630527865219,0,0.14818893816393208,123.43443592005822,0
19.274161196623457,22429.588589599753,21.98121437313931,Midwest,Affluent,76.43175739447949,3,0,24.718855296630544,70.10223336604244,0,0.723754362095957,216.32662668729446,1
44.211685438072976,16300.373489990874,37.69516829322796,South,Mass,43.50892437711613,3,0,21.62087241193943,75.36085227853191,2,0.6111072939524763,34.03367924389923,0
30.307617772961144,15073.599307089333,57.842873534946044,South,Mass,32.895952962209016,4,0,13.14971850242692,60.747819952068355,0,0.6998359374008715,134.96979307558456,0
62.18794013045861,41991.34525529735,13.613881138200524,South,Mass,42.470641442923835,5,0,2.7753220086216444,65.62046021577068,0,0.5877014102877927,74.63792049126798,0
71.34974547671241,18406.508528414386,9.266324951337785,Midwest,Affluent,64.75431332533138,1,0,10.139532860599243,72.6280884294042,0,0.31489735301969063,113.73479345166123,0
39.546784100656495,,56.79950360102795,South,Affluent,88.45279489355875,3,0,37.339739668361375,78.48456547228598,1,0.6016704239580419,3.635789440791285,0
47.17513871793392,20180.11890777309,35.64427575186589,Northeast,Mass,62.69251202050077,2,0,16.35163408925654,60.720897702035565,0,0.5388521600027237,-49.675626263400936,0
51.25126132907621,37461.85077772832,22.81769412782961,South,Affluent,56.7845317582532,3,0,16.113077343661814,64.97404418386591,0,0.3876338301791719,183.27667405272274,0
46.77085482337476,25030.41809269018,72.93024455548752,South,Mass,49.928798394471414,3,0,11.544468507360182,75.13138572487767,0,0.43612329487804696,172.35108662700583,0
53.62123563705646,33724.28797137496,37.215910065450046,Northeast,Private,36.64293523799533,3,0,37.726139466504925,54.79026885734733,0,0.8637645489606789,608.6459282238029,0
42.16493469563742,23154.379992640646,46.602132488353696,Northeast,Mass,48.65872281786334,2,0,28.26958553960933,43.343737575906964,0,0.185781364152904,230.59803566755352,0
40.85375174662292,30246.94249200762,54.39953479510411,Northeast,Mass,63.52532764310945,6,0,8.91332759955371,40.52748965117884,1,0.3436630605579415,162.16400914554097,1
42.04306757420446,13007.314728871232,20.17300546521981,West,Mass,29.521209934945578,0,0,9.450958345508568,51.04427869306684,0,0.46091805551981496,138.4232542266774,0
56.69830515819542,47118.21047820893,16.022060139935082,Midwest,Mass,38.723576458966406,2,0,6.630793899373293,80.59329171667503,0,0.08473276708753819,151.70626167415713,0
49.71390061231729,,0.23819762848883297,Northeast,Affluent,60.49774993539723,1,0,21.107503136976028,47.52472754490683,2,0.349391763387719,-12.373711536245803,0
51.74741822669829,24602.585641301623,25.766212075319245,Northeast,Mass,81.63774893619065,1,0,13.781954995773646,60.321584752724675,0,0.3543860122084149,338.2023090473375,0
54.93362359076337,26324.343527363933,37.282138688677435,Northeast,Affluent,46.29875326279911,5,0,18.00680300160225,,0,0.13310634932485935,344.7550227209615,0
47.288964779548635,41927.924902465136,21.38563234726574,South,Mass,39.6881098984158,1,0,13.785850070943983,38.191081797439395,5,0.5254215084878913,-97.46042506493566,0
60.03938008871821,41356.7742021514,42.41433170446766,Northeast,Mass,64.91033716961763,1,0,12.808353096533326,61.9682377944539,1,0.41261981661681213,365.28612929966516,1
62.927532683398034,38903.291831320115,11.810247921383763,West,Affluent,50.18647444097087,1,0,11.159685699944184,59.821170619746304,0,0.5227016420529454,-10.755579988415569,0
20.854852270876524,30498.511244170877,52.646730408850296,West,Mass,52.94913831011679,1,0,9.346554446929428,50.07090075642549,4,0.3913516687229861,1142.572104484316,0
36.19151443537429,33780.99014156785,36.62860195500509,Northeast,Mass,70.16011091349456,1,0,31.56690857511927,67.4715491910601,1,0.37921538314550096,-37.415788799277564,0
31.449134633592962,15686.328330247263,37.814885542780324,Northeast,Affluent,64.24264533832599,4,1,27.25659946936437,60.00702971425832,0,0.19438763504439005,166.48503876142954,1
36.8889959928816,36431.299147059726,45.25477312059475,South,Mass,56.352270022466556,0,0,30.068222805133082,71.41707983702992,1,0.293129683609121,-19.37552050308824,0
36.75765162098127,129360.9093790527,8.9467830510467,South,Mass,67.4014061475552,3,0,83.48651371402946,43.49072973211125,0,0.19364277245446906,36.935547991009194,1
32.60889370063782,31946.763413187316,21.098995344472787,Northeast,Mass,50.531113851945875,2,0,9.525038794741082,32.13487224844927,0,0.4549118808211964,185.036346550617,1
73.08892235499395,33083.096165835406,59.371322813177734,South,Mass,51.5751677092731,2,0,15.625105202313623,82.44420189691921,2,0.21337777735287028,193.556561016783,0
51.99829514858681,42837.19400192886,26.587439258614094,South,Affluent,29.48457152625945,0,0,28.96141291580761,61.936542125699226,0,0.23109585422662685,96.50509692835442,0
32.68021730186837,,52.32348786223827,Midwest,Affluent,53.256003152710825,0,0,10.05901959683958,53.648008896068696,1,0.38060842565673486,348.350322694086,1
22.115019496841384,19920.58743974428,25.724064157776063,Northeast,Private,34.843549740153804,3,0,106.18072292237419,59.39150494630355,1,0.16885812426156382,217.36496073934015,0
27.97368698755703,41611.69721581887,16.697815114125984,West,Private,43.58762644036648,1,0,11.763188615624479,87.52524786821952,1,0.3125561271029049,5.10830119868303,1
22.377435395498686,49129.19092172226,13.395484318185227,South,Mass,41.99211324788049,0,0,12.216981326888163,,2,0.43332600975135205,37.15199464941002,1
46.696288227995275,17229.421691639967,17.15227627638384,Northeast,Private,80.41507982427487,1,0,5.818199304721881,81.87599785780493,0,0.631817499266081,264.7345959450459,0
42.46178166159515,39627.49574310724,14.458564900895006,South,Affluent,48.21996403139521,0,0,27.157431254067564,55.52861297387464,0,0.4627157961100814,105.68496057299726,1
45.718971605829715,110075.8638361622,18.348956753200365,West,Mass,50.361209165538426,3,1,7.884623987425847,37.95940799477838,0,0.7121587915018937,331.094465412129,0
53.34622884361664,72891.2579431754,53.75052124807943,South,Private,55.12110908234101,3,0,10.989423571551816,51.449784582300936,0,0.22126829122822994,244.19818356265299,0
43.48592454555427,20459.96872674015,28.521034142294162,South,Private,47.69983381166301,4,0,12.698563016180735,68.63747722929283,0,0.19995761458691383,166.6597432032494,1
37.91738898415835,32646.365681838004,25.958652601546955,South,Mass,51.17627858756553,3,0,12.746677805453743,62.95720129094488,0,0.3761057480719437,41.96748257644951,0
49.05278086097134,26283.298985306057,26.656256059597396,Northeast,Mass,51.461834278742636,5,0,18.32511505187144,46.96308576206398,3,0.3387828247642261,-57.37049025621851,1
30.014726875543047,65109.25069258983,29.294395098297883,Midwest,Mass,38.0005395576221,3,0,10.044933469521801,52.404475030999244,0,0.2747980026803953,186.75129692872696,0
44.16373176262436,84433.94639661518,11.817531143076552,West,Mass,59.99894790485043,1,0,7.638906063940051,53.133007434537994,0,0.4696283368864843,403.90115410303645,0
17.710869631823915,14168.971251852397,27.39014589505483,Midwest,Affluent,43.361758003592655,2,1,56.61431994953848,,0,0.23674711514161403,282.0371086810403,0
41.71108462557187,16659.996333180272,46.63105413867565,South,Mass,48.145474425996134,3,0,4.678774552718404,71.62129098322275,0,0.4624429750485392,99.64341456340179,0
73.5378057450914,78210.66002747676,12.441957909116539,Northeast,Mass,50.678307013363565,1,0,35.6157734948785,84.4949064150913,0,0.3799744355337115,286.6365766400494,0
52.73918951736231,89150.59812982842,15.454737929169646,Northeast,Mass,33.48105867227552,2,0,44.264673901468434,75.58142970309424,0,0.4477076514214872,224.16593523865936,0
48.90605582844724,40213.34370039218,19.537525940250756,Northeast,Mass,63.696052956877935,1,0,14.618611451491727,43.25753032308653,2,0.6346595871308366,-1.9687859120656697,0
51.3019110410545,13801.508737083172,17.537271595400806,Midwest,Mass,45.84915891938318,2,0,10.030761987547594,68.2671531843048,1,0.2759332486088488,-72.44752814357463,0
29.283732162525695,33363.454919820484,19.50449834437525,Northeast,Mass,55.241496103912915,2,0,4.127305306516852,63.047289623938156,2,0.36974377859777635,265.44015247217504,0
41.28599545522199,28834.243440566326,88.0684578876596,Midwest,Mass,59.97537651173578,1,1,23.537297821477733,56.87972895694232,0,0.2908753182246148,204.22713502855552,1
31.20637694658883,39952.43059392708,58.54041573919557,West,Affluent,87.58432395540859,0,0,14.149022382871545,30.943844311785142,3,0.36487874240139523,316.0900102794261,0
33.115193145764565,40930.906831829474,30.57175388201694,Midwest,Mass,64.46415961613508,0,0,9.190065617122178,72.75866814076574,0,0.27100099945567635,11.345206901631826,0
25.471397790669457,138162.74773604498,20.287634658429013,Midwest,Mass,56.30820125318933,1,0,26.21465322674583,70.25117667560386,0,0.09829039127417577,-65.35523328082405,0
27.29798877682499,33056.09246022298,22.083021350185803,West,Mass,48.45001636278826,3,0,7.131063201029432,70.44651939362329,0,0.21621599389884102,90.38539156465995,0
29.32876404467214,98252.74088980105,25.966536478631397,South,Private,47.2789765547643,1,0,52.21493586169659,58.971654088211885,0,0.09506630916479092,-142.53450128380376,0
27.439079557175873,22313.933522863364,14.238529392856051,South,Mass,74.10737279785312,1,0,58.2986173189756,53.08658862609495,2,0.7347283732220814,105.19348664433193,0
46.52817563881496,60993.88799996141,16.033798918350257,Northeast,Mass,56.45677080392522,2,0,10.674126864591143,,1,0.28895144995520533,2151.3121828155463,0
51.07690022046122,37308.66800983336,18.536746788463493,Northeast,Affluent,73.34943650211913,4,0,14.55089409863557,82.89009095144768,0,0.6186905760669416,344.59632759866065,0
35.962229048576766,20592.101539271673,13.281953051116751,Midwest,Mass,34.648332656643596,3,0,57.47245693855402,60.512301507235,2,0.40810885561933113,109.80217940983762,1
27.042221217259062,49928.754034828744,11.002988874561435,South,Mass,55.42259632661154,0,0,11.285751755588002,55.351956758406295,0,0.20039623157103853,120.18188802365461,0
38.25826891367737,42166.26848377064,81.47679426583584,Midwest,Mass,34.411058439408954,0,0,11.636245755512956,45.51677162689472,0,0.7347619586017827,212.63528102463155,0
43.4915857329461,26574.045719541362,65.78670727243545,Northeast,Mass,67.00967162610429,3,1,10.963263758158359,61.21199302109756,2,0.3020641199545737,167.39513092965188,0
30.80661010022553,16498.343605630314,13.89800995760929,Northeast,Mass,45.53899963847189,4,0,17.23130620143593,55.43975395156278,0,0.26451269550172674,191.08482760765932,0
18.16748085046501,111537.61618801951,24.545490110366725,South,Mass,20.94768457033701,3,0,20.913002486284007,54.83476665364857,1,0.3700383695809787,-24.133750006183547,0
30.914274521743735,65074.163222437914,39.37494993647998,Northeast,Affluent,71.09868490295828,5,0,10.456682229925999,62.10396555776135,0,0.65181390521152,192.74949411096486,0
33.52055931830634,75533.6375695257,37.21974220616484,South,Mass,58.619373106695264,1,0,22.43410150425102,89.52687490249617,0,0.47740004028669814,213.97395270614444,1
51.45663748480737,43837.687614820104,12.439337269133004,Northeast,Mass,83.22121694133229,2,0,27.206193598936952,73.45478467327251,0,0.7305269992339065,345.12865660275264,0
62.812292850146605,,74.7723695216388,Northeast,Affluent,71.14027880698859,0,0,6.770256154696575,65.05309795824101,1,0.44145053023887904,144.71955112016096,0
62.47913550958449,82862.8117515396,65.38795075287567,Midwest,Mass,36.59996079809175,7,0,18.44461038647583,75.05615279543497,0,0.7653273326722756,518.7231420247438,0
40.42610339918221,21005.94602999433,43.90179137057818,Northeast,Mass,48.03461348608607,6,0,30.969989925327837,60.875142498783646,1,0.362275429076921,10102.687870486154,0
23.760009083804945,23434.243363391888,11.701181717809863,South,Affluent,33.493924168475345,4,0,96.38721661341965,,0,0.4883184635254906,117.16592970484085,1
30.934504923287857,88970.52540787235,8.432712488263917,Northeast,Mass,45.22000043142241,6,0,11.57339095060943,71.39948754779999,2,0.27079786295569475,-14.374657399118746,0
46.62025052708122,43237.96841291834,60.502795713952146,Midwest,Mass,39.825230245140034,1,0,8.198566862105181,97.75823283140112,1,0.7525680119691364,417.60716308963265,0
47.99926007173084,36218.918525344256,14.35855323032238,South,Affluent,74.67392579524605,1,0,28.425687158713163,76.99333053608538,1,0.42103017549163896,112.9357009092095,0
44.949948431361754,9290.799542101882,18.189157712143817,Midwest,Mass,69.15894185782182,4,0,6.300607714826077,50.78529100383289,1,0.08151758068612189,338.475557473855,0
68.41162493603188,74694.86751357834,18.513992993020914,South,Mass,74.61119075768404,2,0,16.10465456375883,35.036400418016925,1,0.27285555744731554,71.48633541545043,0
36.385575267479034,29301.944558419345,8.092444317489168,Northeast,Affluent,61.41241414515155,1,1,29.65732508609296,69.50291498319677,3,0.24349734744490412,8.989086352387261,0
58.3740322655844,55883.54059951089,36.623462982379145,West,Mass,34.56563358009768,0,0,32.34487644184347,54.599832927851374,1,0.44873221279360287,40.278643323955706,1
40.33364594540731,33667.703198032556,28.289579947462286,Midwest,Mass,62.360118194402446,3,0,16.657218887011528,54.39423329656071,2,0.4003100994251632,58.77920021068324,1
32.42210999270487,32586.718955891523,39.10488421118322,South,Mass,25.994810618027962,0,0,6.788502268015327,34.90691731692035,0,0.47075466880585964,45.4534725958714,1
43.28164203085257,139217.6878025251,16.886158083077515,South,Mass,31.724104671871483,3,0,49.36717891531195,60.8395335656841,0,0.23723424311856145,854.4650497877096,0
41.86276933100849,17772.124848025305,25.203513421425782,Northeast,Mass,37.2205774114841,1,0,23.815882633905332,39.33301981470735,0,0.5407834265785088,-41.18927142971471,0
17.222589570712493,34089.69025448401,57.416773139278185,Midwest,Mass,49.27787718126508,0,0,14.800215473255173,100.4664746136523,0,0.3523517539518248,27.96180674191091,1
57.65411556103413,30682.778973652006,15.3858860990914,South,Mass,65.82428537530369,4,0,19.490120962811226,79.07073159091081,0,0.3310476819863882,2788.747824796933,0
35.07065038300777,19609.055272468366,35.198784157815744,Midwest,Affluent,52.34280262631693,1,0,33.13247497573784,61.28575862948157,0,0.28376518821663965,-10.96286088888644,0
29.747326996013438,130385.99522011931,43.17474738859842,Midwest,Mass,53.11029693070841,3,0,15.925765869684627,73.44359181200466,0,0.383089442395505,259.95437113506097,0
35.78647972630813,22261.451709956797,3.3144390908949624,South,Private,65.61819918319014,1,1,11.971965107939653,57.25537532149005,0,0.36667701696577887,138.0088462762646,1
54.18243333594848,14166.689394078827,17.23046028036734,West,Mass,53.834347946198776,0,0,37.43967010354101,72.55639990859287,1,0.6809408428452098,1370.4284661215495,0
31.888068301771025,32670.745208285087,22.747942469691257,South,Mass,26.667736026896794,2,0,60.97773759086235,56.911299744167096,1,0.3776392516745729,221.71360911470296,1
33.92049232870503,20315.11596356664,88.66668513473772,Midwest,Mass,54.721477366078645,0,0,15.991532723007637,57.82590093792021,0,0.5549999506544132,280.81668789499344,0
52.16770647734321,23492.028781130593,19.409107661000206,West,Private,57.42298483567643,4,0,57.90199560440291,72.62994014020997,0,0.6525127206242443,40.294946137873936,0
37.90809729392471,46134.05535250642,26.771309113726293,Northeast,Affluent,62.616390016063484,0,0,43.11016650263449,78.29350627601052,0,0.45747427282995595,249.32751932221518,0
44.73889835741459,21755.095092795505,25.183839978835472,Midwest,Mass,69.77132190953768,2,0,11.204372328878101,77.61479171022265,3,0.33774029144198564,-26.095982644464115,0
37.484845209488014,22616.743625246585,16.74243471915938,South,Mass,43.7077022074436,1,0,7.206286164691253,78.3386280657656,0,0.3890098741089315,-74.1397942214996,1
28.773956390686386,26768.94482253369,34.31065211524767,Midwest,Mass,55.34186659281113,2,1,3.5557875815911673,72.47456667302235,3,0.41282327424900345,262.06317612494786,0
44.12463229754862,5872.603677907697,16.069102343265634,Northeast,Mass,60.49428129349608,3,0,16.84573946988606,63.41177789119873,0,0.6677721213661744,457.92977665953094,0
47.246938360614905,17302.12299227871,53.11024111118623,Midwest,Mass,73.08251228780729,4,0,17.392472834377813,75.2472367458798,0,0.333274849204821,46.54631782146979,0
29.711176306578054,54177.820851752425,17.247399385808368,South,Affluent,49.461960945238765,4,0,28.634275138182428,57.70127578158304,0,0.27218138757169485,363.273261581146,1
33.32133665350316,52674.16003164483,18.75483551915589,Northeast,Mass,55.10072337941117,1,0,26.519340419821546,68.13339117885059,0,0.22915684840662973,10.933912744106621,0
31.504016647713872,54794.06643480129,22.302299781605416,Northeast,Mass,60.31609983504143,1,0,27.22130218140512,70.91882962891107,1,0.5052358702099138,290.19124072487193,0
33.34430926117988,12037.638473525685,24.490409468849563,Midwest,Mass,32.640824852414,2,0,12.602681670904527,69.6938399081332,0,0.8620151279634827,208.3300217547549,0
32.695988773780115,40180.44732681547,48.42036848314403,West,Mass,52.8255139137903,2,1,4.731458928566547,32.66329176608786,0,0.2820330083588741,-22.097416011812385,0
25.802052865597467,,36.97738699541021,West,Mass,42.9734264536903,1,0,14.826333795609262,,0,0.273197861574726,313.5951645583609,0
37.034348844233065,22566.746864267003,28.000915056762565,Northeast,Mass,38.15482412501138,2,0,11.252714280770851,37.448805867552146,0,0.38928425878131945,460.26651725649054,0
43.42237826419095,51406.46660727175,12.767324577497986,Midwest,Mass,64.719767744234,4,0,30.7270247642928,44.586453701669434,0,0.8660953156005866,72.48724036724322,0
49.96471964632121,,69.43895054226175,South,Mass,47.457539534996016,1,0,36.172163209335565,78.31448600691658,0,0.145052529914614,73.34981219721058,0
32.7908222387431,12861.181859486087,16.32438843015189,Northeast,Private,64.19831561916409,2,0,4.366244952668974,55.515405532442735,0,0.0917106298374284,75.72806920934335,0
35.89264602614012,17360.742938626045,18.06587813641125,Midwest,Affluent,65.89070907706078,4,0,10.811098835971483,59.672626731252365,0,0.17407212177351533,396.0306311583267,1
41.379799230260986,90852.70849521122,27.360853403639517,South,Mass,65.4494623209622,2,0,39.98144429890793,66.69201128431443,0,0.5203621473389931,116.07353755008627,0
45.25306130887674,69769.78412865708,36.53413541065125,Northeast,Mass,62.559374396727506,3,0,40.00625870130197,55.574560509707,2,0.2856830907308639,0.9923585048125929,0
33.06743390842544,74019.99852867394,34.530385339480176,West,Mass,100.07608277914572,1,0,19.541356011634914,56.95266396694444,4,0.31312262862606255,298.4946881128307,1
59.587557911415836,24866.844712577185,39.624362686881504,South,Mass,71.13702176806424,5,0,21.273500773237,72.37600347341687,2,0.6647173436943651,384.3960562228633,0
21.145411133893248,22546.640869618583,32.14854587698661,Northeast,Mass,63.14938355784616,3,0,12.001447420437234,28.73390737383935,0,0.22055687855216857,113.75188116652299,1
62.92033804257814,30770.25392393142,47.13889492507098,Midwest,Mass,62.68852307940916,2,0,21.079710245206105,72.97863924891111,0,0.18977732724572577,-24.371983847105952,0
35.574465049242214,11285.613501468208,22.56372311341835,Northeast,Mass,73.20016730617276,3,0,25.945854793047893,58.84184723130892,0,0.28558056869340864,41.643697983881566,0
55.49345429436905,87149.90587091341,18.788230449452854,Midwest,Affluent,62.88892066246082,1,0,6.477300843497543,46.96496778231181,4,0.6281968363398391,213.43911172485696,0
53.29966469839844,27474.64488621906,29.510200058868367,Midwest,Mass,25.270627475619687,1,0,24.1973492930377,78.01832763493071,0,0.16457571944508523,156.1530595714198,1
36.69499180359257,45635.54475488808,42.59733072985413,South,Mass,56.70056161790378,0,0,13.15291387132008,59.64563857050844,0,0.35661931593477747,157.33021464085496,0
38.87648553981022,,23.764309614812543,Northeast,Mass,35.35825001857027,2,0,26.03434948803738,63.024723365893266,0,0.5953380529312317,348.01460209101606,0
27.897334633043407,78575.69140270154,21.705125813855666,Midwest,Mass,37.21201711780836,1,0,42.701499857189134,73.6080692424758,0,0.4347119137764681,121.57962889168525,0
60.52345175557762,7493.722989366955,24.45384096413789,Northeast,Mass,64.49085489477544,4,0,6.201583274709481,60.19337714403845,0,0.3072144378311311,278.4896600491653,0
37.30247526724218,64325.45682258196,15.119106003978937,Northeast,Affluent,65.4835460216513,3,0,32.26408456161572,73.13631041485449,0,0.49804022124978015,102.95270177028186,0
50.627906915607035,43789.91403975555,43.52008268697599,Northeast,Mass,40.34501216148897,1,0,4.765487852307379,78.97344534560374,0,0.46260571870696343,239.9022101627133,0
64.03784680754609,55226.94606810684,13.190221083052561,South,Mass,51.08473253477835,3,0,20.10073332731937,30.50868207787574,2,0.20858315143075024,73.51413734088126,1
54.77789556786061,92977.25391637835,29.42369429599518,Midwest,Mass,18.163416575012096,4,0,21.53151458993563,65.24168519644599,0,0.17938611330826523,131.26942175497376,0
48.226147422266415,,14.901313165283723,South,Mass,42.178915341657344,1,0,19.073656537009047,77.99465490583758,0,0.8834263156213269,14.109921046342354,0
52.56564694542863,32755.648825630815,37.732625402904475,Northeast,Mass,71.54711119220697,2,0,35.68734222518271,75.76155395290768,0,0.5771179656501443,141.41224509518042,0
28.03620997291831,28553.951194853875,6.6293701555556686,Midwest,Affluent,63.47994883315646,2,0,9.711875026645595,76.7157543735581,0,0.16407497026370638,41.65224029269823,0
64.19731204329979,29654.265125905415,76.14023951299946,West,Private,51.55737097568469,1,1,9.877772125172028,48.345823762184445,3,0.32513708138548875,1345.531100040271,0
33.4686593202382,32301.990548329977,12.707328656378863,Northeast,Mass,52.083503853006384,5,0,23.224930306222518,59.1589072265795,0,0.36939398848893257,119.1337858438926,0
63.096009655184496,6844.853066787752,47.89165294557513,Northeast,Mass,42.40071350659099,2,0,39.39743770535302,63.06101615183221,0,0.5878093273803404,186.74326026314932,0
36.701895337682586,55248.121698041265,38.95215872680644,Midwest,Mass,41.89255940770726,0,0,10.110581534806322,49.01545518323813,2,0.31010703933111544,135.39790833960933,1
52.25235837055689,103814.26715270405,10.429123598667722,Northeast,Affluent,84.06255955939757,2,0,10.588118688677582,53.99338583122435,1,0.268693895433413,135.7181167398169,0
24.148599287451738,26705.59831302561,13.450352611471827,West,Mass,53.84053994597682,0,0,19.81130859898598,81.08738226154226,1,0.6253345516021407,55.41260547087607,0
48.460140376399714,34607.96473673193,14.160310704259338,South,Affluent,53.49701361126299,2,0,5.677915435898178,47.922677879468225,0,0.10894521833445617,175.21875560918892,0
55.05330352529222,44300.52003036622,73.15176034942945,Northeast,Affluent,76.01760673776619,6,0,4.832638201012039,60.85097728441484,0,0.307532442703728,188.0787510779703,0
63.03444524438466,10213.926371763824,26.127237948342238,South,Mass,51.61170929053431,3,0,29.452089058991884,35.81730646407727,0,0.28598255345558493,-16.833757296970795,1
46.30162498219788,43890.30003116993,18.503214492765146,Northeast,Mass,73.68131062962864,0,0,16.52802751656833,64.4856696414389,0,0.655652129890155,180.89233563052642,0
35.371485317830505,13496.273850840082,42.154624623713445,Northeast,Mass,55.26155746425547,3,0,1.914678560546307,,2,0.3653671275559145,158.6432403284251,0
59.3222743855152,25345.30802891404,14.667316036020964,West,Mass,51.038970346282774,3,0,10.327357388710466,60.071271739424155,0,0.3464012873077666,267.0943121870839,0
28.74356595831425,60140.98172672931,65.08263035087133,Midwest,Affluent,57.93059113846101,0,0,10.750304848157302,60.61008989831693,0,0.17037061613542215,105.47977569653077,0
47.36268112384285,10686.443082991582,23.20061145432364,West,Mass,61.37058771353708,0,0,3.080882993950381,65.36074253466234,0,0.19702526651376878,477.305583736132,0
38.658320259720576,15384.336898392008,25.30348188142761,Northeast,Mass,65.03543853013804,1,0,14.610274096326627,60.56895351514041,1,0.6084928894453685,472.20226164955335,1
25.54879078252914,41104.885405749286,39.41617651130473,West,Mass,48.297099262894704,3,0,5.881766519527383,66.18402510939049,3,0.524004917805066,309.32931727512357,0
52.694803917816344,64012.81398667977,8.611811474006632,South,Affluent,32.26718873412213,5,0,13.290499450321125,59.43264677452763,2,0.13219692105740494,35.07551471459166,0
36.96561333077093,32304.507715002692,29.484269500887386,Midwest,Mass,39.098247402130404,1,0,10.38380385297952,69.26699021970768,3,0.3949782245392877,131.10042574724707,1
26.133326034013447,39583.635095877755,37.67862660416304,Northeast,Affluent,32.90152639297099,1,0,12.23580810679896,72.41360697032661,0,0.5445204913195589,67.65686483172558,0
43.87690941603983,48513.088365365096,14.152868280799057,South,Mass,41.48934228693877,0,0,39.12021657850415,57.423600977528324,1,0.36042692288407063,321.4770575038753,0
61.723836200946224,43283.77546832534,7.74333640610821,Midwest,Mass,64.6971591279992,4,0,43.664546717772005,79.63954386236911,0,0.25718205667780675,-83.86692289694818,0
47.78467883725214,18718.989929444288,13.458091671326827,Midwest,Mass,51.9505526788541,2,0,4.11954230106476,45.22120875423431,0,0.24403401322707102,257.9104358494039,0
55.589639321685866,77303.11837829965,80.10073336857738,West,Affluent,54.83957405742077,2,0,11.161938098601343,70.28735554913817,0,0.5371575848144219,114.91000177050036,0
47.86755827371342,114433.69778172016,48.75368737792469,South,Mass,57.44368884513837,1,1,26.87344260645192,65.78932645871122,1,0.6008541165303072,73.03014572864045,0
27.353040503133336,115552.41853230358,7.539722053194794,South,Mass,62.22233297896764,1,0,10.203342726170758,57.213154764604056,0,0.3958588028359239,149.35531029286147,0
31.503361365881894,85795.87740421081,10.626492304169926,South,Affluent,72.77256325304965,4,0,12.35762110871758,75.02193696026444,1,0.5994654073777755,225.26744527108696,1
31.895225121865273,31563.926231340163,38.766670364607116,West,Private,57.385704084543015,2,0,6.278867043801046,59.372632351807795,1,0.8456077417826804,293.17171198558583,1
30.66206860581464,17974.80441516685,30.613203327617768,Midwest,Mass,32.52004864062801,4,0,6.907646035875462,61.09993192292762,0,0.22748602005855706,112.78357460182474,0
52.100626787551995,47837.69571453516,22.320249346560423,West,Mass,49.36548960886942,0,0,10.201335069756748,66.19928079426849,0,0.11750148006216055,183.18843686339966,0
27.437778155060762,21677.61167049292,30.403131899802602,Northeast,Mass,70.19598316780636,3,0,47.50968959771398,70.73301686727586,0,0.45082363950919374,393.60409241730997,1
51.118318444384926,16544.73952499289,34.235866743955256,South,Mass,45.22489520166448,0,1,21.00743660391931,57.263741059729895,2,0.13872295656350386,-45.06786518142601,1
37.30200204708779,49317.84016563014,45.38136169674783,Midwest,Mass,61.17317308198998,1,0,12.671685031644186,58.27477378872763,0,0.580070019018091,243.07637109111025,1
46.6094356077324,50503.38339539341,30.653616581447476,Midwest,Mass,62.59758046062784,3,0,15.133714782135698,45.2578014122442,1,0.7684363881983608,74.10834964173569,1
63.72565584672465,21650.192766239936,32.11914012837864,Midwest,Mass,51.014588443454294,2,0,23.095312119429007,67.71862150763997,0,0.3367767731290154,166.917655000818,0
37.94399238028673,12608.724124044282,22.555005021695393,Northeast,Affluent,70.03296551267393,2,0,42.41414712664381,65.40914181354123,0,0.552222299500241,-57.3987876485848,0
49.74116924850741,18201.95361475471,26.216796209441465,South,Mass,82.9882809499797,5,0,7.4438637837451,55.17582228341126,1,0.752464027138714,222.3025298457299,0
44.94108814371339,85369.16415217344,43.7845335923518,West,Affluent,58.00878573767122,3,0,30.38022512720985,50.49262251599092,1,0.43530185040139213,112.33644910260713,0
57.477534272807915,58274.11812108174,45.60547198106977,Midwest,Mass,43.163835112786465,1,0,-0.8103600106390418,67.71613206096919,0,0.4366633300779216,115.40815919113466,1
36.898101338966,28031.71611744994,33.734420936114,West,Affluent,47.81687976800953,4,0,16.030813307637438,51.858256999498266,3,0.145207078925531,-58.37241321158878,1
29.906850125569353,57248.78404364692,13.523807698041091,West,Affluent,59.18757603861733,2,0,2.5643130811512007,66.92483404710285,3,0.29928221011884387,175.65442897963672,0
39.398891620643,90688.46070702693,15.058289145274061,Northeast,Affluent,71.09156683148564,0,0,27.061332783455708,59.48550691312891,0,0.16486019325033038,584.6367991732951,0
45.76684256494783,50532.70520633821,28.92962809535054,Midwest,Mass,50.60737793620884,0,0,12.568501361143612,62.103627786910636,0,0.5714059285457871,107.86022632405283,0
54.26773712464516,29618.709150815637,29.57477853621942,West,Mass,35.60877115676193,0,0,26.18925241212658,64.84742023860031,0,0.20264217085784342,161.04748495633083,0
45.50313088936757,56220.07887263031,3.501365284247262,Midwest,Affluent,60.507899771713475,3,0,63.09524057245009,50.69310701607037,1,0.5855102931782886,72.72024727911733,0
69.50469467542428,39938.12863898048,22.45255228075743,South,Mass,25.440170653913732,0,0,14.886170882294763,56.111496027061555,0,0.16647034613713868,4.960329338835038,0
38.10077908559536,13342.162586277876,8.689766923657626,South,Mass,43.71580223099239,3,0,17.284834586948556,74.33185724709365,2,0.4889742319892551,27.366047327572446,0
29.475899436230016,15017.888747440762,8.099419892475176,Northeast,Mass,39.5778805627335,1,0,21.439672312968,67.58973638517962,1,0.20343291528636698,447.0412486115366,1
17.319522887802705,39670.95690750625,59.223911937567024,West,Mass,42.07477929067577,0,0,8.095682020230994,56.82152961208695,0,0.7563351809762895,-102.78944388447074,0
51.934936403031166,26922.35802138644,40.56680273965045,Midwest,Mass,73.39062593952458,1,0,18.71207869669039,65.25044392775246,0,0.3969621438404857,59.112508666190806,0
52.1096682426898,22560.76008388645,35.795277078347766,South,Affluent,74.12498569253509,1,0,12.370134090958999,88.35029931798765,0,0.7470963206405824,42.93505623653081,0
25.778211941477316,18505.471847799574,31.669617068059786,South,Mass,54.57911229502739,0,0,11.835538241222698,80.39029817156725,1,0.18953244170731381,532.6617824552227,0
56.202594621935184,,71.06214067280843,Midwest,Affluent,64.79825015473746,1,0,17.648831516678467,86.18820009298382,1,0.25686080848372594,96.97665290485936,1
18.47009982483112,48712.26331204609,33.93261349575798,Midwest,Mass,55.40568224495707,1,0,8.189355769651247,59.824078225925675,0,0.12656043935606923,145.54583634099276,0
33.38068575643923,45189.40729666554,24.894076701519396,South,Mass,65.79283392547335,4,0,34.69217782686155,48.88473974312316,0,0.4038928353469347,46.82211168333442,0
45.33215374523681,17339.251236864144,60.64725880254993,Northeast,Affluent,58.125927831558215,2,1,10.40622386190677,64.73239451413095,1,0.2351522960252591,31.248309224399648,0
43.9391395727002,26235.2432452782,44.858939004226265,Midwest,Affluent,51.035480047494495,5,0,9.281445784750519,72.19133676419256,5,0.08134419201343807,57.73225027575033,0
40.1653066249847,25250.5849772434,28.312436102548485,South,Mass,50.37741124173868,1,0,7.7660653953390675,71.43822279823611,0,0.21627112831211767,-89.62503103347431,1
48.71442943358479,83524.8515859631,29.744024913595453,Northeast,Mass,51.74645956032478,2,0,56.771038769923535,57.923479588448664,0,0.3315345189548619,65.53939427902324,0
41.11982692263558,,52.99770343561038,Northeast,Mass,60.922656545744246,2,0,14.938280564842566,65.43050776942746,1,0.016154362197139942,198.66686990918475,1
39.809224894041506,27602.68567076508,45.96003892584582,South,Affluent,41.29993235075476,4,0,29.338723062125528,71.28525717154353,1,0.4259885997279738,-42.39113089013415,0
36.26002337389159,32077.363189854477,48.7787952926714,South,Mass,41.39980857522822,2,0,19.969232085485885,73.18443632349168,0,0.7668995057469631,22.44856134551798,0
40.972914882924876,29777.69044956816,43.92839963657477,South,Mass,33.58733766179659,2,0,14.175905059439062,46.82454882308214,1,0.4265717924292106,-4.459057803295039,0
28.46947849420654,,26.156709974466807,South,Affluent,59.44344842155755,1,0,15.672762925335991,53.67366504270034,0,0.3178839532933719,4404.00408867946,0
49.912434421000384,61234.09264816931,68.35782793373554,Northeast,Affluent,60.22459450119555,4,0,16.865460783339692,78.74654704130536,1,0.5408242601942753,250.62283007429244,0
42.80920109408836,54040.23466643204,17.29518217384234,West,Mass,58.55565582593321,3,0,100.80186638869822,74.13969365130097,0,0.6906690296859577,21.450747014930954,0
41.03201093833888,67629.4484309412,44.78536989604369,Northeast,Affluent,67.139741237266,1,1,5.5324390485246395,65.71988001054451,0,0.32718826432668313,-110.75988883229293,1
26.464504706276912,39763.10228488753,8.49815466763253,Midwest,Private,67.39359614870564,3,1,29.08645481085068,73.74946373233703,1,0.6355162761320708,80.14005396917679,1
56.32958561720385,76946.26662042044,64.75639067624527,Northeast,Affluent,51.33879335832735,0,0,17.946345962804543,53.38698496679225,0,0.885702819352673,105.9404433430432,1
38.08705409820985,15185.498266731309,52.740596802559665,Northeast,Mass,30.584616220492332,2,0,13.183063923382646,75.81015709864703,0,0.3257043192175272,227.77661015349275,0
52.076547887873986,28133.212902072577,22.651880389825042,West,Mass,37.969292517481385,3,0,28.998604522294503,63.63021170719813,1,0.28699824566634435,100.65615764274781,0
36.960755053599065,13306.727189814632,31.545644428540093,Northeast,Affluent,67.38648224142123,3,1,3.896869881555881,65.66071388577772,0,0.7387502372338414,252.33872120576422,0
31.869420427013655,,33.73775760175164,South,Mass,48.12595648113221,0,0,17.88624321970443,42.29356004696033,1,0.14595659849842943,341.7690476335972,1
55.2852181307146,35966.71378354793,37.497631471733804,West,Mass,61.16374363724658,1,1,24.71887129649923,58.76199984410393,7,0.27666155170385215,141.3990812534281,0
35.35042649759779,45812.22718888623,26.966688149224247,South,Mass,55.05803605451018,2,0,9.797396967814077,69.82990401543643,0,0.3098946276255269,-126.52379120065709,1
44.81327049538274,47724.52299818825,51.13094351439073,Midwest,Mass,33.32391894716301,2,0,16.865656709477783,,2,0.10339280239106749,27.37800609553886,0
47.432017036701865,65938.05420280198,32.87009899737565,Midwest,Mass,46.45119751355821,0,0,24.21761937777913,64.76813817748598,0,0.1607556207141263,-16.600445780418497,0
49.15948494294956,37325.458511020144,21.064120987335198,Midwest,Affluent,56.889311796811036,0,0,21.329234171793814,57.10702050129352,0,0.2433653794822553,218.4788287607215,0
26.258219817175735,17300.40441577655,30.060910413999935,Northeast,Mass,52.69355522335145,2,0,7.0721862116295,55.607775179448545,1,0.3412562138699017,95.72942222076179,0
49.670231818564716,,52.61710903181146,Northeast,Mass,65.98098314725524,1,0,26.101202644607707,59.4378650566799,1,0.1300344136781195,135.8412399741958,0
51.51225952981463,26855.371828763844,45.376717681829284,Northeast,Mass,67.05369166756606,1,0,15.358923424294346,57.200462172419535,0,0.2830094818615714,123.96368137017862,0
25.64252678452154,28041.718634456334,24.11676559912658,South,Mass,69.39642555789615,0,0,24.32659948970332,71.2397147613224,0,0.11514532755862578,136.00685240747464,0
36.893301824393326,27104.17044535393,15.598802937438544,South,Mass,64.90786635631821,1,0,6.029556709540312,63.89599435948797,0,0.34532277351193513,1035.4774308696922,0
37.421357956617825,36794.62201912194,12.755731416767972,South,Private,57.34248587288692,4,0,33.166166342926736,68.39378116086144,0,0.5526046895339755,-15.083309518834852,0
50.980968928591736,17738.67941723337,32.56598146089337,Northeast,Affluent,66.11895517111708,1,0,17.305171094004137,60.274395987565356,3,0.542934975097574,154.11440933682616,0
37.57827993249037,53174.92103082333,18.996731490091385,Northeast,Private,55.0437414550693,3,0,26.270454995838737,61.701848740978576,1,0.395646018863156,-71.15603265624564,0
55.285039257884,12468.777272689207,15.139191143845222,South,Mass,70.07730089989161,3,0,13.338984666357701,36.08544217294101,3,0.10410229008073045,68.14589959334575,1
64.29614415789548,38476.436957501326,17.782955877704943,West,Mass,67.77951854807287,0,0,15.115556302825565,60.027126350996284,0,0.3900248985550205,-162.23058797656313,0
41.83048120311554,,21.69208024229043,Midwest,Mass,47.2628491594056,2,0,16.121066799375217,75.29102920953511,0,0.5258628486011863,152.47002167167545,1
44.917559911383215,45507.81054283834,36.63691409138803,Midwest,Mass,64.38298133783309,2,1,10.390696277495831,79.17707552165872,1,0.8022019241811692,171.56498837084797,0
41.61472974890509,35035.63809027595,65.2057282745526,Northeast,Mass,62.29869920072866,1,0,14.130476354031753,50.36602267610836,0,0.21367502690085965,91.85375676496598,0
36.898875251185856,59086.88499783491,55.46010862845735,Northeast,Mass,55.34702744492427,0,1,33.443492549532294,70.11962709539961,0,0.3717748579794685,377.6906539844604,1
33.596927101201864,77388.77049722153,25.71329106783405,Midwest,Mass,67.25083334232929,2,0,6.7097789625474755,75.2963837157355,1,0.4872177023014037,372.60233448790643,1
21.68776878545908,35499.20833136315,28.144313692022024,Northeast,Private,33.351896066387894,1,0,5.89429764710276,49.24378067826711,0,0.3204701647085217,-126.40593172217129,1
42.28358356317838,28213.507995122098,29.614470000341775,Midwest,Mass,71.17968611418628,1,1,8.469926428644866,53.652952250910786,0,0.21992135640820612,19.977178919001936,1
58.14810940515862,51084.76563027129,61.62599093123888,South,Mass,52.25105786128102,2,0,8.69405069333956,,3,0.42658270497324213,-44.67586377657423,0
45.22964167696586,117174.13435670407,41.16014238986445,Midwest,Mass,53.10964323294505,1,0,9.166002925425039,69.48763845101543,0,0.4981046677839866,75.96472932240817,1
45.62508440007183,28533.275643826422,30.393796921302133,Midwest,Mass,40.955552214554274,1,1,14.68998501529785,,2,0.46325890476278214,94.57961194844543,0
44.94259991757647,28077.160535632047,26.992324131502134,Northeast,Affluent,21.4102054830257,6,0,26.75524369792031,54.609264838547105,0,0.37301503713553374,466.86724680542795,0
65.28192947528754,38501.765936539625,46.62254217890122,Midwest,Mass,65.18338747480969,6,0,12.741145855324229,50.71391817740054,5,0.4306618877981268,-35.481055001770784,0
45.59277638466719,22066.329575559004,23.718216038289928,West,Mass,44.99359319245764,3,1,41.66077213479056,56.27960810373784,1,0.685324790405683,63.00233706768887,0
28.764762598878878,16932.62187889525,54.74673999355201,South,Affluent,58.95170252656989,2,1,14.901264150641332,65.5828751044243,0,0.4986818083066636,105.53701944851484,0
29.949158650809608,43795.618257773865,15.208483286354667,South,Affluent,58.638353515839086,3,0,20.56569947506658,53.80294223332939,3,0.2770754617364693,211.33602402832412,1
46.72191603808285,34721.185086876205,90.15012862133322,Northeast,Mass,42.387349920038425,1,1,6.21407441599071,75.29498271127956,0,0.21704728532437637,72.3719881500655,1
39.03744209776387,54255.831686480495,21.29953607394446,Northeast,Mass,63.61458109635185,2,0,8.548115294244575,76.57100255853402,1,0.6421774026497321,471.86485874874677,0
38.936487634107905,17706.901683432374,27.593409282412424,South,Mass,34.04230422807486,2,0,35.1205697314679,69.87967261135492,0,0.4217993677246953,-121.87925235515522,0
32.04393756128616,30364.79542484138,45.47664833907851,Northeast,Mass,57.458598238615586,1,0,1.3164901199343322,53.77057852318167,0,0.365092638274858,135.28207662673213,1
55.989612084338845,22937.904009654536,18.412169101449592,Midwest,Private,49.59420287401277,0,0,23.985242431191924,65.58212340240904,1,0.48751884246344307,196.29426799874707,0
31.37064996068036,28772.073246025524,42.977483789429066,South,Mass,34.32617881832641,2,0,9.209305551515772,34.25926091470931,0,0.08489853138217439,74.1094710070293,0
43.21874305945823,26636.953080775576,38.07015400043542,Midwest,Affluent,63.39371381346584,7,0,21.07025229805287,67.91660900427689,0,0.149052373152054,261.6731328332253,0
29.60454511106547,52830.646829719735,40.100770634771315,Midwest,Mass,46.038984226766225,4,0,24.517721505619466,65.28122072403812,0,0.2327587281491944,94.79583389451945,0
24.204515091945417,13702.26619783981,20.437438211645688,Northeast,Mass,63.4873665396679,0,0,8.611149920756807,70.30559669169556,1,0.3381850382748202,80.75002141586059,0
73.82637988733106,68193.88728938968,80.61099044392802,Northeast,Mass,54.11828454942867,5,1,4.680561824874299,78.65957077089463,2,0.6156641428002545,148.50211256107798,1
37.85995695853408,49655.26128512706,12.294845963678563,South,Affluent,41.24062052168746,1,0,1.700979328103596,76.82395625189419,13,0.11331201724872286,316.13974322993215,1
57.25032252287473,14572.063219614673,14.015640004132774,Midwest,Private,38.25986511618256,1,0,65.73055163753077,93.28388947188746,0,0.5052703992978911,2.2726518851217463,0
28.06975324679076,7893.695805070879,19.5113926459032,South,Mass,44.973470510098174,1,0,6.663863651572866,80.56649824912611,1,0.7021308002717653,587.2245423613562,0
34.6179036508776,,62.97931714478405,South,Mass,52.20516286536287,1,0,13.181627566832361,92.68490703459793,0,0.7973274121908974,165.7000361488224,1
60.57403909641418,49754.76631548823,16.288094731146916,South,Affluent,62.65425399662898,1,0,25.227557728436153,76.17122975535126,0,0.36592214802266276,-14.155433803340184,0
26.81085167055801,11383.249761797124,9.641967816951329,Northeast,Private,91.30281418825409,2,0,16.713708705489605,67.81541727149082,1,0.24375542606196288,-85.18585515239977,1
51.80067011972141,124486.59533009418,44.36157938737902,Northeast,Affluent,60.6771421338128,3,1,12.250934298066966,35.202829007331104,2,0.4076089814584326,-46.167318601738955,1
31.61467605971752,36837.606352004026,62.568015960772584,South,Mass,68.01748408863529,2,0,19.879334550978466,82.01544636910656,2,0.4578625081473349,-59.116062283930816,1
25.780939371276425,11334.083163922132,22.847910704563652,Northeast,Mass,47.03057228375894,4,0,6.7803535288155174,73.28205983095552,0,0.16045962191233706,239.84148304049978,1
52.901534527858495,61985.72382851233,19.498707595960447,South,Mass,51.96526411131185,2,0,5.286783013628277,72.13854404471606,0,0.560864182391161,253.2993914398018,0
34.32515495914181,61044.657572077645,11.502495204800585,West,Affluent,49.764448017316695,1,0,31.402320164549266,40.64467773714595,0,0.5036788556200857,162.29993742721717,0
61.951747193018186,32391.636599205412,34.89178936647275,Northeast,Affluent,86.98210032921125,1,1,12.97980757355429,72.52885396047488,0,0.4010521587236725,16.341764580358557,0
35.674357831004684,57522.48714287651,20.567331869260272,Midwest,Mass,50.41233875257427,4,0,25.038079914860155,63.3543633469604,1,0.37468006843047474,378.0280409478032,0
33.94218960301079,29565.48101936924,22.55001747137217,Northeast,Mass,76.95133120804124,1,0,58.17126111203669,67.29663615347543,1,0.517666115523499,166.83621511867432,0
29.519936974262453,21434.317901528993,35.45646829882924,South,Private,58.638989833900894,1,1,5.11381081163368,75.32493402329581,1,0.8170010544812754,254.05151659230148,0
47.863515609244544,25714.173697142352,46.56539201845856,Northeast,Mass,75.85576817816762,1,1,2.712892189203556,89.20739225727766,1,0.4290679231857791,347.1258329066462,0
51.70443085085827,,19.437410235677394,Midwest,Mass,64.55162705581955,2,0,15.146600636327662,,0,0.37282025812452424,137.46069162147603,0
47.62951082831804,60192.74140328757,56.041783419834196,South,Mass,69.14563068250105,1,0,15.913934238313999,49.546264641059054,1,0.2492900540838023,589.4566328087576,0
50.590985695576116,76402.928164901,64.56132404392038,Northeast,Mass,71.36987487618329,2,1,17.74857048376992,54.015584369359786,0,0.39795826939701995,260.9748565541117,1
36.29206108408207,61163.530179356516,21.052704800574823,Northeast,Mass,57.26577300180269,1,0,7.064033179946202,50.82102223294506,0,0.32509014401559344,335.3798556997742,0
19.965177882365946,66204.47435087671,8.522249867259397,South,Mass,60.27170955460924,1,0,10.96642147719087,69.78413769643953,0,0.6328074416712371,110.68729775733259,0
40.7535592565905,38808.646061037114,17.614018175519668,Midwest,Private,43.626379988002114,3,0,9.049175487121719,,0,0.6270225518038893,239.87178365294767,0
23.318319063178688,123287.50670609341,2.9493271874163014,South,Mass,18.226396874726422,2,0,9.933374611652932,76.14191444172658,0,0.26894322733374015,124.21207765263044,1
34.35673142712312,17845.187783538353,24.26246905729424,Northeast,Private,34.659214550161266,0,0,25.49054916094703,73.57523870087049,0,0.3905222740030554,30.983790404378396,1
39.960698984053536,14334.22140846722,18.185894092862274,Northeast,Private,50.337414962381175,2,0,15.089262690254701,60.85772959687033,3,0.5658691332579566,249.8517609626963,1
38.77855404372156,16623.383974097684,27.52606263552194,West,Private,40.71130232730435,0,0,23.84629804623817,35.37597988159265,0,0.4114512023608831,95.81364682534799,1
42.35771627849746,43400.720622003646,4.3515361787500995,Northeast,Mass,47.76101999455537,2,0,24.354384689903032,66.57338333788114,0,0.3087828373838186,67.71029504130772,0
63.294153939930354,42125.47624705892,25.12538814334329,South,Private,37.846401626338555,3,0,10.686996123309314,71.2083112520158,4,0.40542505606682006,240.0113287934714,1
49.27814281406224,12051.011031954029,25.744546240824334,Northeast,Mass,57.21617877038901,0,0,18.534817624136142,44.80470479944422,1,0.4293018104349762,74.73655342398033,0
55.66782871017361,,13.473304525301891,Northeast,Mass,46.555386978535516,1,0,21.970766203538187,69.99585617313872,5,0.8332850082602721,90.85105738099043,0
47.97373824743021,19062.34922720699,13.228743351260803,Midwest,Mass,72.83717738819455,1,0,16.520827240214164,84.93414861714926,0,0.6392149853505998,-158.3085340178306,0
30.786734769797327,73486.04219936424,17.100047207991974,West,Mass,59.78046856992776,2,0,65.26666256285361,88.28602768444959,0,0.2515435561408174,230.94257738827352,1
39.95215307124952,61354.27256556348,27.268734239795055,Midwest,Affluent,50.986563800733634,0,0,34.46287110293717,62.884457604919454,0,0.4834662426336659,3359.880381060466,0
52.24921196747358,31072.515461821447,14.870853806478596,Northeast,Affluent,52.18801846145674,3,0,15.516482079617122,76.89527200995953,0,0.23406621439893757,-3.5717781738601673,0
36.568244246301404,,23.214653923170918,South,Mass,56.256986421246815,2,0,16.72776712117129,77.93623938971355,2,0.365085137806127,-107.91163395380445,0
49.7511539138719,23256.198190981202,37.574008529515474,West,Mass,81.07570386262059,1,0,23.445791405563135,79.74500356751531,0,0.31691809893981315,-2.4141937559870854,1
61.24827498204938,26317.260157795703,51.67330763906712,West,Mass,40.02805553656273,1,0,14.334070682349676,60.131290919102305,3,0.5247623159052197,300.05144175769806,0
17.198837911250454,,12.5264218612304,Midwest,Mass,27.08425526004812,2,0,13.881498655765567,69.6483922671597,1,0.3817903791014208,32.806480080434184,0
32.67812318763487,145021.88354338033,13.574704236707756,South,Affluent,57.05492609290781,1,0,6.940966906486312,57.91755546587551,1,0.38062839390849756,156.12981772085902,0
23.467168258842786,62512.8264962215,11.91400694923538,South,Mass,56.99390775381194,3,0,9.265117319851905,51.64068871294695,0,0.4530962580432033,215.7283249271821,1
29.299282995317927,31807.8834526979,31.38352886258004,South,Mass,72.27460820595539,1,0,9.309399295529335,55.26086945045676,4,0.20080526545526148,238.85360865150312,0
34.9218062891872,32858.41730098157,45.45813373946384,Northeast,Private,63.94158674219226,1,0,32.052037508872566,72.51194638347114,0,0.26146801285265364,175.7248929177927,0
60.43471074542926,85021.33694173518,48.29486360626394,South,Mass,49.38143015680543,0,0,9.800892824518076,41.54871140081719,0,0.3198947740011284,-142.42946595841116,1
15.875357039415753,34590.46247992959,11.580367889388521,Midwest,Mass,72.6301280022602,0,0,12.029779672121153,58.07362207011973,1,0.22751684714822223,9590.950493141907,1
50.75794089570485,26353.87847285004,26.09803264718881,South,Mass,81.16888728973137,0,0,12.410401499951801,58.33530848708769,0,0.5758564793211495,214.7879833647799,0
59.27374790603465,7980.066577338497,45.4120007599354,Northeast,Affluent,46.33092338630146,4,0,34.67276774277897,49.598264439412446,0,0.10620913614336785,4.753604446125792,0
22.783325223441267,97035.68996279221,19.01777524107085,Northeast,Mass,65.28498859538838,0,0,16.990109008620692,67.76685013278437,2,0.4759680824040288,557.304489360363,1
57.35984630933749,51461.54645498924,29.76916149465812,South,Affluent,22.175101868537983,0,0,7.601593634240781,,1,0.43936131095856706,49.90231422083886,0
20.988396002129793,,29.58873454660382,Northeast,Affluent,45.71049553532918,1,0,15.330111678825181,65.569568772095,2,0.3716012327344575,121.32352769889366,0
22.92943085072237,51156.32875852981,50.492756608086346,South,Affluent,37.82311174950344,0,1,20.67823701735275,62.90653257041524,0,0.3475080978024269,167.42672796887123,1
39.9150086120523,,40.08439385380379,South,Mass,62.29146477443419,2,0,3.8142148432034357,67.2349819587225,1,0.6831709041835652,81.26273179214698,0
40.60229356011012,28165.466479900457,24.636578211658165,Midwest,Mass,40.76919562782769,2,0,18.033978347207345,57.84446875115904,0,0.46682137049297534,51.91768072550782,0
21.78981105146071,28606.215784669013,8.630895733329545,Northeast,Affluent,48.14391831243213,1,0,185.06992140565336,55.225745938917235,2,0.7801389730927145,121.84912414225428,0
28.80860113846549,33440.690981869135,40.092830710973345,Midwest,Mass,55.717243757069085,4,1,35.25024232240222,57.47130420141742,0,0.49105117577673574,1206.8890688852853,0
73.62937528862439,53783.45668382969,12.451551063339167,Northeast,Mass,55.13103597991189,3,0,11.436546073080223,49.17788892199502,0,0.29813944401456116,134.66155869043905,1
25.517560630155366,19164.828634192276,11.171176146489703,West,Mass,90.827964613146,2,1,74.61613924619749,71.29528897721735,2,0.5890776289840661,150.8881159053949,1
50.461629594623886,24447.473252054584,86.81192351906402,Midwest,Mass,47.719337576282406,2,0,5.4958965378289335,74.38673742328574,4,0.4578854586216434,101.05867426054283,0
45.3264670799435,46600.72506357501,23.792639320639207,Northeast,Mass,37.99690632605271,0,0,59.321852925418895,74.37974203433221,1,0.5117109613912264,196.66443346249918,1
79.58997496244444,28716.920208723055,89.45752477237926,Midwest,Affluent,67.83757413813257,3,1,19.678103554977113,59.071672779698936,2,0.5432861514322188,59.07930066335871,0
37.925393866971945,36267.26252062154,32.924270106640456,Northeast,Mass,24.080483575816704,3,1,9.33790452441472,60.910135950185094,2,0.6634844948373148,-52.59963843456757,0
39.67189459982652,30445.73310504786,16.943126685355537,West,Affluent,54.338881115327126,4,0,17.199612976706153,71.50163404772252,0,0.41098488706541986,63.558247312758795,0
37.768775155281055,20726.890551047014,24.7442918460051,West,Mass,53.97580883552602,4,0,23.858729168959268,57.675392259457446,1,0.671243206944309,139.10197301181668,0
43.07387362670284,43147.18063396466,14.640479388885797,Midwest,Affluent,55.074981321696235,1,0,21.25732059406867,77.48793765709344,0,0.42125769572599236,232.56747818239904,0
34.78586433011751,26508.794975729295,33.354817191311106,South,Mass,38.16066317351545,0,0,16.35925187335698,52.715521866068734,0,0.3393927157690907,-69.11058239111449,0
73.43491073283006,53925.99465390731,17.86291848972183,South,Mass,60.90737420450658,3,0,25.973585037694246,64.15349141362263,0,0.2017037051661773,-84.8203074554279,0
32.749120818019314,90541.36639284229,19.426332465617477,Midwest,Mass,55.17736942788437,0,0,28.232103066649145,60.30571687821213,5,0.21967863497673723,146.86893776426615,1
38.13828781329335,37869.556451536955,40.87191120951164,Midwest,Mass,49.39687586419181,4,0,2.8595031932590276,70.49016559510355,2,0.5186280306918496,-34.91177349499715,1
39.90262223417291,18395.34024674731,11.44361119970261,Northeast,Mass,53.4726869441375,1,0,44.937119888823325,71.48001594714859,0,0.6957225297279271,219.02420771716618,0
66.24068953549398,14616.381046641747,37.97053795339985,West,Mass,23.526827040098333,1,0,19.092026295467534,40.35971205028842,1,0.17704504563787996,44.15148980126652,0
37.354332058025165,10934.338635363694,70.4479476941403,South,Mass,46.77809774489486,1,0,16.647607577998915,73.03622889589184,1,0.34903745288933213,1404.477263345638,0
48.798009345354764,15342.32615912046,50.60652296694395,Northeast,Private,34.30369767198105,1,0,30.12335005555914,72.68606808957915,1,0.1251866558541634,82.11761361878365,0
47.648996556555545,52103.50073150327,31.78198019713085,Midwest,Affluent,54.47434346393608,3,0,28.827794729170872,71.51750065809235,1,0.7017205589799015,52.9322641325837,0
52.839370411181214,94476.29312344904,17.76423661717467,South,Mass,47.11262993144222,2,1,15.530638185665458,71.74330129807072,3,0.8303337437801935,55.007278126656914,0
17.615899218325325,12801.872964589129,21.01186482296072,South,Affluent,47.410142632815734,4,0,1.4263275188387379,78.2090256137128,1,0.23703428739689394,142.3946320243789,0
50.66616893405378,14114.787166878084,33.363420756133166,Northeast,Mass,31.423807610541758,4,0,16.638030548589395,86.75564545740501,0,0.46400453813962833,329.8190003020265,0
34.855890868100346,12327.20678091219,18.068638596897763,Northeast,Affluent,64.33085990641094,0,0,9.224081241512303,29.361244638944534,0,0.051939004345542265,45.21719098926812,0
40.127904096694905,48982.314393144596,13.988259068636372,West,Mass,93.25054568153205,3,0,18.40932874689855,83.48396244298618,0,0.3959263136746442,405.6590267201852,0
45.259558837134485,21651.391054620784,38.12236484172812,South,Mass,77.4572940189732,6,0,14.04473341251387,74.25351639974302,0,0.5955479907739584,128.83304213603427,1
52.53242393669138,74374.53735575762,9.301329556415041,Northeast,Mass,68.9025632260991,0,0,10.21804264456501,52.14435761020653,0,0.18126531795050732,-20.799473243982163,0
24.873327642568952,16935.887105464368,15.956716947118522,South,Affluent,43.78390383537,0,1,50.538294841347266,67.22202866763611,1,0.2912261476421251,336.71370659695333,1
32.48855154473504,,85.08787404656009,Northeast,Mass,58.95795899581717,0,0,14.96436690038414,69.50789408244216,1,0.13398626466632418,-102.77450069780565,0
73.87997249609614,28088.840027228984,51.04417413319877,Midwest,Affluent,76.78355417826363,6,0,11.72367440278652,38.684704259714685,1,0.4412428399220208,174.73868747674197,0
38.29138186803529,15345.946261351977,19.741351092185635,West,Affluent,56.408154178820425,1,0,12.573061890640359,,0,0.569942882547358,-76.29440369800436,0
37.15807051369374,40750.37933600809,32.91691268079032,South,Mass,56.079761060838436,3,0,18.944783383752366,68.58016988762627,0,0.2554370500236161,133.29186656517214,0
32.87829866708211,34061.92205150029,62.02338408306531,South,Mass,60.16195501954276,1,0,8.039792411385875,95.4836544927069,2,0.17174152833122802,-98.59682214960866,0
32.59103806365722,30162.057472665423,32.576894635158666,Midwest,Affluent,72.59899069157247,1,0,2.474282633308684,53.77909377874256,2,0.6135333107356383,99.75865500668026,0
39.32028745984103,11401.677363915558,80.34874739783596,South,Mass,34.85612699487999,1,0,31.347270344166514,81.07690761952782,2,0.17033486901858258,244.46572532188742,0
58.9546653912836,8290.9859623237,6.257613497953551,Northeast,Mass,45.01450826305687,1,0,10.373677655284657,62.644796695991644,1,0.4549779126086179,121.09199157947533,0
32.854052056139224,39899.58907837935,29.94967683411846,Midwest,Mass,33.217816551291605,1,0,31.571380033628323,59.08975087782548,1,0.30871617060340284,229.93739818481998,0
38.86841774074397,16664.329472000118,21.838199061253054,Midwest,Mass,53.88075596300639,4,0,20.320308978477048,80.44449513496201,0,0.4835605531460393,211.7255939815311,0
35.64439218066294,34620.2051913838,50.38451025407078,Midwest,Mass,55.32910645371749,4,0,12.359788312489927,52.51965179296498,0,0.23368446951239263,-86.74820707630039,0
65.28142413127068,109752.8833726675,25.683856442051336,Northeast,Mass,84.52058932445809,4,0,7.5389823211445695,46.16158532014701,0,0.5339236427214414,116.76482032832321,0
33.45648989000202,30105.048241228535,20.346317898109668,Northeast,Private,46.88302978450426,1,0,18.289641597184357,69.25333016476834,0,0.5872524907472518,113.53099785668356,0
42.08822024432267,13234.359254993897,16.99611882821137,West,Mass,47.80593041134584,4,0,16.21741199536517,67.7041563405998,4,0.11995690816188374,101.82956803356744,0
38.92630690995577,77722.23889280065,36.129260616496495,South,Affluent,46.58399388772454,2,0,21.789039168144402,55.72316491345369,0,0.4280847305946111,1792.686220613576,0
16.94863840575075,27533.653157007568,10.17671106496232,Northeast,Mass,30.555583494065363,4,0,56.559471164315106,71.39819017092884,0,0.3088908118434417,214.88956908599712,0
22.515799695251754,26332.67143078637,44.064756458577044,South,Mass,53.28421391287625,0,0,14.953003139421284,89.9423941633571,0,0.2047336815710996,259.7039082368224,0
44.5740849383202,18519.80058213581,22.83035806379596,Northeast,Mass,17.543398678979475,4,0,17.045189791869802,64.75113514743617,0,0.29693294062346665,-26.025557316928385,0
52.48503856208174,13724.911973338474,2.057800606256495,South,Affluent,49.06121631118935,0,0,11.376269180576799,73.03929791073877,0,0.40594821817176807,299.34491069386684,0
38.585659549768366,14307.414156639574,25.86091356959669,South,Private,37.18847702075979,2,0,10.686059629337166,54.69600227350371,4,0.3009365477862577,174.68491750048847,0
41.42235567090568,40560.81252581503,15.025784160759281,Northeast,Mass,82.50531122566946,1,0,73.27706991387275,74.3038699982027,0,0.8326250183886501,22.588801686574175,0
35.08789088342456,33603.87615050698,57.94412527998484,Midwest,Mass,67.71187724596655,2,0,59.148490292763896,80.3911984628669,0,0.2815790186003586,127.74800343037208,0
44.069222835307905,22882.851176022028,18.656380466419343,West,Private,61.620692415042114,0,1,8.87495445952037,69.66092124211183,0,0.35111154227204827,161.52358612292,1
26.43261339936201,75028.06866775021,44.744973443949256,South,Mass,66.08648181807672,1,0,19.741986663872506,68.75269840590417,1,0.8601127948004414,222.34019535581493,1
49.20076326741107,116973.92871831375,35.4820581791014,South,Mass,44.79841308844036,0,0,34.105446222050425,66.45778751426526,0,0.3941055441323008,-6.3586254580201285,0
37.05939950125811,31018.818609055463,40.481383102659095,South,Mass,55.12745551076795,3,0,19.263226733178985,75.50455649113323,0,0.44810928955492996,52.009899669023596,1
36.45578322505373,60952.11630602931,17.233830941972194,Northeast,Affluent,36.218829788256784,1,0,22.607377467154627,75.38635612659667,3,0.2950215461355928,162.29205914076752,1
62.84641100543974,38430.845961605126,7.131659564146031,Midwest,Mass,46.44023859949898,2,0,5.9071327975213475,89.48280908310109,1,0.6101367633128796,235.60061140998096,1
25.99774152261848,50344.88875665041,43.28174944790977,Midwest,Mass,60.79715763587962,4,1,14.390735641229536,78.93394997136869,4,0.6789668880709093,175.53888959476174,1
39.43068866230175,31682.380556770775,22.68116923251326,South,Mass,60.31122125313375,2,0,10.24031934848381,79.74919731938084,0,0.2033797474989675,-44.15507414093533,0
45.46230381754155,29684.85716354227,56.92291416682315,South,Affluent,44.054902543515475,1,0,9.577681346193184,74.23888063693818,0,0.5681440894458039,223.5785447034957,0
42.142487911920156,17676.2905487214,30.62090159209164,Midwest,Mass,53.91483188957665,2,0,44.72045681960524,61.52165636035281,1,0.49672213795422143,7.095115613131284,0
48.68992322255875,55613.991425027685,6.2854435253958645,West,Mass,63.871011731895045,3,0,23.281429073323654,56.511727018641395,2,0.29864935443020335,85.1000790370574,0
43.92317618611304,83563.29386301944,20.029370302036774,Northeast,Mass,84.06841014796072,0,0,15.789566065562033,57.814168952386886,0,0.23023031428943963,58.263622850450524,0
43.9714420622648,33606.43112331422,36.30053341436726,Midwest,Mass,55.10095457791402,1,0,16.58970471180632,51.29925779459988,0,0.23250811035001648,101.06387170572178,1
45.90084682597943,25914.874029457475,48.41998947074978,Northeast,Mass,62.740674598431816,0,0,8.143910792186,40.93592089224448,0,0.6490397368116233,207.288126989526,0
42.740652091175924,25566.712023554526,14.013504348917262,Midwest,Mass,34.412156208057645,0,0,41.5276007717586,78.13818421892516,0,0.6418940048149121,61.29077291370612,0
30.932402506259642,44818.396069283954,63.64061563265912,Midwest,Mass,44.404738889613,2,0,14.478409374912276,49.86059879385335,0,0.10307000482991989,60.744989029319655,0
43.444710760570494,83092.9962662098,3.0974127425880673,Northeast,Affluent,60.51032534677342,1,1,39.90613307839809,48.52528049161732,0,0.6976055128217722,409.1936802238306,1
43.91306052609074,87481.69929306566,33.07091881764098,Midwest,Affluent,50.78531375329056,3,0,16.633489203514007,62.05252290842857,0,0.06888217965589274,82.28486306783485,0
45.10109298066374,38303.64960185978,17.998719646869603,Northeast,Affluent,55.492604801330685,2,0,12.258711486718889,68.4327053344559,3,0.6922051837858134,103.41448801881762,1
41.041168137572896,17493.762944598926,50.75898768763816,Midwest,Affluent,59.29178275947757,1,0,17.58913502601844,68.10471967248564,1,0.32420829615066005,251.16816333154924,1
19.923698215710058,88092.74407329275,47.70205070520939,Northeast,Mass,44.28484430711571,4,0,31.31402341477819,,0,0.41986891388493264,140.6412999833924,0
49.071935205338626,,26.759612144809036,South,Mass,44.79107845288588,4,0,16.851908018396117,61.09046088929247,0,0.2235108997859516,-21.073621603841858,0
50.459483773204596,28671.831397506037,10.001062814121994,Northeast,Mass,49.60982436249199,2,0,26.974504098532577,85.82161167551509,0,0.21503136627120895,310.26908582343026,1
44.17102639386708,72594.48160920748,19.40346927406051,South,Mass,72.88045484278234,3,0,32.988311480940695,48.374724571399454,0,0.5945879387431878,-41.25436039020154,0
46.78265386696755,70421.9038970602,39.164581414844626,South,Mass,41.92637162923692,2,0,6.727365992158997,62.722977880275295,4,0.10569746121432624,214.10442620239044,0
61.99606502819601,18400.09955563133,41.93460311478068,Midwest,Affluent,44.88464159786696,0,0,19.85398961052713,74.2208222323407,0,0.4876167633084485,80.69843941981235,0
32.66027949992219,22046.240885311974,33.663756220727876,Northeast,Private,27.967119483915212,0,0,11.556551672944304,43.208722735933776,1,0.4899593500773029,51.15185112474287,0
65.46946293690829,18216.54881633727,51.07047214402482,South,Mass,37.49903580203297,1,0,14.894786674855219,42.68845382665864,0,0.641286122523276,225.08868527623224,0
30.5435642086006,80957.97225827056,23.32732426258177,Northeast,Mass,43.1155323621737,4,0,20.443198819654818,,0,0.16076940838082102,275.6579649169494,0
33.94620561827532,43644.197874683654,16.1917409637739,Northeast,Affluent,42.55284527689059,4,0,12.06134390791252,87.31490986663947,1,0.37924180328318075,228.78957359520965,0
55.722353811179985,,7.970309230455966,Northeast,Affluent,27.411734504251015,2,0,2.516648907866772,69.24995340791172,3,0.43002680798869863,107.98497402703049,0
50.6663804357928,41308.68103656783,16.058105861815527,Northeast,Mass,52.784965250366696,7,0,14.856059209721419,75.00110159144425,0,0.1850704300935689,153.21933511316104,0
40.42538936112752,32142.686945087786,33.19974323397496,South,Affluent,40.75327576455196,1,0,24.12724130493384,46.398685725950955,0,0.33242266289802475,281.2746495098015,0
31.891148603357735,24184.91841385939,35.234155212701765,South,Affluent,57.474532924556925,0,0,4.7236574225910095,58.184206632013606,0,0.5119654160342084,26.95645945594932,0
63.91865994151766,84661.30954281944,20.76106951881369,West,Affluent,92.68947805973373,3,0,24.30048532221772,62.31119661805599,2,0.01010758379062289,20.683205897509282,0
65.48263032165399,50679.961243374724,4.8146434559880795,Northeast,Mass,45.36465961083342,0,0,6.8459483295685155,52.32233507922783,0,0.34195125370030394,94.60889720156624,0
51.07204285531593,54461.954102871285,20.030199284765647,Midwest,Mass,59.71873051396863,3,1,16.74150034761369,67.44232570053607,1,0.6388225987201701,-39.438345501062805,0
34.997328355738205,25541.109915111643,29.32125714765752,Midwest,Mass,27.368401208961153,1,0,48.860201859712134,52.5954294583129,0,0.7740574959914224,-135.63359996207387,0
44.67332251939756,20441.05649309394,42.52919961626519,Midwest,Mass,53.85266259875254,0,0,48.62444905701829,,0,0.6048748990071384,14.87611104459615,0
44.523567200940505,19938.100621773432,21.413770402684868,Northeast,Affluent,71.87130554531802,0,0,18.27646151008634,67.53280134709362,0,0.16416449547775597,47.70702719270811,0
44.08748049027973,50629.629081274536,12.490124661548919,South,Private,52.61245805901708,3,0,12.280339050422446,54.77269966648457,1,0.16830580079260607,260.33226209136245,0
