age,income,tenure_months,region,segment,risk_score,num_products,is_premium,usage,engagement,complaint_count,credit_util,y,y_class
30.296305605462496,82087.16072349223,13,Northeast,Mass,60.82965949335322,1,0,23.488190791951475,,2,0.5472753659115793,339.33262911489936,0
35.884747647455946,73124.66013593806,34,South,Private,52.47841232573661,0,0,22.42651048780111,72.03493694737837,3,0.5058950239027548,172.00355301909,0
31.748954571397697,118299.6237980536,43,South,Private,36.33763030205146,2,0,34.548482923467034,71.93725771081375,0,0.19751958531727484,82.66501445321911,1
49.918918385152175,19437.93228657787,52,West,Mass,42.24790249447725,3,0,24.794166533589923,54.52369116270762,0,0.07082200361582079,27.031515934076292,1
33.92988520776648,68353.9071752332,26,West,Mass,24.484391150638654,7,0,15.947123290953884,76.79477513196638,0,0.08786956103148329,49.13177689587042,1
39.82288972906194,19507.4000467628,33,Northeast,Mass,50.10003665340778,0,0,15.902217791854032,48.244713729244275,2,0.29138553142068885,68.25030494345413,0
36.37791947948623,14957.465261870057,29,Northeast,Mass,49.27996518500623,0,0,6.065812363432932,58.029593688895325,2,0.3440722729258819,69.81833558643665,0
61.094142353879704,25789.650315950916,53,South,Mass,53.98572284233161,2,1,9.478503880502934,65.18145455190762,0,0.29182740915491423,75.27977990993581,0
34.32901929070801,14819.667199583831,27,Northeast,Mass,82.41683844715939,3,1,5.153492108681314,34.15631527093926,1,0.6689985724770457,364.74221627272334,0
37.16975923363991,64964.44781080836,31,Northeast,Affluent,28.802694440056978,2,0,16.075219067176775,70.01292035129809,0,0.27376430470886215,62.97692966164003,1
31.547466372970636,22293.286023826964,45,South,Mass,57.055045627290355,3,0,11.017314737358006,63.157063742192,1,0.23467923607856286,66.6867000373334,0
41.7805355664078,37957.7985255173,14,Northeast,Mass,54.7056760068519,4,0,22.851390204922655,37.48576315651666,0,0.2976081478081462,111.83255584849593,0
37.981007920058595,35098.85872714907,35,South,Mass,53.398560403093896,0,0,13.91638207395291,56.759130892101396,0,0.47873477997200115,169.52021956128146,0
38.500335980429654,24761.07454342408,16,Midwest,Affluent,60.43472493712684,4,0,24.702217097020316,61.51654709964723,0,0.5841060582592751,281.1299408940946,1
18.0,33223.16424363476,2,Northeast,Mass,31.630904214934787,2,0,19.002235708449778,67.15637003949949,0,0.36819223984151966,46.69557077196179,0
31.264491129235605,32923.83689918645,51,Midwest,Private,71.17775383603193,5,0,26.862552664555427,56.13021499323323,0,0.4623231790113815,538.4094659997199,1
52.544274318240625,29605.117194742874,23,South,Mass,61.729642889731316,0,1,10.313980810126667,71.71195238259928,0,0.421872216838253,65.41109966563027,1
46.96674488148522,41550.51942086728,55,Northeast,Mass,36.02754019154892,8,0,22.496635797745807,78.36827115996998,0,0.08390307220204166,31.46355095164384,1
43.58755352409451,,19,Midwest,Mass,78.14459077998941,1,0,12.27584764565313,36.67254983898496,0,0.46628947163000517,253.57961897202577,0
50.98364745748591,,25,Midwest,Affluent,37.520300380036055,3,0,11.795518848079132,68.37271347980385,0,0.3566250300099976,65.64718632547307,0
37.12925993052399,108937.84965829898,15,West,Affluent,37.82120795032618,4,0,77.11883115241608,84.31448364736697,0,0.38045354591961195,128.1963940274395,1
38.27577345782425,119389.81018819587,38,Midwest,Private,37.01126041501361,3,0,51.77460967154386,74.86716792783287,0,0.18931063681721907,63.407235040358266,1
30.49555208715522,14000.0,15,South,Mass,59.51703729320661,1,0,7.4666485418812245,,2,0.3620181064408879,75.13143576476881,0
54.819389989654695,20653.092127523,36,West,Mass,55.3799396124703,0,0,5.5775656484671385,52.757523879954206,0,0.40318187797320515,49.61507873646909,1
62.765790749589826,33292.21101129914,64,Northeast,Mass,50.24624800676781,1,0,6.007361901961506,70.03060646077482,0,0.4019192498091486,51.41609157790024,1
34.46331654849793,14000.0,51,South,Affluent,75.92067546533657,2,0,4.322181481762886,66.52127040804703,1,0.7071270769674918,155.13694942626273,0
37.4625015285455,31673.716125354018,29,Northeast,Mass,44.09731806407417,3,0,9.734235802304697,70.20760582487246,0,0.46942319003938854,71.86207389430638,1
28.486082101633407,33522.318126626786,17,Northeast,Mass,50.62662829745276,2,0,23.43376620610579,72.90749516654867,0,0.38279377950739674,87.7508496188038,0
57.21481832721426,83173.10455902047,49,South,Affluent,49.094236431151046,2,0,15.65452122715027,74.1089035037814,3,0.12448884985994363,91.21868278617082,1
34.99337365716027,41834.29319500686,17,Northeast,Affluent,56.08485916020867,2,0,21.30491061761779,49.85481940475381,3,0.5730693134746683,322.9772660962435,0
23.60846859975204,,25,South,Affluent,46.23047354845435,0,0,18.93083278827467,58.296137650399416,0,0.3159485758905397,52.39462202329945,0
45.85983452108809,25921.30473602868,53,South,Affluent,62.388272450343145,6,0,6.960353129361267,61.56496185300465,0,0.6788389928697194,952.96377436301,1
53.39755028268665,18691.902571920014,32,South,Mass,65.25646776960953,2,0,7.86070782408059,66.17655399817829,0,0.4345236945996534,81.30532744131887,0
22.79103842594503,49682.24268983704,28,Midwest,Mass,32.57685180071326,1,0,8.849267034968657,74.25277819560127,2,0.15735357861254368,44.83314834873682,0
52.95119981623173,24008.23785335898,33,South,Affluent,66.068849291569,4,0,12.018319437367909,63.573201210551,1,0.4937441025175649,176.06056560955224,0
46.90073480747336,50232.54957247405,18,Northeast,Private,42.85039591853977,4,0,14.657106396009247,55.40387799472344,0,0.5014707404943841,163.24428361757978,0
33.10235730890444,24275.01839286281,26,South,Mass,56.13901112337425,0,0,8.705313589324039,50.9625907655957,0,0.4834991971153702,93.82551827646351,0
43.88475185554413,98399.86914663322,89,Northeast,Private,56.52904553701073,3,0,19.566709858124238,72.98251413310953,0,0.4693206431377581,211.51565146759737,0
31.7993946788262,19677.350811634256,16,West,Affluent,73.21786334796452,2,0,33.390323268185305,67.63865074162943,1,0.6415181572277443,244.56692620802053,0
41.42774283976078,14000.0,17,Midwest,Mass,97.29795121842328,0,1,5.6755933040302144,,2,0.5614161984919945,246.76000978163992,0
31.734490323136065,63440.66853978521,9,Northeast,Mass,48.88345854502593,4,0,18.536034242906354,75.0627903048811,0,0.2786649652044871,59.03431651285049,1
28.23828806070374,40829.42899760609,21,Northeast,Mass,44.378572368039144,2,0,11.799760477499008,59.01657612175056,0,0.32305823411638457,89.57723033108265,0
40.80226771281795,19292.80031518109,34,Northeast,Mass,65.28081550585736,2,0,6.009994207751462,65.22189758763872,2,0.6235167992778435,79.84627186222411,0
34.256133663844864,20654.744251901437,19,West,Mass,72.16756617888726,2,0,14.526350508405413,43.14624254874653,1,0.5422051668402185,959.690839593486,0
43.346853342089055,50319.44549165943,35,South,Mass,43.12280829384062,4,0,56.76584722999769,74.36723293264241,0,0.4607730894166236,126.80410810303464,1
56.821431063232176,70813.65980711923,64,Northeast,Affluent,46.755763204571814,1,0,23.28749105069146,71.12889014949563,0,0.19643651048102515,51.56089536377587,0
32.34897972747242,18719.35763355198,40,Northeast,Mass,60.044288730628324,0,1,4.055649803425423,43.26891659380978,1,0.4484612959730181,62.98148850248311,1
48.06634787837503,31023.826240947525,32,South,Mass,55.591717505573605,2,0,18.00064266282475,46.19336029760533,0,0.3110414471947772,166.255586493417,0
36.81556046899264,37833.08894975061,32,Midwest,Mass,41.67119700245059,1,1,11.838080272922387,61.838300879965125,0,0.34637999319027146,46.3043761202442,1
60.04609834726805,44292.970842536495,38,South,Mass,41.694198666168816,1,1,11.030768662207763,74.9058224137988,1,0.3809473163546941,62.46063617202122,0
21.613480242966617,19698.971817680424,12,South,Mass,41.80059065817066,4,0,17.555169788656706,68.53465034748139,2,0.13138280502149124,80.13742230679249,0
24.308185029248442,19546.348086509854,8,West,Mass,61.80288387817446,2,0,11.22577486666222,67.22534586381721,2,0.4755219209959389,163.21934146935007,0
26.55417623354539,14000.0,14,South,Mass,49.48151868803964,2,0,7.497165709478212,59.390102921469655,0,0.17351755030633517,74.37191953293909,0
35.66965729106215,81526.29972680118,45,Northeast,Affluent,44.54446640510157,3,0,29.195328130363695,79.14977329174079,0,0.10260232692501273,49.563859266035344,1
55.79536490173239,58132.66155584307,48,Northeast,Mass,82.71829472404688,2,0,46.326130630233855,30.34833980845418,4,0.7287006573090936,1037.1360542597047,0
59.42168972935575,42926.2034563641,77,Northeast,Affluent,51.73204844124482,5,0,21.94262109355962,65.62152894563822,0,0.5752605836686853,71.02075946557748,0
51.26479341357279,51966.76127471189,43,Northeast,Affluent,46.52004921641553,5,0,15.866798146252679,,0,0.23387891440954514,91.80827199412279,0
33.65001798630422,16579.628624625613,19,Northeast,Mass,77.06779235633662,3,0,27.390723189285566,34.52206935115977,0,0.6613944631608568,241.86830381188517,1
54.57450726919654,27981.523986054523,43,South,Mass,62.968962219049686,1,0,14.093487767677821,62.08364996196346,1,0.5000535415024826,99.78732519155992,0
64.38313282472853,63561.78210917847,62,Northeast,Private,44.92312333639206,7,0,57.40468219548582,77.14819155998964,0,0.35460524948245864,95.50739714250362,0
50.49514849012519,35468.26284317628,38,Midwest,Mass,33.436146929971684,5,0,8.867249206695764,63.37497209203067,0,0.19760141070578688,35.956006649876166,0
41.500951204661355,27942.859234649353,17,South,Affluent,52.6634062527605,4,0,43.4216618280889,56.477276253249954,0,0.318465151489295,266.6266345946432,0
26.63291090783567,25876.663903107983,19,Northeast,Mass,37.10517686676232,4,0,14.281087822205423,60.19271476288861,1,0.2758442471832075,39.95929691151372,0
36.18516341424343,25006.70731981411,25,Midwest,Mass,66.06165076041626,1,0,7.988109870107902,50.69432492737835,0,0.6829667250825616,168.31402542641376,0
45.78575362423315,28568.533526904666,21,South,Mass,64.00920153396928,3,0,12.406743389352773,61.22728455628138,0,0.3981793308097149,115.11271392472233,1
28.961186119912398,22443.210405997746,17,Northeast,Mass,64.01935570382516,1,0,12.372840401424199,47.789911579501066,2,0.6341356549408161,223.873418981935,1
46.007135659562145,,19,West,Mass,60.54811520943911,3,0,38.36167973560383,60.55584222743653,0,0.7755102360917051,140.37996237351084,0
48.14096502006628,49731.61380887175,65,Northeast,Affluent,31.72819119362592,2,0,18.015854249488633,,0,0.21699514679841586,39.10302720208726,0
33.314183384152706,36548.11160065318,22,South,Mass,44.94338062908395,1,0,9.586483898439457,68.66330604322674,1,0.15422740221904818,36.38600867278291,0
41.41819239467346,49849.43882107683,32,South,Mass,34.24881210977055,2,0,11.824583973380738,72.62456651935075,1,0.08670765230213666,32.37147951629846,1
41.12158898682652,27670.372848221272,29,South,Mass,39.26328877146087,1,0,7.565165723041879,68.49785670705435,1,0.15031110289649885,42.61502319546666,1
45.649003356855545,16199.579351759461,35,Midwest,Mass,48.8415889366512,2,0,7.374235765497809,81.6395235869698,2,0.5562623909123364,146.1545680559765,0
43.10688299930656,19354.610362902145,33,Northeast,Mass,32.04519363828396,1,0,8.597096023078214,79.91020433586765,1,0.3604587689209147,111.58161050401297,0
34.80263188131225,61947.4766527689,25,South,Mass,48.169361800485035,1,0,27.40298879897377,78.39480509375691,2,0.2042358466344824,80.34504621259052,0
33.67199754988,40965.08751938693,0,Northeast,Mass,42.81308364563033,1,0,49.53251552372122,59.833616312495224,0,0.2691877872819455,128.85308743859713,1
37.138598506527025,34781.988238971346,23,Northeast,Affluent,41.46695281252681,2,0,6.162301645374022,78.285354321941,0,0.11670919755930059,59.04774647036435,0
63.61569814030833,52989.11360138106,42,South,Affluent,63.60138830603087,2,0,10.213956252383273,62.23005644616088,0,0.2559744915987184,134.144134191312,0
72.63685670995619,22220.222033416438,27,Northeast,Mass,64.25953360146114,2,0,29.998029007095948,,0,0.7537881918017155,335.6689455833344,1
18.03433022338486,42243.777395532015,12,Northeast,Affluent,53.82639147372669,2,0,25.184213477512948,51.6749871115404,1,0.3968979856233693,131.0385739639248,0
44.747004595674156,28843.631619462165,31,Midwest,Private,56.81317099198466,2,0,39.15536334263471,59.835984345597765,1,0.5394614108471932,176.9876011981258,0
34.84391468081737,21558.141695471983,33,South,Affluent,71.71636169074911,2,0,5.601666578318705,48.16277631567897,1,0.6651907605782864,682.8015058997937,0
30.711648477649717,52729.997552038876,24,South,Mass,54.757413258927315,2,0,15.589504270290952,71.69105941806245,5,0.3851442773541168,108.85796376034088,0
47.0776119056947,32660.889565351183,28,West,Mass,32.081991530065245,2,0,10.011290173997912,63.582526545287045,0,0.39138093125492057,26.622537224139766,1
38.474278922361115,35664.014268955856,51,Midwest,Affluent,66.43535049849068,2,1,36.231501314292075,57.74129665698677,0,0.4208996786501728,138.669877359014,1
60.94177428253431,14000.0,30,West,Mass,64.49376952523404,0,0,4.07685958649638,57.447284967402176,0,0.7791729112144895,141.41287300355486,0
53.23152844618038,118475.403268769,65,West,Private,36.48416406156467,5,0,32.099034951174914,78.84786866040844,0,0.1393549755926153,79.443645616937,1
44.151239369905916,15974.7880958729,56,Northeast,Mass,59.49991946614052,4,0,4.9072703082180285,,1,0.44435075437346694,87.72939703491426,0
72.46410931598578,57359.60261719058,91,Northeast,Mass,34.964484756929075,2,0,13.452910730988455,70.88965383488657,0,0.49384059135383856,33.133821769574475,0
49.635159967464155,,15,Northeast,Mass,58.016632042372166,0,1,26.32179965664497,61.6031237718749,0,0.2347854279075761,146.54741889935212,1
24.88781133778742,14000.0,19,South,Mass,65.16808506204481,1,0,17.048583452857354,41.6346473138587,0,0.6522417254180167,153.53869864451462,0
35.38510774270325,130542.87491923978,26,South,Private,30.73571267314729,2,0,25.95074262930845,62.0624747083392,0,0.0024860185924683435,63.64106121628889,1
53.1091072500606,30768.821904418488,16,Northeast,Mass,41.73262684580471,3,0,13.71661408382529,36.30952831631387,0,0.48485721095155604,129.45576037942635,1
63.01520427908167,19006.41240702535,35,Midwest,Mass,55.41717033449143,2,0,12.264681599785996,58.3313855164551,0,0.13770690578253386,43.202411054354464,1
34.81691239251512,31833.80633396138,16,South,Mass,66.52693210234209,0,0,12.017754448634513,33.256056000592906,0,0.6534795558887752,339.4685401835288,0
37.20685855665344,78635.59861272117,38,Northeast,Private,34.70431144911542,3,0,60.977936288284106,66.73559766394202,1,0.28663511622638044,112.57495975280192,1
48.15761885199862,59890.25080482691,47,Northeast,Private,41.60778171879483,1,0,37.51393261130542,64.74430458463942,0,0.3212704745757531,74.09664517711373,1
49.02590882744904,32661.634093119214,31,Northeast,Affluent,46.37911376043475,0,1,14.958240452326745,75.81915715202581,0,0.3321974862809412,37.995621574299896,0
54.897590797825664,39596.79184923932,46,Northeast,Mass,57.46496525204315,5,0,14.042987910165655,62.84386295235878,0,0.3610609015905487,111.68907460144416,0
45.40353177183799,25514.091557663476,60,Midwest,Affluent,37.283692529506204,2,0,7.378384483992867,66.0203491755093,4,0.11482642824713878,23.216038049458092,1
49.71108216520044,34948.79129096005,52,Northeast,Mass,44.15462270255404,3,0,24.143407619258245,73.57384946888067,0,0.20153476556637645,38.17358443031313,1
29.39289285276145,14000.0,32,Northeast,Mass,56.842100176783305,0,0,4.076129730012441,54.14203430919552,0,0.43737290923085137,51.61788513669559,0
37.531906436098616,36870.803502499184,10,Midwest,Mass,46.478804691607955,6,0,26.143751413582706,52.02556603349264,2,0.22566415177611573,93.09243964255629,0
55.90082332146867,54171.46794514348,18,Northeast,Affluent,64.82670436767167,3,0,27.986369254205908,68.77678512812179,0,0.6799976808040044,141.55262543336403,1
35.92138394518069,64250.311943578614,37,Midwest,Affluent,36.94899082466951,6,0,97.0838705778091,78.72233825988833,0,0.1416519364909292,84.56172244337111,0
59.19752948294965,41571.87996830477,51,West,Affluent,51.62384854779228,6,1,33.39415224876529,66.6276737236491,0,0.1928819784044716,59.803220489050545,0
18.0,21089.197337732927,4,South,Mass,52.21813803491378,3,1,12.77640014561054,66.19204737903345,1,0.2175465113227085,102.12843264271649,0
39.559005094709306,52580.7069636834,41,Northeast,Mass,56.83040356790524,0,1,10.011143710856727,55.43455466516583,1,0.5881519575698597,111.99843606664187,0
31.411864525596304,46770.33571730733,44,South,Private,57.95440428037999,9,0,62.30452307282016,63.49785691922816,3,0.4525196421946538,371.0269529248155,0
65.9836926715868,31823.766826222847,84,Midwest,Mass,51.007160265758785,2,0,7.52541509995026,75.58675851089136,1,0.34683521520251637,32.84947805221489,1
37.94942481985948,32052.63983331622,36,West,Mass,75.6847224226573,2,0,50.971377173842654,59.65429537009304,0,0.5248946427948075,198.7481219459285,0
34.86641014900589,16584.00747932077,20,South,Mass,87.99664583161866,1,1,16.02120058677636,,0,0.4864190063339971,343.58229410058095,0
50.991055588904516,24757.664567792475,27,West,Affluent,62.14975036855257,3,0,33.38847606793767,49.59921720712393,3,0.5280313487768232,392.4333254221655,0
38.13509484466584,173924.45641744573,22,South,Private,31.569688713563913,3,0,96.99114367657948,92.5299140823668,1,0.21620440554290515,85.08147197919874,0
58.00335830884404,112068.0237433347,32,Midwest,Affluent,52.79083660366421,5,0,63.77972536299671,62.22799733729872,0,0.2965085764638454,92.60307787830578,0
30.17515317280432,26905.569299936153,18,Northeast,Mass,36.81396497337372,1,0,12.546431590818733,66.52408095833916,0,0.3187971321601839,43.332849421258935,0
31.624797693777356,48812.60862126797,31,South,Mass,53.544615999903804,3,1,27.222799144623217,60.703836857176725,0,0.41395873127554467,68.81686688528606,0
39.7921641061254,30319.15644997711,15,Midwest,Mass,45.0177706088312,1,0,12.179553416973231,65.1187780468946,1,0.2175903036798643,66.44823676281074,1
56.484753748078944,27093.680299163872,23,Northeast,Mass,29.599497726695756,1,1,28.42390482099187,64.3200996587269,0,0.3763397454971183,35.62870999721057,0
18.0,32741.62954914785,15,South,Mass,52.39042450032143,3,0,17.050278681733264,44.57105776616018,0,0.4563149150211222,140.61633958068296,0
46.28536682597061,36584.25373902634,22,Northeast,Private,39.16755818152267,1,0,9.755379249178237,66.36322636048878,0,0.42457164357362476,44.59672056120776,1
34.61887088879279,37008.35587998499,25,Midwest,Mass,51.059565537172816,4,0,27.400847154855448,73.94032983047343,2,0.52355808852481,401.30793733344086,0
37.87705658430302,24224.604130324242,7,Northeast,Mass,69.5822894094611,0,1,10.112792108654206,48.81437347491079,0,0.8342549162848865,224.40921907290297,0
22.02169334556831,44702.54141280767,12,Northeast,Affluent,59.69908138719614,1,0,7.539001715893693,59.13127792511681,0,0.4150445104312415,106.69176129338332,0
36.281214288055445,75471.33109118538,37,Northeast,Affluent,36.995409791184585,2,0,30.202051827486056,66.63786805429277,0,0.2638388718944606,60.88694630973446,0
32.26056542857223,28230.422586112425,27,Northeast,Affluent,53.53275061657469,0,0,12.38249478159231,,2,0.10544935990048264,98.83238141365554,1
40.212961502472574,35441.78068802789,33,Northeast,Mass,53.540380401429864,1,0,12.766467442155738,70.75445011580447,0,0.22430165771894223,92.63733227953128,1
37.64741600366838,38792.30477887651,31,South,Mass,60.69199408676119,1,1,18.38597287206212,71.67310482588898,0,0.30674300517813935,190.71036738912332,0
32.59723296826584,32741.402120719064,31,South,Mass,55.41376949464893,2,0,20.987472202647684,56.744903377551466,0,0.4616869388352842,104.06701512794947,0
46.118482536612206,14000.0,10,Midwest,Mass,67.4585510681355,1,0,14.91560239188482,39.88865838962985,3,0.5129061377037719,91.1749167078209,0
42.61656822003102,83149.65248313658,30,South,Affluent,26.67096707236819,2,0,99.71615847153275,70.41927404983083,0,0.19571670343713074,33.521369028672645,1
18.0,14000.0,13,Northeast,Mass,59.28807941617901,1,0,3.907878200304639,37.59195379471191,1,0.456005652141492,153.53936414636064,0
39.880912277863324,32601.23849197378,53,Northeast,Mass,62.91858639767683,2,0,14.90775411354246,54.805540900659636,2,0.4435076395976511,70.05518176242505,0
43.39419239911666,31718.457144616168,33,Midwest,Affluent,56.90592352837566,2,0,22.820711218662577,65.2971727038069,2,0.3880107410420032,141.12609776845292,0
46.041874915890126,25690.51874558319,16,Northeast,Mass,73.03876746437771,2,1,13.251059730493424,55.972931788560466,0,0.7572006434123444,551.8029677847964,0
60.457200672441836,64272.63930696025,87,South,Affluent,69.59124855638913,4,0,18.07939228333419,44.00927495036729,0,0.32952943362294335,121.20009333839626,0
30.820804286515703,69788.68306268712,12,Northeast,Mass,43.12938177324881,3,0,64.14942235239816,67.33857592404037,1,0.17565035401359055,63.87136770291426,0
40.66542096686352,24885.18957650122,38,Northeast,Mass,48.98220363243942,1,0,23.683888912930524,62.39914103962923,1,0.47452015836526756,160.41669392272598,1
46.61438347098533,14000.0,33,Northeast,Mass,78.47484781608551,2,0,23.870981935827842,74.58697505432272,3,0.8772508753628545,363.51454322633435,0
60.17600976224462,115580.94043735685,74,Northeast,Mass,29.661343640009704,3,0,19.875499146780836,90.26094207638475,0,0.18525761566836227,31.883642403105117,1
52.67105453672705,22364.304390564957,39,Northeast,Mass,47.704100991919745,1,0,12.824076412532074,70.2666990513151,0,0.5527188994640913,42.21312679461805,1
47.395363798254614,14000.0,12,Midwest,Mass,65.47623073974209,1,1,15.099365581274748,66.15306541209527,4,0.8208979934958305,1100.9057087181131,0
54.22936838680633,,22,South,Mass,57.662893702812504,2,1,15.085798327776095,69.81534932828936,4,0.3940292512350802,155.40130712483432,0
38.76671233539931,41469.71754783997,21,Northeast,Mass,32.33309465782235,3,0,21.860122520262806,40.146766183332424,0,0.05424687715777466,35.6291675043703,1
20.30153333524446,37953.461913018065,12,South,Affluent,70.37515276208228,4,0,44.882046106125536,67.80357979245069,0,0.43978339545223427,393.17100261227915,0
54.75726301416973,91258.92602813448,51,Midwest,Affluent,56.16168976988452,2,0,24.78280959434977,68.76414624929559,1,0.35375659357354816,213.91091506500763,0
40.46817533233678,14000.0,20,Midwest,Mass,59.07369329526183,3,0,4.858348968572404,87.05313456702955,3,0.4369272582507679,1281.4120991394038,1
37.058268169835024,27586.356153283672,31,South,Mass,47.9189993455643,2,0,14.50274690698887,59.25077374109696,0,0.160549661832212,52.08706830733591,1
27.34140852598769,24718.334834554105,18,Northeast,Mass,70.12858044993277,1,0,6.819512265597527,79.24344353170716,3,0.8336755152284125,912.9672967165993,0
28.834273827696233,30317.16347727054,21,Northeast,Mass,51.79136329291344,0,1,10.255578723725979,73.13858708045238,0,0.4094649601492231,26.777239852573977,1
38.37420956611767,63969.98686329275,27,South,Mass,57.59870515482988,2,0,36.64575486231435,70.97063764610006,2,0.3309296761531256,83.8408920237128,1
25.07172757118854,20273.62051693563,13,Northeast,Mass,66.26779068053376,6,0,9.005864174883282,52.2577706530627,0,0.651419950125836,329.7232890286447,0
49.04114722290391,41522.12246871958,55,South,Mass,36.48615106040876,3,0,22.569049739331977,75.95659212493372,2,0.1869317973071479,65.94617744095555,1
31.3012547233111,15901.7060250858,7,Northeast,Mass,52.08664956305025,0,0,12.955646933192458,50.569858361525185,0,0.4285726796949882,128.61799349654567,0
35.8406111336204,27334.278578119465,47,Northeast,Mass,62.84179511807863,0,0,6.69342712831319,47.53337904273383,1,0.41755381418213594,139.95395923101776,0
59.97642052613273,168082.8438024009,23,West,Private,43.266817089614,5,0,49.58347327676785,74.65306043403011,3,0.1855138860848236,104.04807616750416,1
38.4825782300172,18395.729657353015,26,West,Mass,85.67242961661118,3,0,12.724985275285439,62.012311064587365,5,0.4113781817405516,246.01013968660567,0
61.033825452724976,38153.90276573269,33,Midwest,Affluent,41.30910743970539,4,0,18.283564027214922,47.0201843661073,0,0.13113089637017564,46.48502034939281,0
50.29268377376141,26777.281182038143,33,Northeast,Mass,60.968495833919576,3,0,8.957103364861249,41.72281739132924,0,0.5025911807463197,218.26687798798545,0
46.833834366435546,27350.804128660737,22,Midwest,Mass,56.92131264533156,2,0,12.558742923057135,81.99922109192845,0,0.439144286014988,64.21882912764487,0
31.20500070943067,17301.021945685803,8,Midwest,Mass,42.804228401820716,2,0,15.205944290422979,31.25516745364456,0,0.17929154247993268,77.76009445579338,1
46.276378151013134,20204.650895097293,30,Northeast,Mass,67.02484083611225,1,0,5.70179703500627,64.41096582343793,0,0.49895041754501424,130.85203601834522,0
44.59506284136194,29994.945009795658,12,Midwest,Mass,29.24461033297883,0,0,7.510593719279,72.04297271353747,0,0.2031202445814423,69.65133867552352,1
42.64386922240243,50774.43706501754,83,West,Affluent,56.89054420510979,5,0,73.56202705057007,62.920513859108745,1,0.5472455263452165,129.25987731827922,1
18.0,37757.330941488406,16,South,Mass,49.23638476194055,7,0,14.080344402814498,83.24135202228817,5,0.24670866012521261,87.33056650447172,0
28.239125694380476,35443.731767454105,43,South,Mass,30.504098909604096,1,0,13.417698328471682,52.09932430223447,0,0.15792274394387892,33.600658342396045,0
48.862883284816405,75527.63967291253,68,South,Affluent,62.8787466107975,1,0,23.08738592304933,66.9045058911618,4,0.38405895444989124,145.36228274569226,0
39.01358377346548,15555.282831118931,16,Midwest,Mass,41.87437759391524,2,0,10.093720200684837,58.30074938102795,0,0.14237315201732087,22.585193188709457,0
26.67080414314709,27958.78016013116,10,Northeast,Mass,57.58214352239427,2,0,28.414193115468052,50.79172122892897,2,0.30667912076276627,292.28085807064275,0
45.17026049990603,21840.165117747478,37,West,Mass,77.64450085349655,4,0,18.190784708947948,41.28747696031591,3,0.875473146865666,2241.3286378597763,0
44.92517786084764,85267.40681307655,23,Midwest,Mass,39.02241765389277,2,0,17.510113902066013,44.18761499786732,0,0.22218787312908767,73.69762764230208,0
51.798638318597604,34530.66664173563,38,South,Mass,53.05333818552349,1,0,12.34684310833995,65.09410714653637,0,0.23896778358503737,58.0605751786468,0
48.357923450286215,19457.273358582643,14,South,Mass,74.4286410531477,3,0,9.005931313211848,59.18254360237652,0,0.7343124371582695,113.47787780551437,0
28.890152820640267,28902.063566918583,12,Midwest,Affluent,39.67662153203786,0,0,21.624295197723566,77.99321662559456,0,0.2523735114733204,103.41037867392144,1
36.44158500008148,,2,Northeast,Mass,48.177763658140655,2,0,14.520860710386911,59.70610510630712,0,0.2593014339349844,170.06800913839922,0
45.24673511854904,18084.80825952179,17,Midwest,Mass,55.47455703275037,3,0,8.843596572009691,69.13192811262053,0,0.5122983308353909,134.17284804360253,0
41.06235059004035,72934.61809096987,49,Northeast,Mass,47.54176972422609,5,0,51.342987446427934,72.10849814059257,1,0.38381835230924366,101.71748824942274,0
71.84027173163146,95044.40912561727,65,Midwest,Mass,52.135577875503415,2,0,51.90885938681148,57.81227743361397,0,0.34087296457822985,109.15048297969597,0
44.41000086842774,15256.532000776782,24,Midwest,Mass,77.72465079633174,0,0,21.03869904635985,48.273438727541084,0,0.6160487789665379,128.74552335086705,0
41.48710060099579,38888.50086843392,9,Midwest,Mass,51.64315857390411,0,1,11.468234124953366,49.667749273813655,3,0.3464040015354735,136.0773720324603,0
41.19482898676719,22903.235920842813,12,Northeast,Mass,56.12622030279117,1,0,5.435449761305597,48.24317249104167,1,0.24644534466876733,49.87333102333122,0
39.93372292607765,75778.58016614156,13,South,Affluent,48.03591180511654,4,0,19.55923160382443,70.35455372731809,0,0.3838655492028005,102.12202705912914,1
52.835007593273666,45142.825945185294,26,South,Mass,45.820258506647654,5,0,13.526636670083683,69.31814331951612,0,0.2921781093914712,84.20173255730751,1
70.47194119614991,53085.63324003529,91,Northeast,Mass,38.52688383809187,5,0,23.644391728907234,77.07117178240347,0,0.1246758591295934,42.78409802017699,0
60.8078980280923,,51,South,Mass,48.96061957997872,1,0,13.283537488520595,90.09355029256399,2,0.14244367019224308,71.84386778006488,1
54.45925124610557,20187.257623342193,30,Northeast,Affluent,57.21713408915024,3,0,15.653723494715694,52.83042661288589,0,0.7509663191141551,166.9797993938297,0
48.51303744932335,52497.82982986433,24,Midwest,Mass,55.550725046500716,0,0,26.843240978128545,53.20995300465342,1,0.4821505793165747,111.7767559817596,0
40.14880279302567,48507.45813882029,23,South,Mass,58.362247248946964,2,0,11.00649710593655,75.37995341268375,3,0.3967871598975193,146.08214686493966,1
29.820907536907207,35444.89169244078,12,Midwest,Affluent,67.44257035719362,3,0,30.194305952746387,59.30307932306863,1,0.37044770479557704,4616.864377992756,0
19.826619325576395,80551.22013836204,16,South,Private,47.64020171382207,3,0,27.683459688836724,65.95216098369632,0,0.3747861245199606,95.5844992443758,0
25.55093335652845,24597.831466190222,24,South,Mass,51.90987838999809,1,0,18.073689638001714,85.87734706075163,0,0.20717940456989162,82.46237577299637,1
33.265361850123476,30335.153772474307,56,South,Mass,52.05358113971132,1,0,10.068725088149849,71.37248112780179,0,0.4212911340624634,63.65764348892557,0
39.31569894411979,20910.85940430263,18,West,Mass,66.88848213797051,1,0,5.740592870787874,64.62077405047955,0,0.5454433737573986,192.3811914153798,0
48.00046307277099,28979.051421289372,36,West,Affluent,61.26059624123487,2,0,7.449514171229215,86.68319170673576,1,0.26717145140756593,85.58396650533814,0
40.134984908395886,,33,South,Mass,46.91132176656875,2,1,30.02054498762597,80.25677627711646,0,0.14320691129762908,50.89385318832329,0
35.091671906490525,16290.51566273987,34,Midwest,Mass,73.8533456321879,2,0,15.618885671697605,49.7067787281181,2,0.6763321103765882,187.13656931824823,0
35.54088434226098,24875.399510619784,19,Northeast,Mass,73.53529523596248,1,1,15.934704241892186,35.9554964667139,0,0.6803043630771685,276.702113644866,0
41.210448325565125,18347.043645152808,34,West,Mass,65.99348103052311,3,0,13.521211560849226,51.716198776654835,0,0.7374300024381164,151.1335763079048,0
32.22415152420139,20652.8441631882,5,South,Mass,69.90035725393265,0,1,10.316681524599677,,2,0.45278491203259935,134.92894116956867,0
32.56770108251257,34956.63929562984,47,Northeast,Private,52.413149464976044,2,0,21.748591152480675,78.79595645867144,1,0.5623241655740286,208.0667811834093,0
37.7942254866639,31952.851926493186,33,Midwest,Mass,60.05153630243609,1,0,27.112612698070993,61.08580945530717,0,0.40944053436240796,273.36074979250014,0
36.93511459178367,16207.905098423931,27,West,Mass,71.63976229008294,2,0,17.841810547131193,55.3633500899741,2,0.6721103939274289,786.3589783551716,0
38.204020899834134,49900.85998922242,16,Northeast,Affluent,34.245228845129816,2,0,25.73287317837447,74.09637693119203,0,0.3507069037022585,108.96399432724007,0
34.540720509996525,14688.59668818636,18,West,Mass,45.02288291571575,0,0,6.312727994960384,70.56234633296826,4,0.1808530515595373,41.818543239055614,0
51.56696722881862,24911.000405687962,43,Midwest,Mass,44.94610871756571,1,0,11.474877613719931,67.42681185014365,1,0.4736601457611786,108.99956205704906,1
29.531605258093407,14696.427335491015,14,Northeast,Mass,52.82787371894885,3,0,37.23016333312834,48.42165624884229,0,0.3116652275731961,120.58055441325506,0
36.43761258621789,34115.35480736263,15,Midwest,Mass,64.90308028388966,1,0,28.00041081253804,71.27985475299985,4,0.45138868865840026,291.4316617712635,1
43.49005688230823,78603.04234609367,20,West,Mass,47.02828792950248,4,0,15.142935814460191,59.600457354173905,0,0.1172189005792462,67.45091339333158,1
51.23244543166542,,14,Midwest,Affluent,50.31450420778065,3,0,26.44912224736247,57.6819381632156,0,0.31282219367334846,69.61906890962655,0
40.11566512119086,14000.0,20,West,Mass,68.97874810322662,1,0,13.244068366823479,62.606112981378224,0,0.5739810023581783,74.4124132299854,0
34.515510555583774,32943.974739117104,19,Northeast,Mass,41.50234217826165,0,0,33.349452653181444,70.53251878191412,4,0.3096354156390759,132.17182384561235,1
62.60078307572522,16574.317024786473,49,West,Mass,81.36722278953503,2,0,7.257046804183162,47.39540965713843,0,0.6174289495449179,134.11799903268047,0
44.59857669505426,65952.35887050601,22,Northeast,Affluent,46.45617740816408,2,0,24.787042980207435,73.61286928118312,1,0.3123483604021825,66.16457711169035,1
68.6795455017574,,50,Northeast,Mass,61.56527100757702,2,0,11.626505214877236,80.9686127348941,2,0.488260613863835,396.70095941279965,1
37.546312462902705,24322.40523138099,21,Midwest,Mass,61.945506821941684,2,0,15.660959147673358,76.08322739101116,4,0.5877510864264319,166.82259049704976,0
59.70849067774813,64444.0856767578,46,South,Mass,54.86980885488188,2,0,21.548961499280246,,1,0.3653927938783367,124.94971273448435,0
21.81010718353701,,15,South,Mass,27.360181865594846,2,0,5.853801842227664,,0,0.14416461567612915,33.098585485260635,1
48.52819711092368,74622.98141790571,37,South,Affluent,37.09884549725625,1,0,20.899273568804354,69.87592053308683,0,0.1518158214617875,33.30695274902735,1
38.32242372958317,59669.48386508768,42,Northeast,Mass,41.689609408196354,1,0,68.70940472353752,76.44465113654486,0,0.2228481626598683,39.99603833756313,0
56.17984218721379,56516.053938198085,68,South,Mass,39.94506037431069,3,0,15.530996937030867,67.91301519787999,0,0.38347008622064443,49.60786328087881,1
33.41011324920872,16516.619768607063,10,Midwest,Mass,43.685390971105186,1,0,8.502074818442999,57.101901064418605,1,0.44903934645584176,60.85653626284009,0
31.052867024402573,29337.93283464151,28,South,Mass,41.135291356402796,1,0,22.639893921156123,61.861153647571555,0,0.2307039203702193,50.285133018363034,1
46.66022683648622,28311.90929814845,32,Northeast,Mass,61.68884187978262,4,0,12.843230352383008,62.70410028928996,1,0.4334758553926245,224.39553470172135,0
70.57293797275918,52788.28878594105,33,South,Mass,54.24933344344976,1,0,30.52776132251056,72.01650285828484,1,0.11695661365431884,103.36924674820013,1
32.95258174723257,29839.825035111517,36,Midwest,Affluent,60.94777041027108,1,0,14.932425050254716,41.94491496647663,0,0.5308084657566051,163.28508469753655,0
49.30069462700039,54345.5035466739,46,Northeast,Mass,58.53303376234276,4,0,24.68717912211853,42.60185863975399,0,0.34344514443943336,139.90951256783092,1
55.46845738837046,31511.958424851622,96,Midwest,Mass,53.792086925566814,1,0,13.708135173974728,71.22322519562046,0,0.476244229206484,137.722960589034,1
18.0,18946.631373325556,10,Northeast,Mass,56.37821407552882,0,1,5.593879526647377,49.699916721949776,2,0.4259622531047667,123.46708525222185,0
51.43232822427102,54469.098674324494,15,West,Private,58.685437506765325,3,0,13.536678798996144,63.98680296497279,1,0.28967639067497886,161.4319847543044,0
31.701335419857216,16093.949769656672,32,West,Mass,41.35911571804084,3,0,9.635919160686091,86.18540984970353,0,0.08610725895015764,51.780949781420574,0
70.85621329776099,94957.10506775904,80,Midwest,Mass,32.00482902651784,3,0,26.21935422466508,89.58488988983076,1,0.31087139314117446,75.58934387758148,1
59.991832101297774,28002.340137988966,41,Northeast,Mass,71.68465113738526,0,0,10.130284788781601,57.682796158839544,0,0.6931811689294561,149.9469935449608,0
30.92319911651195,139570.4811929196,30,South,Private,46.2873393289085,0,0,115.5719992892698,80.85175507495583,3,0.16316848213859803,120.06688772863423,0
53.26283625457282,,9,Northeast,Mass,62.166330667366196,0,0,16.361169357905162,47.07387630080464,0,0.3654049906148529,72.08693982434053,0
44.28616590700724,114609.22406442475,94,Midwest,Private,45.390634950196116,2,0,16.088475167054238,74.07114657154062,0,0.36758427497022705,109.23506264503438,0
54.04450022054111,74138.96373020776,42,Midwest,Private,49.642958519906614,3,1,27.703206562274403,48.78128021192151,1,0.38157261895269406,137.37133174973414,0
43.510276534947934,37203.70331799588,41,Midwest,Mass,57.03083814838575,2,0,39.04096820755937,70.14953842755597,0,0.3554047038795226,66.49936152287545,0
22.03387551923136,55462.82142255009,26,South,Mass,22.767458379194576,0,0,11.845540447760087,91.11224093702486,0,0.06301414094780834,37.95147151327288,0
36.013075087698354,43210.74621940367,3,South,Mass,38.87454220547318,1,0,13.902345078660915,54.94800722821394,0,0.2728483962720555,56.89589645701948,1
46.11488542961532,,39,South,Private,34.8807522183202,0,0,20.49973140664729,71.73764781749284,0,0.18769794774191365,57.959803601147485,0
30.861746287439644,20860.587045330467,43,West,Mass,42.1770830347765,2,0,11.824519099988853,70.37589671513368,0,0.1459902662274315,19.855480943864485,0
45.643686746056204,32658.055666513657,46,Midwest,Mass,74.795687693203,1,0,48.587016964343,59.57758504552729,0,0.41942720753814783,172.9419230951315,0
38.741502562453306,248491.22685458008,37,South,Affluent,9.25051954097166,2,0,32.087516216538646,91.04489245727315,0,0.016634326756833153,22.869296726462387,1
30.126953069674865,20870.070352218827,8,Northeast,Mass,49.18858488969929,1,1,13.238166328333259,,0,0.49162315101745,125.3521061868266,0
36.945422718815976,133084.07440643333,26,West,Private,52.272045303033934,3,0,30.949944322314323,66.08462219532844,0,0.39392217388390544,75.94331818448363,0
22.984717572143182,69608.69291757228,8,South,Mass,30.81737528703051,2,0,17.89643398683089,84.29895630002568,0,0.19258147883959764,131.8698930337219,1
28.06242446860389,47458.91111473834,7,Northeast,Affluent,36.86153516405005,0,0,23.15164407337937,66.35025047721844,1,0.24802264884141267,63.0268394740985,0
18.71851841881639,21690.176620654205,11,Northeast,Affluent,67.73987534784844,4,1,16.56238335040985,27.25083398576008,0,0.6944127725917473,105.79391958210127,0
52.478166360868656,89889.3995024681,35,Midwest,Affluent,46.81922795746838,1,0,48.849359017039475,61.3315809845449,1,0.24623919199206468,139.4790262433052,1
46.668570523873775,44758.84928578697,24,South,Affluent,32.796980515206386,2,0,14.080326586840519,,0,0.15981237661611797,39.18368717455051,0
44.54071561311478,15667.999275366108,58,Midwest,Affluent,89.66341092902958,1,0,10.211653376374805,40.19683567218436,1,0.9594012960861366,2335.8074535267933,0
56.41222741005222,39896.80905057277,33,Northeast,Mass,47.574772189123905,1,0,34.20279294375037,71.43410524917613,11,0.09019176964628474,78.11459425696158,0
44.62941085858566,29324.12240515985,44,South,Mass,53.39196581550248,1,0,12.118415453973665,56.809683792880875,3,0.3796668488120217,156.866172699799,1
53.523742961466695,28666.458742801737,66,Northeast,Mass,56.66410912447883,1,0,8.850331097237007,59.2026429688273,5,0.5698681298513633,189.79698959350358,0
42.90735505314632,107981.33284221444,26,West,Affluent,42.16775355521038,1,1,18.694200676366002,73.38677977191645,2,0.13939625445115864,80.31095760926678,0
18.21646211875226,33295.84869834513,14,West,Mass,44.9319181222689,1,0,11.824357249223553,54.97002937060176,2,0.4349341471429693,70.82868030350754,1
42.74713765040471,119416.5292548425,14,Northeast,Affluent,48.39413751362453,1,0,98.89693586350738,66.56186128755445,0,0.09690477463091757,43.061554808096865,1
50.06067622268822,20165.410982216814,31,South,Mass,69.29084315140756,0,0,10.01093915057646,52.40297986258769,0,0.8077964983910557,140.54884424566382,0
47.26510947853386,28815.056203579137,26,Northeast,Mass,65.41048383346036,1,0,12.593851116882352,57.47850360643264,0,0.4003358083581325,100.81629614654007,0
48.62706523749477,171020.6865108956,13,South,Affluent,39.28582224375194,2,0,22.906788956014662,79.94673009262233,2,0.24591940267547682,73.74567194064142,1
34.95748960171354,14000.0,21,Northeast,Mass,73.67049929826392,1,1,5.327668178455119,42.22174133947612,1,0.5477212491252599,244.62962507956647,0
50.06313994945333,20107.994880149214,39,Northeast,Mass,64.67414775762826,3,0,9.76759217003801,41.61411496173316,2,0.46346105476867977,162.17806619312591,0
31.301108093516383,41324.8878474063,16,Northeast,Mass,59.36419227828226,0,0,33.226172050773734,71.00996699463977,3,0.5156712888566412,140.35161730696908,0
37.76063680980356,14000.0,67,Midwest,Mass,63.19940559371256,0,0,4.958028777121902,54.58314690039369,4,0.46021824140886225,104.90121902654019,0
49.04886586535243,32605.96641404503,47,Midwest,Affluent,53.93478847360689,2,0,22.829014766273446,58.29330689801734,3,0.5013421949143253,166.45971312367135,0
18.0,25930.061024017585,12,South,Mass,50.03691779504943,3,0,63.86407725403,,1,0.36936490138533706,63.80432652241206,0
26.9427504519003,48034.862284660885,44,Northeast,Private,36.0684161208122,5,0,36.68373985253647,76.01700103316668,0,0.07432529669787208,38.89540521353488,0
25.466499380900164,17052.41294001832,5,Midwest,Mass,76.10654189791967,2,0,18.00325933595746,51.33944623256737,0,0.6302529532655531,1193.7342453466524,0
30.274909503413138,35125.76634916796,10,Northeast,Mass,54.605662732644284,2,1,14.733149740424878,62.61233460698572,0,0.19982531348320842,60.23049358776066,0
46.25061929211602,58117.60838741086,16,South,Affluent,45.62311215620154,5,0,17.11389752433894,73.03289566478534,0,0.204521505986876,104.09969630227953,0
59.391222049712816,60620.56592737221,48,Northeast,Affluent,58.852334261431224,5,0,47.96029099558523,85.59310282611179,1,0.436046911613779,106.82059774686455,0
47.740616818401456,51286.66954896187,22,South,Mass,48.25325119768889,1,0,31.05464814855481,,1,0.09728937916795864,75.3327153758992,0
39.207792335158615,16243.762584619772,19,South,Mass,55.86081528018685,1,0,30.94585964010925,53.02325335448392,1,0.41819627291634026,145.98819647825417,0
49.24032656592949,74663.41487201484,25,South,Affluent,45.60606101553284,3,0,36.76638436437392,76.14809511743495,1,0.4288430183073201,82.61574082560239,0
40.39949698521394,16243.038255845964,20,West,Mass,60.39000960939904,3,0,4.793254174465908,75.5633230835526,0,0.43204767147279977,118.12421290963982,1
38.68768739219819,,11,Northeast,Affluent,74.24345876377635,1,0,10.19583964409238,63.46294691260329,2,0.5742127710658808,606.9881910066684,0
46.42258445469182,32279.11236264498,63,Northeast,Mass,68.2591666534568,0,1,10.279984235981319,42.67170649561132,0,0.6191322975508198,146.60392088036252,0
19.47703773944091,31767.03304880994,7,Midwest,Mass,46.03532928659657,2,0,11.153863340877704,63.51629808885214,0,0.5036022416569604,169.8969969913574,0
41.96650308735088,37809.50503266302,18,Northeast,Mass,44.93084810917475,3,0,12.371841610689094,70.47772752555014,0,0.2949731535891915,83.58970087372083,0
59.88756069945933,94595.87240016733,37,South,Mass,32.19737122159158,1,0,16.342905373730133,93.75104091261241,0,0.34131265204287514,57.9070913020702,1
28.617369244590865,19640.692776541746,24,Northeast,Mass,57.61595686250067,3,1,4.8858827754636325,70.80716326656477,0,0.3966685734844679,69.12693088915199,0
34.95393587292034,40967.24005311666,17,South,Affluent,59.36793799104235,3,1,15.446236843904046,69.14439449331726,2,0.4933575133088001,147.1312130422732,0
20.551749360159285,124105.0761905945,17,Northeast,Private,53.50469820808496,6,0,65.25305004648338,76.95896599126391,0,0.7395577804830814,996.2614834005433,0
41.01032449145876,41331.63784586666,49,Northeast,Affluent,46.10764798659713,4,0,31.006315871282805,74.58944305758125,0,0.1624518964263789,43.31564029752556,1
34.80201392992658,20977.473409281673,25,Northeast,Mass,45.659960696425976,4,0,35.07102126926393,53.44671735546197,0,0.36440212989307535,93.79435009736655,0
22.97661444182291,21988.251636038858,11,West,Mass,31.859839150650153,3,0,19.033818208754955,74.77952398370198,0,0.19018939421284065,44.04693269495623,1
33.78625395838686,19833.586145651658,28,South,Affluent,49.91173940109527,0,0,5.887213826141183,78.14444141078441,1,0.30830870272717986,104.28705872108931,1
35.9176943803706,21703.43131814919,26,Northeast,Mass,70.83820578960524,0,0,24.74006346227362,49.400618329017604,11,0.6895076504135395,309.1103299617875,0
30.45595301655563,83850.01203455399,36,Northeast,Private,60.109746884736744,2,0,21.294076095745456,50.32673224589331,0,0.37733714767041454,179.23815437581007,0
61.84597026269691,14000.0,46,South,Mass,97.97261545978529,0,0,5.694228513879111,55.38487483293257,0,0.9439190634684095,2712.104870600876,0
47.337766792368505,142575.49277273176,58,Northeast,Mass,49.77566076730729,4,0,60.436640025904246,81.42733140532623,0,0.187398684157471,181.82367653009416,1
25.5897505199622,68674.624875382,20,Northeast,Mass,42.810831679300456,5,0,34.044169604717226,69.3047533750629,0,0.3088072781917331,69.58782180421336,0
41.13142195175439,73051.65862717255,17,West,Affluent,69.71062790837664,3,0,24.563247363817357,54.001765066614546,1,0.5775555249536756,168.92535081517642,1
36.97835335725253,35944.772232348405,25,Northeast,Private,57.505205109897446,4,0,27.324985472512935,60.699876487644325,0,0.2664862520838072,133.1886602796617,0
49.394509271526225,31922.737477204348,34,Northeast,Mass,66.47101710801827,0,1,8.944165153457899,48.334336836364045,4,0.43559695474805904,163.6948271737254,0
43.02447616648048,42810.81235276702,32,South,Mass,72.87974306370573,4,0,24.67395993630347,,0,0.5654717921758939,358.95530756384545,0
40.18849117648262,31827.687717221324,33,Northeast,Private,59.24172184523732,3,0,54.625819426463416,71.24102058542088,0,0.6756174583364772,125.03771802710195,0
44.817258913009404,35320.453386185465,44,South,Affluent,66.30162376140893,3,0,27.39318768938439,56.39121945008296,0,0.7166250878633785,237.9171157187258,0
30.187685597818543,17504.000366911485,5,South,Mass,44.4847782170874,0,0,8.341181360600205,49.56628388869222,0,0.17189330806942948,57.11909410024536,1
41.311887656548,82006.0263431634,35,South,Mass,55.63499966080814,3,0,48.883049046318725,60.47611505900116,1,0.39519099321343715,316.41287253131327,0
58.189444628898954,44627.07639139275,59,South,Mass,51.30460461604418,4,1,17.944155408590003,70.55575738297131,0,0.38121477127955816,73.57121590020296,1
49.69770328617867,19005.989348638745,33,Northeast,Mass,45.150747912815056,1,0,15.093965196445188,63.23694273584499,1,0.5553067101575653,40.26268884602208,0
55.566562344744156,58569.9590886806,48,Midwest,Mass,39.43273463872827,6,0,16.457522635137526,74.62984484187612,0,0.17255905278115363,42.260534530869585,1
62.162248134862175,36977.38069137749,75,Northeast,Mass,65.56604809088915,2,0,13.844504727426406,63.35032676435436,0,0.672958217506672,169.16090658872824,0
25.782516798685144,,48,South,Affluent,36.37850075863515,8,0,20.500849049731727,73.69785482822732,2,0.3206509899209782,105.53797200247315,1
37.358265644835434,25761.680106469354,21,West,Mass,66.70026594757718,0,0,12.576770473194651,61.67716349831548,0,0.5852083794654663,105.80062240454433,0
44.42175088421111,18302.954004926658,27,Midwest,Affluent,43.15503971587267,1,0,17.77566567409325,64.08468272761534,0,0.05671721916196737,55.98132803872416,0
26.40654570176105,25073.818804590515,29,South,Mass,60.43357370870374,0,0,16.894875873621427,60.246194890098195,1,0.7250565187006737,227.4601320811858,0
43.238128494149564,19663.79093802982,15,Midwest,Mass,76.63725303135382,1,1,9.740432542035268,54.44567983702424,0,0.7827070329777713,146.15470195422395,0
42.435269477131925,24284.058485030237,37,Northeast,Mass,45.55724471466814,1,0,19.74886572934918,80.52446051453882,0,0.308704270912337,156.51070902263442,0
57.15139945175325,35225.74025125055,40,Midwest,Affluent,52.825047998338725,1,0,13.503045954267174,50.80003055487922,1,0.46605134206824217,66.01969976886072,0
20.946393373093212,14000.0,8,West,Mass,67.04662644041218,0,0,18.39011537241522,37.37664882534091,2,0.7049772700465615,427.9968658401995,0
48.12141445630357,109034.83272117397,106,South,Affluent,53.13488906594176,1,0,33.33060225189647,66.04021066541188,1,0.3668405189128728,71.88536998692805,0
18.0,14000.0,5,Midwest,Mass,42.57873551598324,0,0,5.027783708181731,53.44114107270802,0,0.35550006780899207,68.65554249920542,0
35.05445509257735,24712.35830642252,8,South,Mass,45.130143506266236,1,0,7.4682752123394645,58.20132399477758,1,0.22112700021725115,73.72009825619735,0
36.82807577703831,29253.701806881363,39,West,Mass,48.209509775685355,1,0,21.105955684544153,73.68898344055901,1,0.30705329750351384,111.83421436056923,0
42.324830619427225,76178.89255798148,31,South,Mass,40.29884333700457,6,0,23.101129151191074,72.99841965464397,0,0.2521914393374416,55.961744140348515,0
56.35445662395242,19687.3839275568,20,Northeast,Mass,67.42702118264917,0,0,8.349622952970277,78.35081933209527,1,0.21658050745738613,106.3859235709469,0
30.615690143890706,55458.41388270992,20,Northeast,Affluent,37.07120480602855,1,0,17.767002781776267,57.00321688525763,0,0.23375953881356049,186.48509951458658,0
48.21622244388187,35729.312750777426,22,Midwest,Mass,52.67125800661924,1,1,13.895875576827684,42.98416237110203,0,0.2560774165155459,77.9216771847372,1
39.10457548995086,24877.39779331146,56,Midwest,Mass,65.6107898558037,2,0,27.439822044277886,45.671920030138864,4,0.6235548083260647,417.5817609217683,0
45.87329173919745,50775.820561962806,13,Midwest,Mass,41.52533455057962,2,0,11.947467014499697,80.43282897477566,0,0.2769670888643057,36.258929215398126,0
43.716340923030806,81385.83081943306,23,South,Mass,59.12722221203817,2,0,15.936387785591087,68.84556571297416,1,0.3403310598930303,82.74422661466006,0
69.66583825700718,182169.7140722089,36,South,Affluent,49.6082172601827,3,0,58.95565500406236,,1,0.25812810312167916,67.86820738102942,1
32.537084572211086,31768.158502765702,25,Northeast,Affluent,54.30719275249805,1,1,18.3829394596315,69.97311557311951,1,0.18981108465982177,150.74424350975508,0
64.47006586219672,29927.93724795783,45,Northeast,Mass,72.23824573674707,0,1,4.075696067820408,50.14292797194838,0,0.7638701810648126,226.98447864497373,1
25.352393354413763,19666.566223695776,8,West,Mass,34.85782998881811,0,1,8.881058297388089,70.30936954269289,1,0.26809272598492645,49.56007152964466,0
59.03639215858851,91672.25026434274,37,Northeast,Affluent,62.59900901683769,2,0,22.16519042988326,45.95922722358555,0,0.4227205954639956,1441.387827905468,1
29.043820277487544,55622.01615538678,22,South,Mass,52.087582250161994,1,1,23.791321403973853,59.74429593629986,0,0.3184392460303533,84.28900522536506,0
66.47834613265934,74411.95819782963,48,South,Affluent,51.983786663707875,3,0,21.553705573274886,60.85659665031048,0,0.2611181231397834,104.56045955256678,1
20.937990128688234,24060.51416408148,26,Northeast,Mass,52.11397391747874,0,0,15.564933492453237,84.64048387671376,0,0.2515544334517806,115.29148179425118,0
34.267194465039424,,20,Midwest,Affluent,49.40315911226276,2,0,19.557909158849093,60.80703622408985,2,0.2890107267454288,75.30656351715578,0
77.99068363912345,20281.458597191617,73,Northeast,Mass,63.237215095180076,3,0,5.5194950179326305,45.17226505792302,2,0.5812533188910786,115.07734757020775,0
36.03662931424593,19332.27903135027,17,South,Mass,61.88607245877725,1,0,18.08237259703399,54.042531720112805,0,0.18388067163828986,49.5697856498048,0
32.03948429109658,119414.09793721646,14,South,Mass,27.650372956244617,3,0,96.49417356137522,76.81356846371459,0,0.1863105698002129,50.16414731425232,1
34.36365665253742,31520.72672816049,10,South,Mass,55.75159129170418,1,0,6.723209905137611,,0,0.31845320641999214,101.63313820904203,0
65.00358576665896,80127.77597196646,89,Northeast,Affluent,70.3192700865874,2,0,39.42020207849183,71.84097183353113,0,0.5237465329123873,302.5966711369203,0
49.14408197215075,115229.51081020817,10,Midwest,Mass,54.3314627238882,2,0,22.854438368222684,41.98087152327071,2,0.22748314199244501,75.51944527500085,0
30.07381700431344,39542.11996329057,7,South,Mass,72.1229687980581,6,0,31.639464396447547,,5,0.6079142263511234,613.4037931922486,0
64.55106956857003,42747.470796165864,55,West,Affluent,42.46830379750292,3,0,9.610601031508137,66.9478241953002,1,0.5090896133246128,68.8550345229051,0
70.12138308336421,18809.33553932191,60,South,Mass,57.03512038695273,1,0,5.004083958999252,39.79244985033083,0,0.4433893946471175,108.12656359714771,1
43.88373045201416,23037.96596655403,34,South,Mass,39.60546273033852,2,0,7.269386069266633,62.26550129183788,0,0.23369730297442973,50.29642602671843,0
54.62924213370445,15322.604793510882,54,Northeast,Mass,64.96977408212085,5,0,11.000753695703887,58.2873953106345,0,0.2228187837965792,92.63760500213839,1
48.95875437137822,14000.0,13,South,Mass,64.67982608385779,0,0,11.853219420634476,71.96029329053623,2,0.5684328408228335,184.70356641209892,1
46.23199622385342,20835.15439307554,39,Midwest,Affluent,68.67637551160726,0,0,18.50163300569885,39.20930749187571,0,0.7147206894929788,439.7664363047286,0
31.82015900729752,29595.80062827121,25,South,Mass,58.63773014322261,3,0,17.557800129669438,60.83288248574858,0,0.185546005996264,112.88598956478292,0
41.873191845883355,30006.874487282395,64,West,Mass,50.60461865051282,4,0,17.812515945101858,62.49653437890708,0,0.21746932542098749,50.9539346203843,1
36.012795873815726,24812.392020387848,32,South,Mass,55.86105235437616,1,0,10.823430535358447,47.644045184795594,0,0.27007606401256634,44.92126821448597,0
23.774216345366103,75627.75579027439,27,Midwest,Private,58.06800677245182,2,0,66.73002576909776,37.24298876711593,1,0.24424301443411825,168.02274907708914,0
38.7461053692172,27997.403293019634,19,South,Mass,60.076424057822955,2,0,28.814389830003645,50.07718053290296,0,0.5467129571287674,358.34404490020034,0
35.53764484173133,31767.21945072762,11,West,Affluent,58.62252451448335,3,0,28.430141616553254,52.007402980285924,1,0.34907655046630465,340.0431104393796,0
21.559792345988775,29328.947165595633,20,South,Affluent,61.4767553288973,1,0,33.370784998389226,67.91069380215066,2,0.3012512991739641,121.59925950840594,0
30.328793501181128,78595.82693618868,21,Northeast,Mass,34.045073669385026,4,0,36.664892883935956,,0,0.33281459363144494,84.17169628928026,0
41.81040788324518,52224.03899346368,16,South,Mass,46.51031858860959,0,0,22.408538125361385,72.71814046449258,0,0.2795890875839661,58.07198133627323,1
54.12863524763363,15847.341847591384,44,Northeast,Mass,59.85745387448637,1,1,17.817191993007697,51.74017502287424,2,0.456427836522961,98.57522095131239,1
27.828123677631268,49244.19020725622,27,Northeast,Private,23.851946176336867,2,0,5.593123335917968,,0,0.0,39.97413960402184,1
34.1595693595307,34737.58901108389,18,West,Affluent,64.02089826165762,1,0,33.35887706001311,32.124950134308406,0,0.45685374023369046,150.59765689203323,0
25.519770500167542,32719.713423879362,18,Northeast,Mass,32.657832616098545,5,0,26.212561754331492,70.68689454668112,0,0.053596415640430516,34.51788919668789,0
18.0,32922.07726698601,9,West,Affluent,26.09699417710681,3,0,8.38278961568119,81.91341298967205,1,0.21829028670172193,62.44091426860855,1
53.93939086177163,41104.158945781295,90,West,Affluent,71.27544582697543,2,0,9.104885583293749,47.78620141684537,0,0.49034493244753846,121.26773217490944,1
55.78025576218502,20739.239067120117,14,South,Mass,55.27645896785502,1,0,9.083084128485794,65.55388510867665,1,0.30855465807548227,58.978305616911236,1
48.211839786198276,15589.234874926127,34,Midwest,Mass,72.20774282387592,0,0,7.204830865896398,67.69292195206157,0,0.5131455504355383,228.377224481592,0
32.68062784585573,25876.73734373284,14,South,Mass,73.75264148849195,1,0,15.141170694085156,38.89079935508287,0,0.5682455949576313,1192.6858011320494,0
46.57943201777021,46658.49906654554,48,Midwest,Private,59.933820234597164,2,0,21.612152295255573,,1,0.1680656389005347,166.35006596709215,0
31.061815525101736,28764.392487867197,25,South,Mass,35.03604164517814,4,0,13.87045721432351,78.18933059304257,0,0.3144294572009434,33.13487255714653,1
52.99298642393661,21857.889029822425,43,Midwest,Mass,52.91555582880988,2,0,16.020745924807304,64.36310999092164,0,0.38542466225030936,55.096501221445294,0
45.97134277728763,97741.02711749893,39,South,Affluent,37.99514084432905,1,0,11.966752008646523,97.30434408984793,3,0.18345176837246632,116.07575561870365,0
30.201853789837333,81933.8069590876,59,South,Affluent,59.860047989258604,2,0,50.95296800350826,74.51639443667747,1,0.5007778073983804,237.18212370330548,1
33.77849236390442,35144.3115522946,18,South,Affluent,55.523583958834706,2,0,25.54349887074231,58.05641159981325,2,0.4235258648819196,208.51947926877511,0
53.66499801570205,,49,Northeast,Affluent,41.67752667526113,4,0,29.983061478402146,70.07714305032962,0,0.18081947840636584,60.578120865261425,1
37.439254362275534,66352.83024341834,25,Midwest,Mass,40.20176886536924,2,0,21.947753870143377,69.52643706486812,1,0.14575799518040705,42.487028273903974,1
42.75677398299941,16769.945889250444,29,Northeast,Mass,45.3058197079858,0,1,5.974241568188166,69.27612861408451,0,0.16607097759856762,27.273013748216986,1
66.57181637181954,127439.4045971276,19,Midwest,Affluent,42.050106208753846,3,0,35.89851183511849,65.80052022427721,0,0.1997053192656474,63.01872433605164,0
44.90144257009,37602.75606972216,42,South,Mass,39.6781365315312,1,0,13.73242925326189,77.78350623006335,0,0.3356633813938229,57.12387749415853,1
23.294238482471414,49644.19861032112,15,Northeast,Private,52.10496532813043,2,0,28.131676251711728,64.91300693082154,1,0.40556247764159115,255.923376177103,1
29.98506472930451,121892.15900271207,37,Midwest,Private,34.109255620469355,6,0,36.95891953436465,55.52113054685472,0,0.13024105074613518,53.13707044507642,0
30.76509251754986,,26,Northeast,Mass,43.64411113607525,0,0,20.465530437797785,67.60977888791095,1,0.2656180795926918,126.60770011941885,1
60.85627929636087,54408.55687360543,42,Northeast,Mass,50.56743786956253,1,1,27.709221610523013,,0,0.702002454033435,89.6930074461643,0
72.75618186091819,28801.36273904963,36,Midwest,Mass,51.119126893204324,0,0,24.730256068932373,78.63006378231931,2,0.4188723818000691,150.1619495750487,1
62.37457383680019,44338.02610271097,37,Northeast,Affluent,39.37776352245567,1,0,42.17049451268837,,0,0.3198044180589993,106.22748515921921,0
45.65156773800522,36123.966521469374,39,Midwest,Mass,33.60248249421406,1,1,15.94140328096381,74.38814040943308,0,0.19150442350074648,37.841564480078844,0
37.45253804481791,77498.3296892549,22,Northeast,Mass,37.4701134530606,1,0,18.787492768928853,71.38878952916673,5,0.3408760760937158,44.92553866359969,1
43.474461340491594,46820.43101136402,33,Northeast,Mass,37.870542403959256,1,0,66.9938746126638,77.02989272080363,0,0.1133448108112113,65.7322583875689,0
43.06331787665889,20056.42396459504,29,Northeast,Mass,70.98108496558558,1,1,11.251762655027044,49.63597874326846,0,0.6679538515752081,92.55249318253998,0
52.36373929165098,22361.872687080522,59,South,Mass,56.24712668137803,0,0,8.956449836447268,61.7973461671879,0,0.2612776193127999,65.99154092961355,1
26.493158475507244,29370.814510932094,18,Midwest,Mass,54.06766921688687,0,0,8.898967764615898,47.00146661150198,0,0.1633862665866815,50.78467072220691,0
39.76998848077495,114113.54482268057,20,Midwest,Private,47.540141683108494,4,0,58.93915586656974,77.04762943122934,1,0.20135038793991838,142.90545853959222,0
39.80241576399302,,11,Northeast,Affluent,66.76814495460803,2,0,10.191958479348443,58.529804281220166,4,0.2562372833265125,140.4377484325812,1
32.9574315313884,78230.32576828534,15,Midwest,Mass,58.54097037652221,1,1,13.57439380963476,52.78145647153063,0,0.3924197950609618,75.12383402520264,0
18.722401267036776,,3,Northeast,Mass,66.99104146245914,6,0,19.828441933512032,39.99264926641165,0,0.5200772537517753,120.9028301091202,0
48.799572936665946,28434.886605268526,66,Midwest,Mass,62.058843308051664,1,0,8.03822927347356,67.19575138619747,0,0.45353827102201505,114.56808869413756,0
40.0980065910456,27309.269994408063,31,Midwest,Mass,57.696584596823456,3,0,28.424429101619317,58.27588765224926,0,0.306829819904594,151.0263898734615,0
49.10534793506327,55576.691750328886,44,Midwest,Private,59.45544853593803,5,0,11.569622081500409,69.2283783762595,0,0.502724618958759,110.14467536323973,0
22.911351957296052,21215.256378075344,16,Northeast,Mass,58.43040520389083,3,0,15.394742428528147,,0,0.25247227726600513,59.72703737623861,0
24.405267738592617,19284.621264082067,39,Midwest,Mass,59.71799250684923,0,0,19.937833931871126,77.61973811518632,0,0.14873892737102967,113.27778359284551,1
52.973851726090444,47975.674408571234,46,Midwest,Mass,44.30224813726913,1,0,7.114825051830421,,0,0.4697745555444546,91.87169853493761,0
55.2000151920515,41499.36853635665,67,South,Affluent,60.247333130633784,3,0,13.629838353312664,60.35431464329041,0,0.29831910884354246,237.7567470500122,0
64.38804092610633,15822.677643471134,20,Midwest,Mass,83.51238878380396,0,0,13.294011580918529,68.67435654225824,1,0.555933863809094,596.7371373272048,0
49.013643829481914,44660.96680832791,32,Northeast,Affluent,72.02099667093538,0,0,24.045299456405033,57.92999821209948,3,0.8691741603575793,2331.8437905858796,0
33.859942750891506,33352.774927399056,19,Midwest,Mass,48.89012391872715,3,0,15.214077016278825,64.37839166301357,0,0.23046388796253106,60.227318464419014,0
42.59255063109922,27792.60604532675,29,South,Mass,65.24354438737569,2,0,19.641260496757372,54.92228975782465,0,0.37991007543744576,138.97943422335186,0
36.19992394560183,91921.60893840835,42,Midwest,Mass,39.96471962505755,4,0,35.79921260506718,69.75962596439807,0,0.0716203144225758,33.14061113482407,0
50.4475280056257,75818.13504700887,53,Midwest,Affluent,50.31139778637703,2,0,14.44190373791661,,0,0.24150472903214068,74.9616886638927,1
34.95922561741883,22906.655759800706,41,Northeast,Mass,65.79089051925105,1,0,6.701135860424633,58.171989123875434,0,0.47450098473110497,166.45239392127297,0
48.64267305579662,166214.86721951133,45,Northeast,Affluent,54.75195177775549,5,0,37.24151451158332,73.54735332645235,0,0.3169671607508258,118.0211437165083,0
37.31009456735791,17582.76947937984,18,Northeast,Mass,68.74948097887685,1,0,18.719995824357774,34.98875829726592,0,0.8015680719825594,323.987040256787,0
29.192187829168727,14000.0,20,West,Mass,34.34550333896078,1,0,4.870870508757337,71.55996540951641,0,0.23457088274426185,26.651441924539927,0
29.636935339291213,14000.0,9,West,Mass,68.22805113771922,1,0,5.578826533819753,48.28012208970085,0,0.5617085249383339,321.0882724439694,0
53.718042564246915,,47,West,Affluent,30.73892173113172,3,0,22.587079063875137,73.63949394690006,0,0.0,19.882370067739863,1
48.20490946526884,53517.21013166722,85,South,Private,47.9602208084749,7,0,59.6440154910117,63.09127304179585,0,0.09940656652497981,90.69547023797342,0
18.3810228582242,41279.87222675137,15,Northeast,Private,51.30892183185633,6,0,47.80278316741243,68.04435233584044,0,0.43587936214682366,104.68044845843194,0
36.03177917956907,36029.49156165939,13,South,Affluent,50.92082292225243,0,0,30.354082337533768,61.3299864514135,0,0.3621611242642984,72.76649175979469,0
48.88575273619463,67595.65768519336,49,Northeast,Mass,50.2625969721681,3,0,11.124627025233544,68.72264781224293,1,0.23806490212827897,76.58290058634284,1
37.94246038523178,24533.927528919,24,West,Mass,72.86583481723036,1,1,9.01253397529226,39.6857381442041,0,0.6139228242635085,206.45149569651983,0
41.56383074104004,29239.239168307227,40,Northeast,Affluent,57.15915219573427,2,0,13.411839501999292,67.56685548909559,0,0.5381917494074406,81.075224345128,0
34.546998899363814,32657.502793228097,8,Northeast,Mass,56.98960456994357,0,0,15.183289917485158,69.3938588628185,4,0.4315806572533357,1240.781677971528,1
37.12015616665381,21989.946992296464,24,Midwest,Mass,68.81670719125704,2,0,26.26370118853524,44.624297586955905,0,0.8826497625794323,1797.348827385837,0
62.23919405794031,19436.431469646213,47,Northeast,Mass,52.9016817928417,1,0,5.9572230568035405,66.95468927454968,2,0.5675411445305375,104.25051561285198,1
54.53586585784899,30019.553111354555,17,South,Mass,63.07884183941772,1,0,21.374654944844618,63.45217456928689,0,0.650954686061686,146.0494815097732,0
36.537222685404906,32372.3874513534,14,Northeast,Mass,48.83685570155712,2,0,14.814249248673468,50.74193695397302,0,0.5023904098387852,63.73892352141781,1
36.4809586705636,44054.45762932924,38,Midwest,Mass,43.44310864540304,4,0,15.120494743412985,58.30947311989226,0,0.32870651374050436,113.0077983533677,1
59.32204391150565,39512.89357588596,40,South,Mass,57.512416848022816,0,0,15.218235510603991,66.81291621213536,0,0.3631826760379307,69.58530599077636,0
38.50807823088107,78705.29083072608,35,South,Mass,39.62625434420229,4,0,61.215207817175184,74.87428162460894,0,0.36736851417732924,45.29441243627504,0
31.215967557556194,75303.44904564566,28,South,Mass,51.842761757469546,5,0,18.175108689740476,71.11102216051701,0,0.3211383190278249,77.24826072143006,0
28.147793947864933,21618.843287492655,4,Midwest,Mass,66.76244859445032,0,1,6.167399272124427,41.32336492822112,0,0.44606497890448643,38.33630413765068,0
28.154141348396333,16744.333336411884,7,Midwest,Mass,54.24840771814986,2,1,6.850606495239984,34.777801406629344,0,0.48677971348483584,75.95013513029029,0
52.20249771414048,219586.92181271178,32,South,Affluent,31.3541962092034,1,0,102.0675168662329,75.99436887210128,0,0.15983284986771623,65.31005759843455,1
47.23801668255014,83690.12946807867,17,Northeast,Mass,33.21705326096395,0,0,19.818431908045856,61.957915332305355,0,0.07947297377928429,38.638237269255754,1
27.26970060618059,78710.24619417818,32,Northeast,Mass,35.0996949029171,4,0,55.95862846848618,80.57955026705962,2,0.12134221052608439,69.61715858625038,0
32.99570899102278,47003.16210386081,17,Midwest,Affluent,42.523013314177085,6,0,15.480874757948746,61.18042960122187,0,0.13956491509675,54.0966233791634,0
38.588545796958016,42992.7546575336,30,South,Private,63.762233801017544,3,0,55.78374514455036,63.85207740811907,4,0.6008660735100757,419.54160925731657,0
59.961246474533475,36010.20528988104,17,Northeast,Mass,39.494340510429716,0,0,11.879647259732115,73.27217113245324,0,0.26382950114937465,58.158584071326196,1
45.4736864636041,14000.0,4,South,Mass,86.14578654734702,2,0,6.092533021339511,39.98949690177917,0,0.827592725101632,194.55362412541626,0
18.0,28861.932252789138,10,Northeast,Mass,28.6772912009318,1,0,11.837809995097484,78.36150443355864,1,0.29851021983920756,62.41541443976679,0
44.84889578422457,,27,South,Mass,16.519197335456887,5,0,63.28897674292619,103.42544783970042,0,0.1252357600853536,26.637500010082682,0
29.392806086126477,32118.518098808705,19,Northeast,Mass,73.3720705583112,2,0,18.16916634683137,45.81037083251147,0,0.5994688252860301,356.62049870706755,0
18.0,42715.860201319716,13,South,Affluent,49.12742642527889,4,0,29.339425079525096,67.80657461030505,1,0.2049452023635717,97.42132260204238,0
36.706361170620255,,27,South,Mass,59.62500452787861,1,0,22.809781825362272,47.1807204910572,0,0.6340914854933288,145.98849876064656,0
31.153134041166627,42600.6266745804,22,Northeast,Mass,50.74624587341572,1,0,8.22699652393176,57.481558384673114,2,0.10277388953145956,63.77194018845452,0
25.366405771865757,19009.838090230103,3,Midwest,Mass,69.31685019762575,0,0,6.31529864168396,64.39156121540974,2,0.8012985380409151,82.23780733027486,0
44.06725930868805,38322.42462844988,34,Midwest,Affluent,57.75894049532041,1,0,21.106258678990258,66.89376228092749,0,0.140501287161405,146.05130855616335,0
44.470031261875,42902.72338718741,51,Midwest,Private,46.8279319357847,1,0,20.853067507551508,72.74716888491749,0,0.22706873449541573,64.07699291925374,0
28.4657639761319,,21,Northeast,Affluent,33.83778785788913,3,0,35.07823666126361,68.03045470531727,2,0.06706165751917026,44.84989810634878,0
40.33141678041011,41488.19834897155,14,Northeast,Mass,66.28363522486657,1,0,43.376464646431934,68.29985740435166,1,0.47715459702856344,229.0142167914851,0
33.91077169204454,38036.8367490362,59,South,Affluent,64.72050570102223,3,0,11.342440240413831,64.52620334170896,1,0.6121804614493223,115.25711316240502,0
45.61084454497833,14000.0,42,Northeast,Affluent,55.47487677425079,2,0,23.07624980569533,70.64586278124267,1,0.5232292083318859,79.6739184709903,0
71.02921365513272,45823.13610140355,39,South,Private,56.76496717935292,2,0,19.578056604369166,59.34446421273245,0,0.46086731835169015,206.46188435394103,1
30.204847491102356,52824.921192578724,11,West,Mass,58.37116237415685,2,0,21.105979494884632,73.29895359942654,0,0.2650201221627325,80.40201641994881,0
23.76782283640546,39013.841861268294,42,Northeast,Mass,40.396632777111705,3,0,45.948851993061446,66.81204884431068,1,0.1472497082174273,80.63336800600452,0
24.844436575430848,14000.0,19,South,Mass,66.4709219200158,2,0,6.179647376194383,,0,0.5564884991361547,164.11964365113465,1
54.88419737257112,39870.47509120329,52,Midwest,Mass,36.9895391390735,5,0,47.98630985136137,84.43531746569789,0,0.26640761755138054,44.375317508334966,0
27.23102756814307,57190.87805114225,49,Northeast,Mass,52.448819231084144,3,0,27.693399951456033,70.56628847775823,1,0.2877717366972331,243.73545845132202,0
18.0,78103.84085852282,0,South,Mass,32.98937910602464,1,0,61.40625356389395,73.49532557550393,1,0.04366198144895257,72.02699853949665,1
33.89698763710397,25404.19008834085,21,Northeast,Mass,31.960347811688234,3,0,15.029407271505974,64.95530115484902,0,0.1913212921975195,47.96888187821592,0
45.02102352538546,33359.8594466159,8,Midwest,Mass,82.73205491968477,1,0,20.277675407667175,65.86433083447803,4,0.4468867036339019,640.5542335520042,0
39.130913524855856,34093.973752516715,21,West,Mass,53.1459398887925,3,1,12.848120078149707,59.201779327736,0,0.2302729649105067,69.58853239494587,0
26.38968129571304,18995.90391097639,31,Midwest,Mass,58.93377119857666,5,0,15.82410295828134,70.5976855008958,1,0.3771054673392261,176.08400191799882,0
33.485247541976015,62333.187926624145,48,West,Affluent,26.435123885994763,3,0,59.361756120725964,62.89454706637432,0,0.04911973923116935,30.277965144744375,0
62.972244642160966,26909.040315026603,58,Midwest,Mass,42.38318901589719,0,0,5.461995443795145,73.86807059219377,0,0.28794036176715404,44.03419350643927,0
49.56929912193002,14000.0,31,Northeast,Mass,67.42348628719405,2,0,21.10287467327472,61.91124080153382,0,0.7070147963113869,508.12076441459726,0
37.35683124367881,26971.824708988734,28,West,Private,44.22139084575356,6,0,50.942923697928855,83.60818711558574,0,0.32834378950701254,131.28895138638933,0
43.79474577792224,23364.13316526071,24,Northeast,Mass,56.96255415446194,1,1,10.174587269084933,44.91091667999906,0,0.495984866238431,85.0022157754888,0
39.4801141694573,29819.274034515147,17,South,Mass,46.03946472337792,1,0,15.844212250382004,52.13689346096723,0,0.4739782723772637,57.173285270129455,0
43.51606579472739,20735.444464261178,57,South,Mass,68.92431708316784,2,1,5.695978530431526,48.6542962709012,0,0.563764355774847,144.59647030880328,0
68.50563346479022,77141.08915613065,46,Northeast,Affluent,54.008385081033275,0,0,21.10378404302392,76.33679021466861,1,0.4058748678345271,126.71319464586719,0
41.14387127713768,75834.36044579862,50,Northeast,Private,57.62935395210445,4,0,58.996357430986194,70.99255217635695,0,0.4095074642747205,130.83514816913413,0
42.2487275645207,,24,South,Mass,46.52390572064374,2,0,60.12202800347463,80.20782556730556,0,0.059881889187437816,51.71702966736277,1
32.69197684106437,,6,Northeast,Mass,43.72866785823807,2,0,30.189891490406083,,1,0.1552143164829343,65.96624554589732,1
42.03972621020561,37294.96546336671,21,South,Mass,65.67435567668466,1,0,30.08395544217377,,1,0.4776962788160824,195.8429029993225,1
45.141691818254095,14000.0,69,West,Mass,75.02032925229146,3,1,8.956743682005994,45.46302156233554,1,0.7336810336691532,52.94625988136075,0
55.88846543324857,27637.810919412146,19,West,Mass,73.21392219599231,1,0,10.299797469899216,35.332293944658325,0,0.24446572504492384,127.52334957355168,0
45.9312072694126,31812.531746774883,48,South,Mass,53.37488159248543,3,0,5.8953833075475,73.38340547131892,1,0.6800858265572514,193.923434201946,0
38.405307848408654,66068.25834981124,7,Northeast,Mass,35.06127561171635,2,0,27.9761237085093,73.29861972816717,0,0.0,38.13943649492894,1
44.21420465745746,,7,Midwest,Mass,58.40096995228642,2,0,9.823224637559395,61.4906524426123,0,0.25448662449897785,75.94145562527767,1
39.7777160540382,27954.865864155014,43,South,Mass,56.78019532201399,1,0,7.154441836153528,54.36740495044774,2,0.4313210183505375,264.01331564588844,0
59.0365431343175,68940.61750553054,88,Midwest,Mass,32.18104548720014,2,0,8.824288034470904,77.77538009738048,0,0.16492014676933206,32.784539841138795,1
35.83431157550814,32576.093617639464,28,Northeast,Mass,51.522996449043205,4,0,97.11661710607163,67.6277284672371,0,0.3515998076619452,127.48649036091827,1
50.55763924456074,83196.17004869466,15,West,Mass,46.32953061971616,1,0,16.397723194218536,69.17319893861023,0,0.32221970210041145,82.61257772849478,1
39.70939890988742,45765.453405010376,27,Midwest,Mass,51.42853310132647,3,0,14.092229538596301,70.59162298202376,1,0.14591504260187663,60.50111944065427,0
35.993951363580315,39756.58441663722,25,Midwest,Private,63.691294028686585,2,0,9.823968278542969,70.54781098007282,0,0.5729270922603604,200.94343702356585,0
46.18409077774658,33024.76211718214,24,South,Private,70.34867267459242,0,0,18.978059719126733,39.97937750475939,1,0.6918056289278602,1640.8161109106159,0
35.87537824224011,36502.29254190345,12,West,Affluent,75.01619915812793,4,0,45.91373944014051,75.73574905794923,2,0.6041843140361784,3271.508338971479,0
36.24478503547285,39454.60692521863,30,Midwest,Affluent,43.117257155424944,8,0,21.309702901046197,89.13739626638139,1,0.25498007482908436,60.27823656294015,0
40.57097612212537,167173.4128023327,53,Midwest,Affluent,24.665563657728715,3,0,58.94875069227135,94.73432004163791,0,0.20522368933622723,61.69419863762994,0
33.218414103708824,14000.0,18,South,Mass,95.41614410484321,1,1,8.84071261019404,33.58210504455308,0,0.8000851611548896,205.51613753287694,0
24.376291346521228,14000.0,39,South,Mass,75.11786344332644,1,0,6.308909018341129,53.47459958733139,0,0.30777762045738877,76.41572856031036,1
38.65697623520985,41484.80273846158,19,Northeast,Mass,51.685262099005975,0,0,7.934719903522399,54.068707939311146,0,0.1653998961015639,68.13231234424134,0
30.496673049219872,63523.66140180045,20,West,Affluent,31.576575789990418,4,0,22.213727845024394,69.39358190432603,1,0.1222766450916349,63.95211260089834,1
37.480719472156835,36521.997410613556,47,Midwest,Mass,69.36634644189861,0,1,12.844330144953155,61.89663128795419,0,0.487857222841538,225.52978741408631,0
28.595225587643032,19683.734456128223,11,South,Mass,63.97363726315559,3,0,16.02107019601712,54.13726722146538,0,0.5970362025350067,168.68723868074326,0
68.98385326160472,,40,South,Affluent,47.71658763159815,5,0,51.0067415357641,85.51996789641471,1,0.14208549354720543,141.8992898344002,0
44.96936566551897,64655.25625065402,46,Midwest,Mass,50.49054613846059,4,0,20.489035580168984,71.18429628964599,0,0.22067853547406668,50.281915751274,0
18.0,50764.45308563245,23,Northeast,Mass,26.014250679887795,1,0,19.868203650726887,68.21615156231834,0,0.3979252181072902,90.75577118887111,0
27.743667859024445,40846.90654058416,9,Northeast,Affluent,28.272227434414912,3,0,46.492630975336915,66.04733726249921,1,0.14931468760946445,49.78256548728972,0
39.90642642537554,31181.937982824045,40,Northeast,Mass,78.76020780024044,1,1,8.227523575816669,70.73417470930103,0,0.7686846216316652,145.4885816570489,0
28.57179135865529,65007.85675234543,19,Northeast,Mass,37.90172925264094,1,0,17.84473234134901,78.09808830929973,0,0.2155444471679316,57.81000811694696,1
34.99150955585412,14000.0,1,South,Mass,76.2283987576725,0,0,3.9540608469013754,39.72301443133373,1,0.2686148845919173,244.4865743780324,0
56.32437463297717,198756.00576787099,38,South,Affluent,20.078981783752813,3,0,32.10651112192459,91.82834606839552,0,0.07056610494954711,32.98590785548388,1
27.4241671895222,34532.50406373811,24,Northeast,Mass,49.57087085003245,1,1,10.95078411076197,42.812597984714884,1,0.49719546688119653,162.6914643045792,0
31.460626541485727,75291.34063224215,37,South,Mass,56.06792802402365,3,0,33.21957597377144,66.44163348593455,2,0.2224272079931273,66.00404893140113,0
38.53071759885768,31000.341688724973,39,Midwest,Mass,54.80800175677313,1,0,14.761626913006374,49.19006812575358,0,0.36085364771412276,111.71081330486547,0
21.175123665693683,40151.26276648477,12,South,Private,41.64995210200433,3,0,14.704803131916506,64.74193668962778,4,0.3188150071682992,142.20173471390973,0
48.58817482202543,53869.868345301504,43,Midwest,Affluent,50.18380015074915,1,0,22.288160300444027,74.9982290607138,0,0.2119398424579027,41.96630667717103,0
39.74944783671442,14000.0,28,Northeast,Mass,88.08437380381575,2,1,7.5351134552330095,51.164733231115584,3,0.810057512784425,147.81014577007932,0
21.124376212503414,29591.581989827297,20,West,Private,58.000759338414966,3,0,26.297956086585927,48.05934630039476,0,0.5180402168383496,205.53474892880416,0
46.6815398724253,33362.277903678194,44,South,Mass,50.73830083992998,1,0,10.135308714679438,81.21990602526891,0,0.24064598780815213,79.79442477156978,0
18.0,19008.794663445406,12,Midwest,Private,55.88375525890468,4,0,34.91341698996176,52.68043958229782,0,0.5837036518097893,108.75366423245983,0
55.51195367910639,48508.41698145824,29,South,Mass,46.70203733809169,2,1,15.160043900504665,67.1029067490089,0,0.06462785641003153,53.651753402207454,0
23.7115359899389,16955.795543473552,9,Northeast,Mass,57.579287123066784,0,1,11.583339243110512,56.44839773138299,0,0.6006667176594882,113.21239018879882,0
55.21148850172892,14000.0,41,Midwest,Mass,59.76635190628382,0,0,8.58539314054996,51.55733158482609,3,0.36560906215246874,153.36285012864968,0
18.0,22977.486069596554,8,Midwest,Mass,55.238886851606615,4,0,14.91249114431354,60.78260791755944,0,0.5362441079092005,165.3934745898064,0
63.53989524399263,17341.20621830227,47,Midwest,Affluent,63.16403136185735,2,0,12.959036078082587,72.1674739868083,0,0.5466152396528564,190.60496924759613,0
29.181666811227547,57870.56721042334,21,Midwest,Private,48.70199493166325,1,0,15.141397821730706,55.38851242050461,2,0.1618912991696917,128.54359228427197,0
44.2306191693117,118223.25820974167,35,Northeast,Private,32.31146743455017,2,0,27.398047181706236,55.353390901960275,5,0.2005767627387687,153.84712164934416,0
44.31921408143579,15744.911112185162,31,Northeast,Mass,47.04724023945552,0,0,12.697787829490037,,0,0.19951284921188836,50.84635562133098,0
26.806479293673025,14000.0,3,South,Mass,53.45128507900072,0,0,11.116372080717674,57.74927376605835,0,0.3077623796307578,63.655412671957244,0
54.19073567137634,,40,South,Mass,56.606019714944814,2,0,16.56451582536749,,0,0.4226086668364506,58.057138642573115,0
46.324455405590314,20705.222872565366,68,Northeast,Mass,75.07506005489401,0,0,14.759196915753092,66.4033750458451,3,0.5179375543158432,134.6456689475194,0
50.481539906584096,48040.20217443876,92,West,Mass,49.87230922135395,3,0,27.306766775178286,,0,0.15447807802469965,153.2457630028461,1
40.25500159752527,113267.4106931333,23,Midwest,Affluent,57.43245307632643,2,0,37.62608978241212,53.66759367354909,0,0.43063814233399383,621.3327647820729,1
41.51133987337225,65749.23816639392,18,South,Mass,51.53835374108226,1,0,14.048313850959083,52.10432317798349,1,0.16406004129858495,257.9696798338866,1
18.0,45579.05057918756,16,West,Mass,43.23865773775053,2,0,11.135724387643457,72.0366201284618,1,0.21383261120090727,94.53960083896584,1
44.851520930934235,14000.0,43,South,Mass,89.8898098764989,1,1,10.622740987096222,51.48986929460836,0,0.6582438300096713,194.70704715749372,0
36.30888419743563,37577.108457900125,33,Midwest,Affluent,57.131126472249406,6,0,30.03282677383716,58.14321081404549,1,0.26086548544199084,250.7211869803568,0
40.94550867369179,47269.08014013028,53,Midwest,Affluent,65.95922163774588,3,0,45.94686011212977,72.56756221765096,0,0.34767080017135277,129.57269595827563,0
41.606373055544054,48761.54003258631,43,South,Affluent,62.77138269556049,0,0,36.23309189243989,58.646658057909185,4,0.6035459079825612,295.73615717032163,0
29.024921967975356,32941.27660725677,12,South,Affluent,64.67155615777115,3,0,12.518248515349756,49.965141742167546,0,0.376966023230518,142.91149447951983,0
25.483270257402246,,38,Northeast,Private,36.237240597042266,5,0,63.86265732166966,79.81422753933127,0,0.06631068388695632,57.8723707428479,0
43.463503191554956,35742.180650291346,54,South,Affluent,56.98286402413696,2,0,30.642433846053095,50.143113672519306,0,0.38018160574402343,103.94393740815356,1
56.8536697386265,39528.01784533927,37,Midwest,Mass,47.97571950004167,3,0,43.55694131702813,67.58946532849644,0,0.37892988195430455,147.5247573490846,0
34.591217535477114,54678.041059029114,58,South,Mass,39.345841260649024,4,0,61.249332602939,76.58970301219877,1,0.14778134696156034,69.72290110454638,0
39.479850156560694,142377.91508838668,23,Northeast,Private,44.63182866406607,6,0,29.573086760586886,74.13257729583077,0,0.12085895207812179,111.46312108967678,1
47.981454572911225,30781.22612042333,18,South,Affluent,53.31140944944465,0,0,12.263732705737686,55.18415045453124,0,0.22828176022820312,120.00411057613175,1
27.628804130866172,15590.423883956168,46,Northeast,Mass,67.75010256785127,0,0,7.987691010538478,40.7623398275532,3,0.7943790795530933,538.6187433208465,0
18.0,121779.86498083716,19,Northeast,Private,35.36581961203614,1,0,27.649042600094383,70.7641514244182,0,0.34150477629629,141.47200411414505,0
30.32898033096311,21309.91496624491,23,South,Mass,54.198979579749995,1,0,22.537498319021303,60.44915194657646,0,0.5690641444148392,105.76057122166515,0
43.02464643448165,33003.02245137664,43,Northeast,Private,52.87676345507179,2,0,18.229261963196446,70.80391930484915,7,0.2637469215470785,418.3374653559616,0
57.22043053341167,41171.61549316895,64,Midwest,Mass,46.956634876965666,3,0,18.153081408591266,77.14849801300582,0,0.12767322530446917,50.669923057818885,0
42.09199221992538,14000.0,40,Midwest,Mass,60.19222462922223,2,0,5.970240855538324,71.82729707361318,0,0.3119499755152843,50.56127058073482,0
25.20220261051291,19327.466070119306,8,West,Mass,53.19399372454729,2,0,8.572430613170248,36.47482283164474,0,0.509931525058986,138.40015589749538,1
25.714011774970473,45042.56604950312,6,South,Mass,56.33688718528044,3,0,14.841964918571772,65.49689858860401,0,0.39357908449718065,130.5330581477126,0
18.0,20968.42584337982,15,Northeast,Mass,40.156498232236245,4,0,26.405862973554196,57.79736827785364,0,0.32498888210432314,49.53326092619258,0
43.61770153046991,48201.450098614136,17,South,Mass,48.80521336013979,1,0,13.569970637822992,75.97518834639573,8,0.30997485082788157,120.60296010022087,0
38.323104253735366,76166.04873403192,14,Midwest,Private,53.08212614186108,6,0,90.0698553496576,49.09368228708032,0,0.33613647561548177,597.3424677638023,0
46.244927712363996,38410.136119817,26,Midwest,Affluent,63.08366604945615,1,0,30.118699144577484,71.3754409136224,3,0.42375818312975877,151.08593055823226,0
33.611798741622955,14000.0,12,West,Affluent,68.21864981303374,0,1,1.7754037217611998,32.76640372300535,0,0.7701981324077094,94.77871145893273,0
35.723473837286726,37864.69517420947,42,South,Mass,50.39535943601052,1,0,18.28810365408967,,0,0.1315307013232654,73.70831947586176,0
53.286510262644,35896.164431861784,47,Midwest,Mass,59.17045008939979,1,0,36.77788108979014,58.52385077414215,0,0.39506602597020507,161.75771829154672,0
39.04992497570987,14000.0,19,South,Mass,100.64581719610777,0,0,5.493460834163684,39.341067607447705,0,0.8843463103609838,958.6813631919316,0
45.72427663393487,,34,South,Affluent,73.55255182221346,5,0,35.790696813727536,51.696871276822364,0,0.8007843190300823,1416.5615326938043,0
70.43258198001442,14000.0,37,Midwest,Mass,96.17265520997022,1,0,11.226110519708767,35.43717838543277,2,0.7084756026242025,431.7255738013802,0
39.60241908134304,34643.476741331324,12,Northeast,Mass,41.41313101133253,4,0,12.975577108458088,62.02958914910423,1,0.39095243198810026,114.50486591472043,0
22.274757255978955,37581.023977793746,12,Midwest,Affluent,47.18439773265027,3,0,36.58067984162181,62.91314444408947,0,0.14708527733915577,89.90923020169602,0
66.87422605222147,28113.966508976428,37,Northeast,Mass,60.84525905961016,1,0,14.887113442842745,62.387787874637766,0,0.45789129180487664,153.41596935964853,0
42.549082059770946,52779.8481537968,14,Midwest,Mass,39.00401799751428,0,0,18.25459043200422,85.85940041135109,0,0.08336834326866585,33.536000894748526,1
30.472501385904515,14000.0,12,South,Mass,79.879146407824,0,0,5.95031973024648,44.645318540489384,0,0.8406753921711705,1743.7263031840562,0
39.257182123270155,51543.10853439145,49,South,Affluent,50.40904332770999,3,0,11.632185859583918,77.58914427798474,1,0.3432267181061024,99.47925889566467,0
48.90098589884636,20969.386860404713,42,Northeast,Mass,64.6782814947681,0,0,13.554893558192873,58.61185195966155,2,0.7374417187360162,237.99923493651536,1
18.0,32432.089806826778,10,West,Affluent,54.41442662524799,3,0,17.758788111472676,51.88899949375096,1,0.5803442042149396,263.62943443735566,0
38.96929690828784,49722.977534046215,47,Northeast,Mass,41.73893175836975,4,0,31.434003392494237,69.75063958922826,2,0.2829729075597416,50.110328559052704,0
25.99553606342385,67063.39069729428,17,South,Mass,53.808399903895676,4,0,28.11014329957115,65.25327124190572,1,0.3430345049225096,137.61949222984381,0
32.11099453629916,14000.0,10,Midwest,Private,92.94947851321133,1,1,4.865452630915857,39.73310808644161,2,0.49349014682221587,1315.215427766703,0
37.92756233444365,21375.603952250745,38,Northeast,Mass,63.9517059823047,4,0,69.90823849515694,56.85362495775474,1,0.6519068722879644,264.9088459574401,0
27.776953033891292,59332.99158545151,16,Northeast,Mass,62.72147239541125,3,0,29.30376498594598,57.45065179409228,4,0.5000921702349481,958.4565622482997,0
42.91796977472296,59424.99256221324,42,South,Private,54.93838371197008,2,0,55.476347043831375,72.54061137393555,0,0.5135867343297544,97.36774843513165,0
18.0,14000.0,7,Midwest,Mass,81.00372112876175,2,0,7.991225268025016,62.94945890163004,3,0.5503822027736048,334.65219907728755,0
33.91759653750581,31247.28572048086,36,South,Mass,50.9320504480316,3,0,9.992008930802285,61.20338193934376,1,0.2514944678686608,80.12022853452142,0
22.884892273647015,28803.19493177671,19,Northeast,Affluent,48.15939122136374,1,0,10.229713026629037,53.80648794649089,0,0.3175535666667199,69.7660854255231,0
65.38922793461028,135097.33464884068,45,South,Private,38.11574285252761,3,0,31.194951057557553,72.17670838646222,0,0.19764967894553725,63.79507851581343,1
31.686166817646956,30340.999612571755,22,South,Affluent,65.59336112763377,2,0,20.909954939228392,59.37537025269728,4,0.4478579815158917,183.7688418209191,0
25.663943256711647,20807.716048513463,23,South,Mass,40.51896161062415,0,0,11.1487692122541,44.34408929987113,0,0.3307155848510027,61.142278014862974,1
35.46379284109262,19008.384976722326,22,Northeast,Mass,70.68295519748968,2,0,7.279465494657737,68.03214596174162,2,0.41629260698939863,143.08478345563128,0
42.899772676707904,45660.754309358315,46,Northeast,Mass,36.78637283788408,0,0,18.383014232645024,80.51445805393674,0,0.1191638429377175,36.201706279603265,0
34.62707524670692,14000.0,36,Northeast,Mass,67.6720504937964,0,0,5.248857556329397,53.68710281699151,4,0.7782595747354104,208.8270436426152,0
33.19776259589016,14000.0,42,South,Mass,49.80727914954416,2,0,3.4477727915123446,,0,0.43329709036343517,117.6169590925799,0
29.540262894847316,42526.84108983578,15,South,Mass,27.623900082858444,5,0,26.84458048615873,69.23827988925785,0,0.049358102465318174,27.73794507700236,1
20.502895190400658,14000.0,6,West,Mass,79.1843110726686,0,0,7.879265808184616,26.532120009923705,0,0.8183421912604782,234.47618029443538,1
51.09055948953112,22220.41028066377,17,South,Mass,68.70631413987964,0,1,7.865441949564628,45.45649914198848,3,0.7428857704251458,141.49267232851307,0
33.71978256185105,14000.0,12,West,Mass,68.05422199770092,1,0,8.351344000703058,52.836169429870985,0,0.7417497341796773,189.52745561663338,0
42.99462452718032,68989.20117168297,37,Midwest,Mass,36.10892212182041,2,0,27.302558239194184,79.10694598089522,0,0.10917175335566828,33.15721359114369,1
41.694490049391185,73200.89475107139,39,South,Affluent,60.34373381539513,4,0,58.996000226240156,67.52547512011343,1,0.40882203803637535,243.6590603473086,1
63.862703385876934,55593.38137808108,95,South,Affluent,34.521937962913775,4,0,7.5309872889531695,73.28545298137642,1,0.2198132156885749,47.03684446903737,0
33.32636143585236,17034.380567569857,28,West,Mass,64.28233900733292,1,0,8.721042953356942,62.40302106732824,0,0.5555452170962206,129.84851652339117,0
42.79739168806867,45843.09392985048,19,Northeast,Mass,27.255247053339936,6,0,14.755409903849985,61.396338254826084,0,0.27719536442629644,57.93782571355398,0
67.87653234971862,83413.29383458951,44,Midwest,Affluent,48.617551372456354,4,0,26.844926182525946,79.61977264892096,1,0.19624178867128048,118.01357758534863,1
51.351385169007514,82327.47250586607,23,Midwest,Mass,46.42569256060837,4,0,18.61611727771204,71.44140058323741,0,0.560362185734565,107.43821525482359,0
28.674897121696493,44728.23191416575,18,South,Mass,33.01805997257345,0,0,34.35506279811721,64.29970635663472,0,0.3860929160097781,56.419001360713665,0
39.7284540121316,19867.57639966647,17,Midwest,Mass,56.14607034841128,4,0,6.759973420927709,70.02972096650508,1,0.3609495306661328,79.73670882136115,0
21.08050183861579,35170.70866844584,5,Midwest,Affluent,53.188878422079874,5,0,17.814612744662927,60.08538677625323,0,0.26339852082034215,68.86361709941959,1
40.62457051108735,83683.58728122515,22,Midwest,Mass,39.94492015349384,1,0,48.01805374246916,68.36162203964601,1,0.06356375886486201,70.56394023793713,0
42.95678785275903,38710.32540819282,25,Midwest,Mass,86.39536576083565,2,0,21.829908929276847,68.74403861814433,2,0.4569692771275507,648.196553523778,0
54.27548021792541,28631.723905815063,72,Northeast,Mass,69.35393172940974,1,0,18.662958406916513,52.60079720677566,0,0.38500875417406055,130.36962358524553,0
58.48984958267262,17800.361467254224,36,West,Mass,64.40335048431312,0,0,14.086778870341794,45.78355388402704,1,0.7555387341914548,167.08404259983743,0
43.13576979201837,44209.3867083339,55,South,Mass,63.14063250404698,4,0,17.48463531056654,64.44028026112046,3,0.412789921573103,223.88148137864428,1
42.04758122387116,92681.73314792867,21,Midwest,Affluent,60.36996137729145,0,0,50.177656361421676,68.25970096064002,3,0.347595684271464,472.12764502074674,0
38.40537186595277,14000.0,55,Midwest,Mass,72.91975546646317,2,1,12.344241404213022,42.130048525942335,2,0.5254564157133031,70.56107780073668,0
45.41311288660095,25743.419631741825,53,Midwest,Mass,47.89953607005691,2,0,12.711733224351644,54.75077518233014,3,0.6260513387196435,161.26837561034935,0
48.99016217944393,42831.73553432897,31,Midwest,Private,67.81096347442436,0,0,15.835550153739243,52.05271854516599,0,0.5940297477684723,371.9826737672153,0
24.98323209009638,123260.20815526719,26,Northeast,Private,44.18595038249846,4,0,45.989200632741664,76.16202002110683,1,0.21586559993842153,170.23252828825687,0
49.28531539405905,55594.26811548295,32,South,Affluent,52.121463857701464,2,0,22.84591787972378,61.15765841876089,13,0.5042580107911785,167.07140956906582,0
31.59828615477525,14000.0,35,West,Mass,62.41279564577685,1,0,5.581728580642943,58.6406599849099,2,0.6079129680562532,48.21790273304821,0
39.00846209376224,28002.79676989171,39,West,Mass,34.373120251279374,1,0,14.763294394453805,80.42533415192088,1,0.1201438526246279,55.98408370242788,0
40.817721118252045,44662.69978437284,54,Northeast,Mass,40.290391410553674,2,0,42.16176012945365,91.27129119414154,0,0.2442413138903808,47.10349608799551,1
45.037498108514114,15197.019186655674,47,South,Mass,63.65302383212186,4,0,6.601640368359277,52.101395621341894,0,0.7708795649957251,60.76628908624811,0
29.144139432096765,83772.03576271427,19,Midwest,Private,24.688038072832406,1,0,34.59013654434708,80.46390495833016,0,0.11594744013220934,81.85196464187193,1
53.06593252920898,34661.6089309928,58,Northeast,Mass,65.45373533311522,2,0,14.293423415451066,64.18787143435499,0,0.6838875011961845,183.4686925906543,0
64.80647997454443,44117.361088358586,77,West,Mass,62.134962585240345,1,0,17.840073522871013,73.85020354817755,2,0.3858780778343048,79.18097842622142,1
31.870126724633646,14000.0,25,South,Mass,86.96939077308902,1,0,9.002214665405695,28.488434227584634,1,0.7959067063985323,392.88231727766663,0
44.37617972625741,46303.40339784435,13,Northeast,Mass,56.778019276294565,2,1,14.519565717968828,61.419667071244966,0,0.38389034057908505,126.60285258918594,0
70.02635442198971,76467.78775864975,66,West,Private,78.60415774258739,0,0,18.659310059157225,51.29491619622624,1,0.3372196884145482,1497.228687592708,0
51.89640306323526,31315.792286478412,18,West,Mass,71.48789874984914,0,0,15.9480651980434,48.54539072686939,2,0.5179884350156305,327.06572396208537,0
56.01092957152973,34774.1476102191,41,South,Mass,82.23662704109941,2,0,21.614204382068078,67.91729288878288,0,0.7045738182306055,301.6243866804152,0
33.50506689766224,55795.651077112016,21,Midwest,Mass,42.46027243546925,2,0,15.253983311840033,90.46566902180466,1,0.37787289861240747,65.24834728511487,0
18.0,87573.69034048403,13,Northeast,Private,61.27905716474007,1,0,30.303066543913218,69.20755627451462,0,0.2326491742207064,203.17142412868614,0
56.95942589087444,14000.0,40,West,Mass,59.81769989548068,0,0,5.627152947801653,51.052241120094685,0,0.4924967853664707,63.86712375373422,0
46.51794666689994,60646.157917978446,42,Midwest,Private,61.114179865879265,5,0,22.194751726551242,57.55328788005058,0,0.4978134222030163,146.05337262750982,0
42.74638278883993,,23,Midwest,Mass,74.85153002651948,0,0,7.543147145118767,23.99223397073344,0,0.6617017713590704,226.98361918426338,0
32.791971948127234,35434.06557572306,45,Northeast,Mass,63.59594553208749,5,0,22.56847267596761,50.38182417590066,0,0.46967958002196625,146.05123230385124,0
38.33167994763128,37672.927143270164,22,Northeast,Mass,57.61297421231143,2,0,29.565157663689156,67.16781186827251,0,0.4296168405858018,66.68909925757346,0
75.19612601163288,40221.157948901324,79,South,Mass,51.541973237238764,4,0,25.07489897709192,81.21303268873346,0,0.26911986254247944,74.40421547019032,0
67.28380750827434,45434.19453092501,110,Midwest,Mass,61.71880022975292,1,0,31.982563905377845,71.136854630827,0,0.3659256414975791,108.4300556233555,0
39.423672620766816,35191.38148294445,20,Northeast,Mass,39.45611171025903,3,0,11.568655640554686,82.34261078109796,0,0.2075598995737983,39.964790782121156,1
25.224154886377512,27999.926715574224,29,South,Mass,53.26435152099384,1,1,8.295414837143898,68.28271132087008,2,0.494663705358355,146.15452148402323,0
38.450667948006675,,3,South,Mass,44.20961960294181,0,1,10.26699400388819,62.01600992458331,0,0.40426762938471633,92.57273314410696,0
37.63797619380758,43342.027860088136,25,Northeast,Affluent,53.06728327279518,1,0,27.987314245820453,78.46071310472924,1,0.46339893876592375,291.80397852287655,0
24.81853122883627,35448.471258551705,15,Northeast,Private,36.44157041669619,1,0,12.529569869876326,71.30336223122352,0,0.12978829177015153,99.86997262192452,0
46.31855078462987,50475.634438776695,48,South,Mass,34.914123411765296,1,0,15.975320565435407,79.74708490234131,2,0.3201056084800189,33.11958990491386,0
23.069581528490286,19724.993798833755,7,South,Affluent,71.284963614383,2,0,35.216862055044146,48.641987092512,2,0.7096267825909579,623.5870728299307,0
36.31834814720826,21008.62698224066,21,West,Mass,48.15509647116073,1,0,18.42284992701787,56.291069223276395,2,0.2634541605000586,76.43258966550813,1
43.74104926185209,62709.82662236865,37,South,Affluent,57.04708095931376,6,0,34.35192499312989,75.52693457752595,0,0.30169756652145,115.15085181395223,0
18.0,17041.559351760607,16,Midwest,Mass,61.35008562831114,3,0,17.84422716530579,,0,0.45636413152659705,141.6103852592821,0
25.649013661457484,19642.716781399078,13,Northeast,Mass,50.51833832884068,1,0,10.006248180370253,57.57385649772237,2,0.4938953218547969,224.12088301662965,1
46.85975249804721,39598.47589997626,22,Northeast,Mass,58.65043132556943,0,0,13.6529660805322,68.81032026742339,5,0.27462214706119137,165.26780631798073,0
46.38522396495364,46251.15844247024,39,West,Mass,63.06387702000106,1,0,12.735495623222796,73.56601822171432,2,0.8229247149597942,3218.024683643546,0
50.48725530012814,83293.44736657775,16,Midwest,Mass,29.92368833674223,2,0,14.159578424621055,73.77622375661697,0,0.17198392185797753,56.356229772341806,0
45.56814710326709,66808.77413310143,23,Midwest,Mass,44.53600974663872,3,0,14.669758916731256,71.83247106233584,1,0.2672843043943999,27.604779775040903,0
22.115099767617266,57816.76716079817,29,Northeast,Affluent,44.69335342510238,2,0,63.326367168047696,73.4936203982724,1,0.20745513049987485,145.82578611378094,1
19.601138783930562,41408.93344218866,28,South,Private,31.14237384070421,1,0,6.852235629984966,71.243614193682,1,0.11884480442102376,33.53921533350841,0
50.00525152990732,20988.249520914247,49,Northeast,Mass,66.11264915617635,1,1,24.87653350085272,54.06646415148377,0,0.639128334428182,169.02702946938578,0
35.35984682782288,24957.179353888943,21,Northeast,Mass,63.51186936912414,3,0,17.844383453106925,53.094622026229516,1,0.5289354430255583,396.8416866181866,0
69.18046145623263,28977.552286405924,26,Midwest,Mass,52.374100655280145,3,0,10.47039472891829,66.03879880023013,0,0.14313679439867458,56.3370827361497,1
36.51926742630429,,15,Northeast,Affluent,47.374048603160716,2,0,8.943264733050425,45.57623689317498,0,0.179423212077157,100.22976336441924,1
20.414990548456206,21803.17591463774,13,West,Mass,69.16808800454605,2,1,18.07992028104851,74.63397895292461,1,0.6016555630714511,960.6794544146751,0
38.23742909374385,63726.29986418511,13,Northeast,Mass,65.512621649613,1,0,28.974593855175346,46.05083302129296,5,0.3345532719522092,237.43038932050035,0
56.944854100897594,34643.05278156616,74,Northeast,Private,72.83446332159959,2,0,32.97918458738581,68.5011203101482,0,0.47739365289747937,175.77372809636165,0
38.918178570067084,14000.0,35,Midwest,Mass,78.8906384592042,1,0,21.82913012070454,46.39916904953315,0,0.5873328073177659,214.66641263122355,0
18.0,31101.406213651975,6,Midwest,Mass,70.8405361784751,2,0,20.663566689912063,,2,0.548667650737679,680.6164625083597,0
55.56367016389387,32937.17092088702,67,West,Mass,70.83933450096082,0,0,27.03736666673128,48.38218468486271,5,0.6710276200387155,145.3347613618683,0
18.0,27559.06270778661,5,South,Mass,56.740967039794576,0,1,6.284718302095682,61.48007066886779,2,0.41832532098177333,75.92328359525106,0
39.91107854403743,81951.74487279177,33,Northeast,Mass,37.45021790211215,5,0,36.764706220716164,,0,0.2646476171825889,57.46182998178582,0
36.326440324165546,33435.316229295866,21,Northeast,Mass,51.04286239227561,1,0,27.678480924038418,51.3622641817726,0,0.3937173204518974,66.69691443804113,0
25.21231998556588,34080.88094633443,19,South,Private,60.751774378000995,3,0,18.498145435549407,61.40324673288517,0,0.29681378499217387,146.30904417952243,1
51.805185354668446,21524.987312260928,24,South,Mass,72.94131501382014,0,1,7.618472195776357,53.82137070639474,0,0.38406344963313505,127.48663881156816,0
46.73354542894058,14899.97163514644,44,Northeast,Mass,62.04622263172404,1,0,5.8430106112183,58.117987118975655,0,0.6822442749362483,258.49206173606194,0
18.132294840647354,52487.35454209084,9,West,Mass,65.61012129793323,3,0,60.71834520088223,59.46619673571475,3,0.272103892087838,272.24770167915926,0
42.18389057733707,14496.900260798833,21,Midwest,Mass,42.32233202665608,1,0,11.146218337730534,56.70497739930544,0,0.3494979320425861,26.66684498872956,1
50.528129818284356,14000.0,15,Midwest,Mass,65.94004073577493,1,0,11.576970224246086,69.6048335435322,0,0.5258751432559255,110.08559917889691,0
37.43020704430221,32944.265262933375,21,South,Mass,50.759128301573256,1,0,10.193875071682708,69.46800449950189,0,0.6626972649619373,99.94014329329107,0
51.525205369102785,26503.482022732696,46,Northeast,Mass,67.15567512143177,2,1,11.82449527946359,57.99706242470408,0,0.7085812924893675,220.34041910442735,0
46.47734879916394,42046.77456509891,39,South,Affluent,65.7652309841964,3,1,10.115453556369866,56.06883842412319,0,0.36248566258049103,167.07244691652951,0
38.98407637983119,45754.4104934027,21,Midwest,Affluent,45.10834106490623,3,0,11.567984648787034,68.03393268733753,0,0.1643181044677225,125.21631046284946,1
46.15011065079303,74930.83263205929,19,South,Affluent,45.20467048578782,4,0,25.099622213990887,64.23833415426733,0,0.232360027820448,90.9984151661447,0
49.55243496986775,78710.90466966903,14,Northeast,Mass,49.910190902662464,3,0,31.008305500747916,67.86386349405582,0,0.41018081715429844,83.94039105652323,0
42.36829903813044,27052.137093601632,41,Midwest,Mass,73.25434306160318,1,1,11.87162289740849,25.692755538228507,0,0.8752207488086141,360.08691359025113,0
34.21400477521744,14000.0,15,Northeast,Mass,49.08246186280134,1,1,4.789526319075567,54.47328344837496,0,0.40636898438523533,79.31046600105094,0
35.121016070559456,32261.91092804645,15,Northeast,Private,61.03138783508706,1,0,14.38788209279566,61.61700893479134,0,0.34779183926784824,197.83210875845415,0
32.20173994141317,21876.06505503974,21,Northeast,Affluent,52.939038668642425,0,0,12.953211626106622,57.16296720894089,0,0.4181459686201244,211.59201784739358,0
42.67660307548787,44701.23593470428,44,Midwest,Mass,39.90510015282244,5,0,21.102635186899494,69.49373151088923,0,0.3019709622555383,65.90407920494421,0
70.88641601192168,73417.36483352934,29,Midwest,Mass,71.90449870862064,1,0,31.828647792075476,59.975492427715864,1,0.5256714809340571,529.4354421441726,0
23.447040420989598,15693.083691738953,12,Northeast,Mass,44.319431539729415,1,0,9.749427241810187,50.43682743254377,3,0.29756955198027313,46.989711620507585,1
74.32465225949333,33026.79515180743,52,South,Mass,54.12192735908862,1,0,13.526706316192703,71.25770190120639,0,0.1950178703931417,27.671910923250746,1
40.58149498947429,67900.02598594698,25,South,Affluent,59.36478205903394,4,0,34.027342154113676,60.03037782369385,1,0.45324210908420426,553.7007601959386,0
58.48043531720948,54655.618413496195,32,Midwest,Mass,68.91900965538392,1,1,27.407389237440523,48.07196369085879,3,0.45139597135782245,174.96193660512935,0
40.392860975428,171858.07414252035,29,Northeast,Mass,35.4972583212875,0,0,48.43893636703631,75.85395584006947,0,0.09760574721872972,81.99786645721392,1
23.231380587965248,20397.41342200741,16,West,Affluent,51.636506539334924,0,0,18.38584907293948,59.23061013649865,1,0.559177960437678,142.93500636487926,0
29.61507948150387,29023.303914967408,34,Midwest,Mass,60.08126661589937,0,0,12.888284996425767,66.2180053905681,0,0.20167222102021928,82.68802717719498,0
31.9222718565025,15547.6822075691,23,West,Mass,55.400334215480314,1,1,16.352124870445877,48.871934558647276,2,0.20695810077494142,186.68947342205595,0
47.60594296070237,42288.023041354114,35,South,Mass,67.18225533339738,3,0,10.994195770073887,61.881374932073065,1,0.7442136851102349,158.9699812611021,1
38.21539304402615,38642.28874884448,14,Northeast,Mass,18.954912981326043,1,0,17.72853321747772,77.52073535157336,0,0.11424895540022244,31.064559300812473,1
31.994446472054104,141285.65064171402,57,South,Private,32.408271732717346,8,0,42.660265648669025,75.8364831898723,0,0.09433012733941155,58.94967446568592,1
75.12948349659419,26911.072232146456,57,Midwest,Mass,59.33615830499294,1,0,18.739658372288037,53.9205688584854,0,0.17566673231500549,50.879937941896195,0
32.55814034246388,97659.03270649031,24,Northeast,Mass,39.1460647348536,5,1,50.98817498346438,46.34154524185634,0,0.2845357436276062,101.5781163393629,0
62.561252466019226,35312.0896611196,49,Northeast,Mass,49.03404389903209,1,1,13.849102842211776,58.750079148293146,0,0.407901244937207,62.11769366135248,0
58.41998790660577,16357.24502184488,36,Northeast,Mass,52.71175735755131,0,0,9.411682400365162,50.23269224006618,0,0.6369508330096276,58.04410735420856,0
30.54890979822686,89146.82963715094,24,South,Affluent,41.36446300791954,3,0,17.46166600480116,55.113015505411525,1,0.10451661465252358,80.64351719532134,1
49.32856588635075,52646.426415833084,20,Northeast,Mass,40.54009668023004,3,0,33.2790336152723,79.96766454063932,0,0.1291030424676968,50.372356772120774,1
38.140743060852806,21669.25841617597,11,South,Mass,52.283813302100064,2,0,15.21327847738889,70.15530509578606,0,0.1722014780701267,111.8351336532292,0
33.41827380903801,65987.45164680236,22,South,Affluent,70.54908476675384,2,0,66.29205239446037,67.71199666564166,0,0.2005130336091607,263.6560230644274,0
18.0,14000.0,8,South,Mass,52.36253405893559,0,0,9.946729512119584,57.70380172966258,3,0.4179142031249941,60.34699733792151,0
55.810536895533915,21912.943718305447,15,Northeast,Mass,62.48049332038679,0,1,8.59296304213454,56.68899999904752,0,0.70664670209382,87.71393320379413,0
29.323685864176,97710.04509652841,18,South,Affluent,32.1263490916218,1,0,19.458193706026798,84.10145555258804,1,0.19920389814734885,78.2765233055005,0
31.232810137258898,50804.28644807031,9,South,Mass,35.2975608956168,1,0,13.745268854255457,77.03932173576688,0,0.14268828104061324,38.24974277683731,0
33.52931706666289,24115.3429249029,19,Northeast,Affluent,48.47829964992864,4,0,55.766174226870184,68.75362812755881,2,0.328748989829413,65.7613112754527,0
43.23145984909839,37338.161157159804,30,Northeast,Mass,49.484481528522466,2,0,16.46880020042141,61.04836787273707,0,0.23279439184522852,69.36121505806976,0
54.29200275615161,14417.625677649952,60,Northeast,Mass,62.045224500612655,0,0,5.941937082638705,,1,0.299570228279109,60.19580771240836,0
42.02460569769011,28644.39051733487,6,South,Mass,73.545930275222,3,0,16.398670671379453,52.510707026975155,0,0.5766242144143612,460.73570721061526,0
50.45565945098365,87274.63907915901,60,South,Affluent,50.81845760255177,3,0,33.39607863256921,62.158153403011895,0,0.15503607078359502,50.22656075403954,0
28.864930448124717,20214.814967526305,23,Northeast,Affluent,72.784865309763,1,0,13.43032833934546,66.27226322684487,3,0.4819705830058409,275.1933289204071,0
46.814278118696436,52735.97445149151,33,South,Affluent,58.113391900066055,0,0,30.194757113981655,,3,0.3074949437111341,139.82731124799085,0
45.19867499678969,16635.426726120237,40,South,Affluent,56.1174844529278,1,0,8.910254108581693,62.21312433029527,0,0.5933927347307539,98.66209270385568,0
30.310586709884703,66642.96129702587,15,Midwest,Mass,55.64800075579742,1,0,27.410230545439333,42.86422782151491,0,0.29229774521615154,126.18512278745266,0
42.95270000810128,82138.89439354764,24,South,Mass,51.206847709367636,0,0,39.7486846380647,70.05113493707434,5,0.1491310128583933,197.51856881819492,0
23.194565427486125,30751.044660825704,25,Northeast,Mass,57.18993818721185,3,0,12.064434402630415,63.22652879742267,1,0.4521736504870654,136.4391340336018,0
68.96735016700775,80998.21452571674,40,South,Mass,60.326502378008826,1,0,55.949972954590145,70.85574721248712,0,0.37275744108028097,138.38878288292653,0
51.545793422015365,14500.256987948245,14,Northeast,Mass,61.75831389291357,1,0,7.8693425442778775,47.20186560252797,0,0.4521942586901937,66.69745557217874,0
39.5923806348923,,44,West,Affluent,56.3332337025177,1,0,6.7836057880741505,38.186740450008266,0,0.4247351642104007,79.04309686939288,0
32.614915655143,41317.13029541058,72,South,Mass,47.0456134740043,2,0,32.33263039647658,72.35221057026223,0,0.36490346145318275,115.59897846455785,1
52.45388335438041,80938.72649332325,31,Northeast,Private,56.93697562234858,4,0,21.299221032349283,75.70844948952362,0,0.6298427411266334,301.4012912762051,0
40.721275703278486,25380.14352909995,23,Midwest,Mass,64.71095907019583,1,0,11.739144883682082,50.503003466068606,0,0.6075450343856579,154.89102874206694,0
56.68909602748012,142246.23903921098,78,West,Private,32.27068664533011,5,0,22.45371490587689,61.06214677378404,1,0.06441818558646216,56.31936786439914,1
32.921455481422875,14000.0,2,Midwest,Mass,56.41675507053429,0,0,7.520764494929679,63.850536706154294,0,0.32078832334061286,50.759267204555556,0
38.63713141978206,57867.00707974266,62,Northeast,Affluent,52.19476666707146,2,0,41.607390130736015,65.53515015205453,2,0.4733103514699221,125.1531068432883,0
39.920858165160624,61429.2354127605,33,Northeast,Affluent,48.328025544427256,0,0,17.743655594095152,75.14643827915855,2,0.23301820166957374,167.16101794683738,1
47.22548540360808,28553.64973100577,23,South,Mass,36.22920148801434,3,0,7.46206221161086,74.79995822877015,0,0.3227325153812583,40.86429787404322,1
48.319882982580424,85090.434013692,24,Northeast,Mass,50.277150478405986,1,0,19.66857479917392,58.37060403342547,2,0.3874055159313528,111.68801177789477,0
45.37242920750311,,39,Midwest,Mass,65.37843185384969,4,0,15.113676049470893,64.660025999839,2,0.5768410200880871,182.31689772880037,0
37.160138151885086,,35,West,Private,43.57069807001335,1,0,28.96653629378033,58.31144788205375,0,0.40458037413725784,130.13345705344548,0
42.19809456108234,65491.843273881335,32,South,Affluent,25.742330101322505,6,0,27.692722186803053,89.44066177030571,0,0.006482307823242951,34.57137494494127,1
29.751342653878016,14515.264725496927,9,West,Mass,69.87015703635153,2,1,9.819850579102374,53.278878271987445,0,0.5027186470601072,127.56400438757098,0
50.641452306938675,20941.90557569877,51,Midwest,Mass,52.33667969996679,0,0,17.009022236681638,65.9352920447592,0,0.2873459310226038,75.55027361230619,1
57.64006782020881,72156.1774464344,39,South,Mass,62.31560056194306,1,1,11.640056953112168,53.42007125730367,0,0.5352906908366686,75.8486585399547,0
54.60771418367322,75910.4313096702,39,South,Mass,37.8001847045537,3,0,60.71717139349184,64.39484086216987,0,0.1716261810280094,39.931914992596695,1
41.793385488666495,28325.80078570841,32,South,Mass,53.67067996444946,0,0,14.742736397283151,63.37574555511741,0,0.4280777783804967,116.52071867303383,0
29.874573354725758,,13,South,Mass,62.10619613480012,3,1,7.516530940424208,72.0687496670161,0,0.43501101616002846,391.7737710426934,0
27.770576443706638,37908.387726917186,33,Northeast,Affluent,51.17752764844288,0,0,15.217297570791573,76.13136804180563,14,0.22331991418864336,138.59231196578847,0
34.29768404812657,43907.66813366223,26,Northeast,Mass,58.44196467643314,3,0,14.446598414305345,68.54332853849235,0,0.49288509200915176,84.503946199792,1
56.71482373283806,,33,Midwest,Mass,76.91407810598099,1,0,11.047767195899901,49.23284530428293,1,0.4964022370920297,116.1932541333339,0
79.0,22823.13458820456,74,South,Mass,57.38586699067008,1,0,12.503267415220286,51.76334658126951,0,0.31624842911660567,58.58429428897374,0
40.75440946805717,22001.42943203216,17,South,Mass,59.03775298351068,1,1,4.632630710783151,56.2032000573726,1,0.589859405872034,93.7360750970859,0
40.3896098536485,29322.9203857488,15,West,Affluent,59.10877213121654,1,0,7.124331549185535,60.209854181123816,0,0.5111777111765878,169.4248465961914,0
40.842059125154485,91196.6211414797,40,South,Affluent,53.81353081771705,3,0,21.061847407989916,65.6606023520251,0,0.3565057505594236,147.86102083605022,0
31.661996940952093,,34,Northeast,Affluent,46.44915747542027,0,0,15.478640117249295,66.44458829866386,0,0.149153313014601,38.3620850273259,0
43.46616579602186,75643.55960395209,61,Midwest,Affluent,53.11947971751754,1,0,49.590916759035046,63.18022623936548,0,0.2522390836727788,108.36349187095767,1
50.437977187497,32607.407343524195,45,Northeast,Affluent,68.2730045393156,3,0,13.423128941876021,46.88542000237229,0,0.6781048191351241,215.1274606696433,0
29.99846011077534,52837.579681845666,23,Midwest,Mass,51.20091765621395,4,0,11.61435290561281,66.57607235381728,4,0.3154954890492347,146.13621837790038,1
32.73378425694458,49888.716795776796,21,Northeast,Mass,56.434718108176085,2,0,15.591926692688231,62.471877840249604,0,0.22097990134522,75.99287289439464,1
52.69201432799869,70053.03008615616,49,Northeast,Affluent,49.24961347262423,0,1,25.669177132357163,66.64863128688812,0,0.28795717972349705,49.196271251498814,0
31.558318621554733,,33,South,Mass,41.990864927319656,0,0,11.83702926115575,72.65055323213868,0,0.27582779308516536,56.76432184022128,0
39.296452025124296,26251.913563143113,22,South,Affluent,53.46834113661921,1,0,7.470556842812388,55.72682158543744,0,0.3941885390306233,146.66766307827515,0
49.34517363081202,41400.95337194622,69,Midwest,Affluent,61.842026913996364,2,0,33.39739354995424,,2,0.3149163613453629,227.8047241134229,0
60.72422557405086,34306.32175149639,50,Northeast,Mass,51.20832551620364,4,0,11.946917222648155,65.33698371904292,0,0.4329470646826456,69.76641276590668,1
31.729610391144515,139620.40011240658,19,Northeast,Affluent,40.31084376012546,2,0,34.87776618358583,86.74048485306213,0,0.3818156392258246,149.92363251472605,1
25.55743211955446,29562.774493598685,17,Midwest,Mass,50.245287871539766,1,0,6.307960791056293,58.792911995749776,0,0.3389581210250941,54.179084089351576,0
41.695979343427624,53270.74723690909,49,West,Mass,46.26331050122367,2,0,19.93672472531877,,2,0.26075876496729955,103.07438621912824,0
42.83279770681277,93806.27841724321,29,Northeast,Mass,32.34335245109188,1,0,11.34243950045644,84.18590430898207,1,0.026357721282603143,81.61911508664423,1
57.43543511300389,16304.656529237707,36,Midwest,Mass,37.506689450141884,3,1,12.080073607586714,75.82506656326377,0,0.22175250384576578,36.303618749373406,1
65.62793246230203,46429.8647346518,69,West,Affluent,64.58501622424201,1,1,10.207040080727523,75.26909744838137,1,0.4459910906596566,173.30924234192412,0
32.409575093528986,26932.96467572427,27,Northeast,Mass,51.313501202093654,2,1,13.316136917797913,52.93997262126824,2,0.436633290045592,179.5976007610019,0
36.17408487117826,,31,Midwest,Mass,53.39011733306593,6,0,15.589624689894423,91.19043346827145,0,0.3605762029986175,75.70123679555317,1
44.45853016558454,14000.0,30,Northeast,Mass,75.92355951638201,0,1,5.806410286684203,39.58537413946982,0,0.5981788511485318,95.27134535883737,0
36.04562656428818,28185.452574967025,21,South,Mass,47.28787822037815,0,0,14.697693509895146,54.1669125932912,0,0.4568665922444296,43.47351802762337,0
43.04920217854105,55561.78384917746,8,South,Mass,55.34985027777136,3,0,58.743888684818174,49.81729007573005,1,0.5496221592375944,193.2087311397396,1
34.21847490288827,59649.5590510018,31,Northeast,Mass,66.7349813482539,3,0,35.22026426210467,53.12051748438678,0,0.5762020721314719,326.0266134211961,0
66.70016569878847,65418.489651503376,37,Midwest,Mass,47.88333822366918,1,0,23.437796517418498,77.93943397341724,1,0.1159496714921879,60.230324172563996,1
28.73120518638472,28040.240823510514,20,West,Private,63.15113087452288,3,0,23.481219271604207,44.416489134477196,0,0.3476743316809888,178.71838445375,0
50.36875392272578,45337.17379744157,28,Midwest,Mass,71.44811930691756,0,0,20.864083698803558,41.61069331138635,3,0.5532100951886059,338.76357627090647,0
63.14016413411274,52916.63869612655,45,Northeast,Mass,48.709588307614176,5,0,5.861121450416413,54.670879558273384,0,0.54772980909585,68.85516865172139,0
53.958796043108386,29986.10389077184,37,Midwest,Mass,55.436787604300854,1,0,9.642305525194327,,2,0.18384452445432597,79.92233297422842,0
37.91762223567439,14033.604975817001,22,Northeast,Mass,51.304601008204095,4,0,15.218673661501667,59.55424681124516,0,0.48333708954862037,105.82204152596988,0
56.08551595731179,31772.533615365006,34,South,Mass,70.95041707276172,0,1,10.181722581306099,51.795483299845934,0,0.5922700332600512,211.5282914328547,0
48.43050936987988,110354.26352690987,27,West,Affluent,59.56259684466131,0,0,63.33302025667257,59.42620582153166,0,0.2717948446769129,384.70942422012524,0
37.78980514632577,81120.83206471575,28,Northeast,Private,35.69729033571799,5,0,27.993812425319522,70.93837949002075,0,0.47452744220880877,72.02372382407495,1
57.616768998411814,32718.43970192867,51,Northeast,Mass,49.468522123340044,1,1,7.524913972410027,77.39477158517094,0,0.5522146811300139,49.271034570028455,1
36.09881572752717,35423.604052267925,17,South,Affluent,38.81877891514642,2,0,13.321463695726758,72.72560608116972,0,0.285342122669724,54.183159732531294,1
49.15344748572897,24776.814635639897,29,Midwest,Mass,48.25413271158843,4,0,15.872928182507069,58.80225379722744,0,0.23447608647645835,115.21143529415613,0
42.56992400679647,17226.907372299916,23,Midwest,Mass,58.57383368203394,0,1,4.820522790525855,57.68615917297555,1,0.548531563479225,104.51053712442744,0
52.66566185701481,22056.486314433547,45,West,Mass,78.52761101234049,0,0,6.794651077249139,54.80828588177214,2,0.8444243176614813,407.0174015346605,0
35.25031919873796,43415.21404928782,13,Midwest,Mass,64.59364040185655,2,0,8.828355410576137,71.28681875246028,1,0.275945448855449,123.87302514125976,0
21.713082041065423,28830.95735522469,14,Midwest,Affluent,63.901700819706356,0,0,16.47236809969526,60.54480062318879,1,0.6474866504803442,282.9907954011813,0
28.572703538213304,98725.05216208733,13,Midwest,Mass,42.04594726964519,1,0,30.89603134871366,66.59273496684013,2,0.3415246864556461,246.65095446795897,0
32.56736794069634,,42,South,Mass,84.23988376064466,1,1,5.817308583143683,43.411228174285874,0,0.6886860779962515,323.9123724241701,0
28.20391129069861,15978.877121235506,27,Northeast,Mass,60.15491133734013,4,0,11.464968771169215,55.190853838458615,0,0.40171058771259843,56.43073537303221,0
28.560509617612105,19509.001813905168,12,Midwest,Affluent,55.61534915718235,0,0,11.614638199917998,77.07276528570789,3,0.5734398508602314,194.66483814643465,0
19.657023526373628,35273.13642386042,19,South,Affluent,50.738401548357665,3,0,64.05829904562705,63.58157138905337,0,0.2873973814919893,114.51438154900609,1
42.995683018335896,30982.25434345753,45,Northeast,Mass,48.051766212574485,5,0,12.613429449508972,74.5912939231445,0,0.22718496019838577,58.98898772850025,0
52.737703865078636,37952.05123563814,67,West,Affluent,55.45611929738922,1,0,19.824746444316684,54.48921167062811,0,0.38913022875550785,162.90858391950562,0
18.0,14000.0,14,West,Mass,67.80638547269926,1,0,15.990131165873967,36.828267350101,0,0.48769365953675214,67.52314075685564,0
44.943659512879606,17695.963859826697,34,Midwest,Affluent,48.97676580373139,1,0,6.0661957365445,65.35287399891602,0,0.1957157580977134,37.85788588654626,1
57.640480977869196,71664.3917636244,19,Northeast,Affluent,10.418846275452156,1,0,12.031832203438421,91.32163212820004,0,0.03506570818083508,25.624495091408406,1
37.88106490104266,18345.7273005524,15,Northeast,Mass,37.93493510785964,2,0,10.006400785003112,71.91061229750272,0,0.10533805287257982,44.620401157229665,1
24.120945203198218,32659.24312727513,6,Northeast,Mass,50.88768923949362,1,0,41.744471714566096,61.13876909670155,0,0.3033290254396027,167.09008185164961,1
53.333572708923775,,33,South,Mass,35.09333576439977,4,0,10.013694657959476,73.5735936248564,0,0.08439910552587236,42.400886355590565,1
33.992834464813626,24974.935805991554,24,Northeast,Affluent,41.24584061506269,3,0,21.369692871973264,76.89684162158217,0,0.36341335526780544,168.93078785862036,1
26.290448100704733,31048.37636170812,22,Northeast,Mass,42.55037570037051,0,1,4.322485248033523,55.86732658907226,0,0.24881853644579024,58.657082031475056,0
32.2489733775931,41683.21183522538,26,Midwest,Mass,33.390833108139255,4,0,14.365182842909299,93.5821104354566,0,0.017102343179427246,31.277525271565615,1
19.004398597873216,14000.0,5,West,Mass,53.64108832239748,1,0,6.778912860088621,57.813789523587495,8,0.4606559616760598,73.44264280211925,0
67.695865105677,,40,Northeast,Mass,52.597760277283264,1,1,13.552298914616605,55.85549132798603,1,0.550817571656618,59.05283327722525,0
42.37974550845386,110825.39554558469,19,South,Affluent,47.554381406246975,4,0,51.08378010876876,61.66997191628531,0,0.4246429428808822,168.92571891770186,0
54.17984016671871,33533.76069717052,22,Midwest,Mass,48.67703411949353,2,0,20.502585764386897,51.03044023359961,0,0.1741828830293903,58.62374893890948,1
61.31817773048,26875.001218553643,61,South,Mass,75.8550346048779,0,0,9.419014978993227,,4,0.5994288040365029,161.47375257090877,0
34.93632914953645,44234.415024568356,33,Midwest,Mass,54.38148100383669,1,0,12.95047361801429,64.95552932082208,0,0.49196802344606383,98.60546249405114,1
43.21226918048218,15958.113403567566,36,South,Mass,75.96882900067655,0,0,13.717918764370669,56.67977701249085,3,0.40972131806793777,188.22570614864674,0
72.89863609123844,63605.845545845164,84,South,Mass,60.65195151452824,6,0,15.181959945979873,87.9013902448255,0,0.26129017396276244,111.66419615573672,0
41.696689015208,15590.488624884963,45,Midwest,Mass,64.2003588014391,1,0,12.407070180511411,61.540472836647176,1,0.6036657788509507,97.231561423673,1
64.68672103207085,50770.9821777065,58,South,Mass,64.34299119712975,5,0,43.509123673118886,51.52567709949689,0,0.4922058493821928,200.13034938026448,0
49.955537160445616,,34,Midwest,Mass,53.00048774055631,2,0,11.21346515887175,73.04800316978249,0,0.15671958322080948,61.85851601795882,0
39.55325893868144,14000.0,41,Northeast,Mass,57.700503242757776,2,1,5.603343402868333,47.48586557298178,0,0.684444854796312,104.06201808519265,0
37.3357902592623,14000.0,46,Midwest,Mass,55.35775125829058,1,0,11.133617289559352,67.61843177740565,3,0.8060839257550775,124.97695248514793,0
71.26679336392777,48498.05146746875,48,West,Private,65.73632814516175,0,0,14.74800710979743,56.267123288590014,3,0.787922400711219,201.02868399632524,0
63.29096684628673,23050.75726201429,57,Northeast,Mass,55.36871613081306,1,0,13.504186148348388,57.41982187285813,1,0.7081671036820831,69.00666506444982,0
30.551026290443534,54377.5076655575,10,Northeast,Mass,43.14871875197542,1,0,12.545742815010051,55.482264988698475,0,0.376396018740054,75.59996390938143,0
33.51295138139111,24990.89474072204,20,Midwest,Mass,49.132607716631895,0,1,11.216737130483105,71.58048444079097,0,0.2525430742346125,93.24077898831226,1
41.0793153256519,64364.95021309653,22,Midwest,Mass,80.13020454677648,3,0,18.761506284345092,54.53097849824648,0,0.6942387244614349,1174.9107480904854,0
36.4347113453521,32683.42431061088,17,Northeast,Mass,62.392201697949766,1,0,18.396658397953367,,0,0.7423242318859599,392.2809878607103,1
57.148775062849516,71867.70672466057,42,West,Private,64.3132219292091,3,0,14.708411677699067,59.771259653148746,0,0.33214104545177325,125.54912353842762,0
39.275566733481504,18869.737599816377,35,Northeast,Mass,52.44967335538756,2,0,6.048928274038403,56.739601376434585,2,0.45785187247044307,65.96731383176213,0
18.0,,11,Northeast,Mass,55.07845695163275,1,0,5.972334959285154,54.72786237290348,0,0.1626851084603865,65.90515614037477,1
35.65726019070083,31834.697231187245,29,West,Private,43.314955941513766,5,0,34.74023050086302,58.192396774184424,2,0.4515218277916746,186.97563624659318,1
35.37218012592419,38685.687240388936,12,Northeast,Mass,56.113905615459544,4,0,17.01554772796541,47.294359158779805,0,0.3323079270323189,111.83447128175915,0
32.07911544415615,138697.5580039733,22,Midwest,Affluent,47.02186209784077,3,0,21.229122695750608,68.51781096668266,0,0.3877116742039946,104.22430376314776,1
45.48130859368083,74714.99755816958,23,Northeast,Mass,36.094628215066926,0,0,15.913239789354607,75.39272307047321,0,0.022851131883019467,37.90966296601941,1
39.548477586135704,62650.14218885852,36,Northeast,Mass,51.52261547169318,8,0,26.10465915775045,57.07176686631494,0,0.31956470720652796,58.73380599648796,0
18.072477783708454,14000.0,20,Midwest,Mass,58.40258998312312,2,0,4.14583714887062,,3,0.509114145150326,68.93719398868936,0
49.9268074880604,,46,Midwest,Affluent,65.93626368652728,6,0,26.666858179648052,70.50057516075533,0,0.5786747705263885,197.02380954281796,0
37.27439119165715,14481.183228618786,35,Northeast,Mass,78.98186221838648,1,0,10.039633042985061,53.78882382806632,1,0.6229681509748399,107.41224137832215,0
33.41645732728217,25775.14369662895,24,Northeast,Mass,48.41132852516745,0,0,21.831796469226756,65.30574966920749,1,0.31748108321158935,158.0238376750466,0
46.90573428771671,14000.0,11,Northeast,Mass,79.46237049102447,2,0,7.273215465231792,60.21873288232051,2,0.8493546474897334,1410.4662979321376,0
50.25735122134338,14533.515635916772,22,Northeast,Mass,73.60621690575167,0,1,3.373679603723437,54.13137147581767,3,0.48270099674042066,75.9321385118989,0
42.716995828549706,25273.591149345466,48,Northeast,Mass,64.34621573958106,1,0,11.990830960135773,44.647237523800094,0,0.24475500112999402,61.91915572565436,0
62.902756512505434,39846.21790478862,51,Northeast,Private,56.26153438951569,3,0,17.519989902540996,62.13150312415649,0,0.3779312251682462,165.30224755493433,1
45.0038733376932,26920.65458920665,42,Midwest,Mass,54.25095184352636,3,0,27.64534345026233,71.95128925798124,0,0.13714930107475745,37.84359955050265,1
29.63764724005272,23336.472970264465,9,Northeast,Mass,54.04076822420776,2,0,11.066270611292369,66.00600238218864,0,0.22845550981696164,92.44613260367885,0
47.96875218761473,70739.91721453007,39,South,Affluent,49.75927180301664,2,0,18.2139565883728,75.0519746557553,0,0.3190524693317032,58.97443423881905,0
18.0,28288.676571809036,6,Midwest,Mass,50.62390865773824,2,0,40.74202411294968,48.41175498259331,3,0.6532989987057122,224.20762993019284,0
65.02938655152481,56397.7150393163,59,Northeast,Affluent,48.37018702610747,6,0,12.374250114972456,80.22450064048256,0,0.25749737980951704,71.88060646742755,0
50.0375873675465,29326.37555170327,42,West,Affluent,58.98149307389952,4,0,19.179209577528773,51.3685744887356,3,0.31283101458101176,140.10138648844804,0
48.757497881145824,44732.35930591187,40,West,Mass,49.25923217977012,0,0,10.300050108707193,54.14243889752934,0,0.6222438682755462,70.1143519959113,1
56.01001603736643,27003.991626648898,82,South,Mass,51.41245306595752,0,0,8.840932379705412,61.46228699064135,0,0.6287857352573252,82.9951285039125,0
41.96825804395549,58687.756964488355,27,South,Mass,59.749476009233334,6,0,32.16771159954436,,2,0.18482569367923202,160.79496685659873,0
54.548399541020714,77708.04701361281,22,South,Mass,68.04253504146983,1,0,36.75558585563303,49.803006913936315,1,0.36244634278815796,1787.9998360207242,0
27.942218702043256,14000.0,2,Northeast,Mass,46.72996785500161,1,1,7.648807812783905,71.13851773053823,0,0.15975981992676214,37.31119045224571,1
19.511825060547867,14000.0,5,South,Mass,49.981033696977356,1,0,10.127355620176266,63.44944398702749,2,0.3348804047757749,75.14521792763554,0
33.965034112839305,39533.87969377865,15,South,Affluent,38.559978589498094,1,0,56.74487107123878,66.67382997956166,0,0.09201298012556651,54.39200891490647,1
22.079914659929766,14000.0,6,South,Mass,52.513590864845234,1,0,11.143913952149742,57.244531214809314,0,0.25033861115681827,99.73835615155525,0
53.173032761548605,69584.49064887548,26,Northeast,Mass,41.27287831209573,2,0,8.836990315505526,63.935988539645145,1,0.23241523727816968,173.9943729981715,0
47.00107487830762,30097.106875029018,45,Northeast,Mass,52.30032941104464,3,0,8.819444939172175,74.81689745597643,0,0.1197512179106428,66.66020195909742,0
38.192938065445276,19378.521544930085,26,Northeast,Mass,75.60526839527046,2,1,28.111514490891647,55.35594661670169,1,0.6702026109056674,225.66457820243383,0
40.89353503547727,108699.55616207696,39,South,Mass,45.511330648484645,1,0,45.59646043812982,76.28508122723737,3,0.6694338859184257,194.25971958104944,1
37.47691256725039,65470.32286685177,26,Northeast,Mass,47.380375066641435,0,0,30.130447449414888,61.12102531335081,0,0.31880672097139656,74.2278070172693,0
26.893126075767615,14000.0,7,South,Mass,73.71965029219965,0,0,15.21894610332595,54.60142976314108,2,0.47093056928477356,129.79420540974965,0
34.02339235008169,20990.17534728248,26,Northeast,Mass,40.79346849156016,0,0,8.81744692053025,68.04007108546953,2,0.5058597506900124,80.10899079740204,0
