age,income,tenure_months,region,segment,risk_score,num_products,is_premium,usage,engagement,complaint_count,credit_util,y,y_class
37.47256730758667,19676.98098446595,25,Northeast,Mass,93.80302867519669,2,0,10.20940070868342,37.46738015201436,3,0.6524278118780885,1310.9037439576628,1
29.9994388112694,39583.29186366749,15,Midwest,Mass,59.861544772510655,0,1,7.48806283380928,58.87421614901624,0,0.5532959015014092,735.4809571336444,0
29.270350244953615,58652.73621222499,20,Midwest,Private,40.17853324308188,3,0,29.188430524122975,83.01771107453973,2,0.19877425189126,146.6841205268747,0
19.803642093694123,27769.809975190477,29,South,Mass,47.685137174070896,3,0,6.595625674706872,74.83019935652335,0,0.12352250414491055,47.638219840966116,0
53.84230682252289,32332.73826575804,29,South,Mass,64.07756249983169,1,0,21.094064593122237,56.97233803106174,0,0.3253348864697292,133.61720147452513,0
48.54923503488575,57144.14453819586,13,South,Affluent,61.88737512006995,1,0,22.807755618780288,67.26511080056578,1,0.4782724709714312,198.94023377966914,0
38.59934558713771,20198.906061694146,10,Midwest,Mass,63.140978653393425,6,1,27.036433115386597,45.070990434911515,0,0.4015252288233048,139.202167713493,1
42.619217309948645,51900.102502786314,37,West,Mass,64.04887126545445,2,0,23.817595352018703,46.40867144272475,3,0.7314305095806586,317.41934548209906,1
38.85236721104351,15703.633734796775,35,Midwest,Mass,56.725875508721494,2,0,37.37923393526839,54.15942305290418,2,0.44066778896862646,115.25140186192468,1
46.17912048172472,123618.63235834542,19,Northeast,Affluent,38.17248542714632,7,0,146.92057394254473,73.60381990912134,1,0.15563999916887317,112.21257298285842,0
24.048827355927862,27558.296638719665,28,Northeast,Mass,64.88484857636684,0,0,13.551685629289457,44.236718870618226,0,0.6513458966997538,186.63615077847876,1
41.2733976353527,14000.0,25,Northeast,Mass,78.72170172883077,2,0,12.027700851457517,,0,0.7176750289856617,348.2876530881099,0
57.13853597421612,41005.61278918641,76,Northeast,Affluent,26.10504391095305,4,0,20.168318828559393,76.23171368151742,0,0.17868240390948315,50.88689162383247,0
55.90050049256736,58140.37060012838,94,South,Affluent,43.519694302777076,3,0,55.45460548559552,75.1861263975873,0,0.17715961105002023,90.19285400038162,0
43.49303982147114,41291.712606570334,47,West,Mass,39.496376265631575,0,0,36.80012788464828,70.30531970918447,2,0.13549802396765517,39.37428233409558,0
35.3969727227126,28759.298979900686,14,South,Mass,55.445057588306476,3,0,20.800286200249037,50.856568540903496,0,0.37928426781630337,107.9787352602999,0
57.81855887821318,34683.693735417786,36,Northeast,Affluent,54.53205366006943,1,0,7.884229934669705,73.44626160876285,0,0.507119673684047,99.93435599209792,0
66.17015013644539,36516.349140335704,70,West,Mass,57.113900404542264,8,0,29.558420209250244,80.53824891299404,0,0.33942849434174527,74.61632696572687,0
42.407676313314816,218300.65859764584,48,Northeast,Private,34.087276659262216,4,0,45.92561689047185,90.45080462041776,0,0.16660165221984538,69.63323517302942,0
50.71709515692885,65685.34847862615,42,Midwest,Private,54.94695954141368,5,0,56.262838287911535,76.73836220877105,0,0.3103352667418794,105.0455845875248,0
51.284499614584334,14000.0,25,Midwest,Mass,94.94924544270671,2,1,5.154557974498985,28.60782564285347,0,0.8167597411149717,1462.044500981987,1
32.05903822813363,20251.111853747985,24,Midwest,Affluent,52.43502744956353,3,0,9.00593467221392,62.84384171636458,0,0.26721577299097604,105.56247360843115,0
34.81264645889479,28271.419943494566,27,Midwest,Mass,48.07727721794123,2,0,10.997695355956234,62.72054133702708,0,0.14660766614492224,75.66602728995221,0
45.66231925288467,14000.0,12,South,Mass,60.016146065904195,1,0,13.152004001306253,78.72397319800808,0,0.4208480257662885,110.78604871421467,0
33.84466471344378,65988.09516941417,14,Northeast,Mass,43.54984950310211,0,0,41.54065786219278,68.63128701040877,0,0.10833890801377427,79.02408515980773,0
53.86247608440545,21078.500194861994,24,Northeast,Mass,37.13358549253352,1,0,8.555978827707706,71.2088736014888,1,0.29754800972233647,40.773833130540105,0
38.185525706106176,30432.685648683462,22,Midwest,Affluent,62.52026881794415,0,0,16.3422002943503,54.86042754827194,2,0.6901434719825984,247.9562284796566,1
49.136096418249494,32281.28654074776,29,Midwest,Mass,50.886618241482175,2,0,21.467442569126696,64.21828091656249,1,0.3620035149368793,45.601973794481644,0
46.9409888010524,125318.15433232645,39,South,Private,52.28046544737788,1,1,26.691208537836786,73.76507457266932,0,0.4551691145392849,85.60488471864356,0
36.410286197408304,49635.15953786432,23,South,Mass,43.22068727439392,2,0,37.97395130243368,68.21959078172983,1,0.3227197632996276,59.1685070324546,0
18.074777985341317,27750.647437562202,23,West,Mass,45.198846093025665,2,0,20.342237047403643,71.99942298093339,0,0.1795482065733879,89.86585879315639,0
25.211011891210326,14000.0,14,Northeast,Mass,46.722433824192464,1,0,12.774620014815957,47.017504547479206,0,0.45996405178326094,72.27908578122869,0
77.730556873975,32330.62919717099,46,Midwest,Mass,62.347598246136585,1,0,6.262550071361913,49.78414686011203,0,0.47544577585894077,91.48568267433696,0
60.01002155144784,36591.85803093819,35,West,Mass,48.10424727309422,4,0,7.432025028376282,69.47392842990288,0,0.48588878615381204,36.09951350635718,0
30.666970541854244,,29,Northeast,Affluent,50.267385557394185,5,0,22.475804219323027,72.35987770978595,2,0.5074246734149717,83.41156422026054,0
28.57628333757301,37930.973622572674,16,Northeast,Mass,41.54382150050299,3,0,41.62256838166129,67.23119808883162,2,0.1699969985551181,62.21784163194347,0
50.22540391758474,33280.6850673584,49,West,Mass,53.63901395293039,1,0,15.956306323189189,54.59144228824274,2,0.41524774182468693,79.43625500116588,0
27.160763491406083,38313.341414161514,31,Midwest,Mass,56.76326240159166,3,0,49.138949913432356,57.39991315886847,2,0.7793064832210675,275.55732181037564,0
79.0,108728.04428220901,56,South,Mass,45.018241745895374,2,0,24.258576499689713,77.92667876891291,0,0.1085756511950528,26.19707561465544,0
58.30056094813675,14000.0,33,Midwest,Mass,53.28579275046841,1,0,15.869247207068357,50.49303627539516,1,0.522063498943654,78.18362952240813,1
19.038561952521516,50777.86058753416,23,South,Mass,15.714268866877633,1,0,14.06448462211325,74.20252063518605,0,0.12035710571805211,48.17845514825807,1
66.48428996496165,37780.499855446964,33,Northeast,Affluent,53.62280020340678,1,0,5.455262381264269,80.65888094541872,1,0.35255404776856225,113.9240102555752,0
23.760325172085768,58642.232905237164,28,Midwest,Mass,51.61100947563121,5,0,56.227831699471935,46.940926011375744,0,0.606189011441359,170.54217497781116,0
62.46544052437915,22488.705624807408,58,West,Mass,85.32504774253898,3,0,10.297835342680807,72.58984320492107,2,0.46644985083689444,1227.2361770455748,1
30.248567934428394,27119.183443474518,10,South,Mass,20.191441718363663,2,0,16.310920228182482,72.08711766031826,0,0.116517709175672,43.98331095811721,1
41.027218513603,25526.430240832713,23,Midwest,Mass,48.88748099206731,2,0,11.14883444619918,60.86965927427961,2,0.20403734947291474,44.45544210744255,0
49.0569587121655,35474.892526524374,18,South,Mass,56.16964789255527,2,0,30.18514068189201,65.53506681869705,0,0.4489009529927569,81.45492136524771,1
20.52837726231953,14000.0,26,West,Mass,66.83508089888554,2,0,11.968554875491481,47.174592028691194,2,0.4626470885672691,386.73955039874863,0
59.64621311728999,26652.500458093382,23,Midwest,Mass,76.74446678036419,2,0,19.500557061229987,50.170169258047686,0,0.5210096758799944,247.57181404267385,1
56.983641290155454,38750.830675007805,25,South,Mass,46.145455062564125,0,0,31.89297843209498,67.15644467641292,0,0.24600595582790855,82.04804035191594,0
53.802129454571734,15560.745915155441,29,South,Mass,58.187277675973704,1,0,14.53199864824144,37.61672397821181,2,0.5904842651050669,195.70098568690253,0
70.58307266009993,132166.97573463884,54,Midwest,Private,45.65509787722187,4,0,65.98943934001184,82.56211767130641,0,0.3782660473369994,108.8700960147611,0
57.14469530106229,26936.47575635935,66,Northeast,Mass,68.71703425358369,3,0,11.764685584218606,66.10017182475552,1,0.5816207279912226,76.24958165316484,0
34.17053364252931,80030.90400835074,49,West,Private,36.41854177628291,2,0,66.66050938201847,94.73245825107131,0,0.26799731747197447,97.56746448184471,0
18.0,19404.881811071853,4,Midwest,Mass,52.631706946293455,2,0,11.340664334427577,62.62840236173102,0,0.50070313159845,156.96102840876924,0
38.20318860750102,21823.90564746047,30,West,Affluent,64.34700493927382,2,0,29.0608152310688,58.26730186186048,2,0.6374631117474275,124.31792967485192,0
53.81092669424671,34649.41000484604,44,West,Affluent,50.66384845317668,5,0,23.822317195209028,77.3548497474294,0,0.6519257901052382,142.16229795398553,0
24.155012709528982,,32,West,Mass,63.02171141367615,1,0,18.719663520385467,50.29861513062588,0,0.5812262148383837,179.41046596627993,1
40.79953533420977,48818.0599711695,20,Northeast,Affluent,67.5686597955181,2,0,20.500674551171198,53.352769420285235,1,0.6354590398529545,270.78952657132646,1
30.1305363467847,20148.21938366538,22,South,Mass,83.75174300943462,2,0,7.614774640706011,35.04052936096377,0,0.5468524135421712,903.651989730525,1
48.38944380025772,14000.0,39,West,Mass,56.527744189229416,0,1,5.0134154546606835,57.3660632303119,0,0.5656859836302497,103.91496096566257,0
33.35588394332159,34373.44257387053,24,Midwest,Affluent,52.964298707354175,4,0,30.21741462251626,72.88605559648386,0,0.23460500544797316,126.3680295914214,0
36.595760295277714,16235.823783211039,34,South,Mass,68.99681307176085,0,0,7.591444851637785,54.61722347047831,1,0.6833140355179841,490.72932907132565,1
47.302820747906786,47237.59805413234,28,West,Affluent,58.305609430528875,3,0,10.593615061721195,65.63640327633298,0,0.34868284033494035,106.55903140693694,0
22.07570839969197,38150.06017310293,12,Northeast,Affluent,47.52138103308706,0,0,18.455704825681657,50.7870273546956,0,0.4733337875075666,135.68178323926094,0
71.66372339233479,110430.77824095207,89,Midwest,Affluent,27.4966470654733,5,0,24.023313775985535,72.1191586515372,0,0.07885791028108333,47.301150803684386,0
36.98446706832168,49747.73309184005,33,Northeast,Affluent,37.66035004682035,3,0,20.48306829545185,70.47349221621567,0,0.23994584973500396,64.27113783752061,0
46.371504406040074,,33,Midwest,Mass,65.68674815833242,2,0,24.044101411579852,42.8351689736626,0,0.34409681974810863,83.08661358247379,0
29.18585222626601,44238.25667069476,22,South,Affluent,38.17716550374377,1,0,17.150314796772445,61.07120388190847,5,0.46825758784353405,111.12490082070043,0
23.3161653596528,77092.37272932609,36,Northeast,Affluent,65.16672195975816,3,0,25.055252048018428,57.85315744406146,0,0.3186888539019668,178.2313995000888,1
37.20265967765847,28235.4769032562,13,South,Mass,55.40589263633636,1,0,25.534018380833718,67.5503850930039,0,0.5347402569514381,131.294462882245,0
60.81815184265768,23404.01510562929,28,South,Private,40.107077601135344,2,0,11.005436283395246,52.4136174981902,0,0.5127072118887058,79.34419672465944,1
35.89426902965433,45478.99377423163,24,Northeast,Affluent,52.54504806428375,2,0,52.48946823605206,60.36259622774196,4,0.1643039819892602,99.72029209259439,0
40.297432171842075,69129.87989013201,29,Midwest,Private,57.25712168724447,5,0,19.48451554045822,62.54360354952059,0,0.38754169455683996,127.72380166751422,0
34.43058359918233,18794.06370854116,15,Midwest,Private,57.83971115514823,1,0,24.28970042619538,73.33127679573029,1,0.41116626433059816,220.0187033257841,0
31.775635471707485,14000.0,8,South,Mass,65.93284894995462,0,1,2.051420261576375,32.980810994647,0,0.4590512114484074,109.9629214520822,0
40.2211570546754,16888.836377156986,15,Northeast,Mass,76.83828211518781,4,0,12.381375798221162,44.59976093892803,0,0.7205742037131753,322.6966019591428,0
46.959220537217426,74667.61520388433,6,South,Mass,18.550795517392515,1,0,11.619735175136785,77.57703350239244,0,0.0,38.3160098806185,0
38.7197819611393,,30,Northeast,Affluent,52.84860840659109,0,0,36.04493138025433,59.165325614337945,1,0.4308297791921233,144.3448993581692,0
39.44426075595731,24772.45211939601,13,South,Affluent,70.72765843330745,1,0,9.696706310347981,57.51811721056412,1,0.7606246875416255,317.74605642635197,1
33.77323123818177,14000.0,15,Midwest,Mass,78.96147725952476,0,0,4.1876954363144225,60.00468307681701,1,0.30111483828385743,466.0003814720672,0
19.458931322520076,61940.919945274705,8,Northeast,Mass,45.79197749853585,1,0,51.1290646533044,50.71429868346659,0,0.29782238273555867,46.274461908413954,0
57.88444954731911,60371.25113227553,25,South,Affluent,28.18683615483767,0,0,9.00345216479691,70.2687207880031,2,0.04154588456493438,174.8912723471805,1
58.439083461013155,19698.915437096908,42,West,Mass,69.378782042813,1,0,11.342441483619332,61.43530607415016,1,0.39965858183841074,218.5892001793011,1
49.78021924398707,79490.86998182384,62,Midwest,Affluent,27.888553333808822,3,0,23.095163627878314,85.14847980241812,0,0.006797144916407596,27.612704395992118,0
41.28981335263926,29733.575637735972,12,Northeast,Mass,44.82418457689101,1,0,14.747127541298997,87.83457340691604,3,0.44156594401561505,77.94729622928972,0
58.37403341512834,62197.62214631264,62,Midwest,Affluent,43.999554435499036,3,0,14.40749403844374,79.21136442355156,0,0.20948635103612973,66.91827641455407,0
33.77134485007651,77765.6446023982,40,South,Mass,50.52052154241998,1,0,14.09349708002382,47.209458354146435,0,0.23255553248602537,67.13456353817251,1
59.254162341248495,25384.185815344023,91,South,Mass,46.51465792363334,0,0,12.26225195174814,67.81566663531068,0,0.29128176298085584,53.916800241289394,0
39.3965261263992,44549.156370344,37,Northeast,Mass,57.63088706981673,1,0,9.97403275290658,60.06311064151015,0,0.4008982731506452,105.6234811747257,0
69.63228074667748,27996.30314703363,43,Midwest,Mass,57.62862264044478,1,0,7.279095515830425,67.01914379999636,1,0.3221335126823301,244.17278925700646,1
58.59189475882528,87129.82311000786,22,South,Mass,50.17669295605821,0,0,11.49211865157216,83.07929083207596,0,0.17478852882768184,26.23986028920607,0
52.67164097435324,108297.41457947248,48,South,Private,61.293835747562326,1,1,11.949911338941616,49.954525920429795,0,0.7497639655734689,271.2818290404168,0
47.145608243085995,35505.934636122074,40,Northeast,Mass,57.61642918387619,3,0,16.094206835061595,57.56352769090522,0,0.6398425520817298,224.14476127019202,1
61.35531626447393,37854.050276141126,37,Northeast,Mass,50.197847685583255,1,1,18.544802720661973,69.88533214695632,0,0.275566501963265,53.009285423155525,0
47.61973019158151,20834.9631270809,43,South,Mass,61.90209473112015,1,0,10.570326879177156,72.59082536340948,0,0.2133038637658821,43.86086961481522,0
27.224825533347754,40873.30339709786,22,Northeast,Mass,36.32900411415898,0,0,21.374653818455972,79.66954815289806,2,0.10658627912380343,40.40407000759064,0
35.452087608057916,81046.99450395329,43,South,Affluent,38.31393059236145,3,0,25.438120739716616,78.80136926069804,0,0.14745729354873435,37.25429100651158,0
52.84957954462256,33926.92411385435,45,West,Affluent,57.42657876420883,3,0,14.102879318007897,56.150142345212124,0,0.48937432060585084,111.38570495597477,1
49.910941717613866,89206.53128946344,24,Northeast,Affluent,69.65438161672188,1,0,51.44585103462958,70.60206012564929,2,0.6835384086812005,237.23310303740897,1
65.8064538857234,38300.770269288834,44,Midwest,Mass,70.60204676426387,1,0,17.440231062279338,72.72531539421207,0,0.38439965226073025,89.88686904070416,0
49.58012683532005,75377.36136142715,39,West,Affluent,26.00908388641824,4,0,11.138928916376326,92.80869222302205,0,0.049311512321606014,22.744007642566444,0
50.83192337669735,74663.58030066246,20,Midwest,Mass,38.559145384648886,0,1,18.423726916519097,72.96530923597457,2,0.08481665442459964,70.23280384181172,0
39.59073023238733,14000.0,18,Northeast,Mass,56.86998654328889,1,0,11.984638044210994,57.74046313249605,1,0.5322569333758924,127.71225178453373,0
42.43511575674555,53104.32303210573,28,Northeast,Mass,55.222440089171,2,0,86.33296620361327,52.27936302997959,0,0.3125137683994762,75.20705225178638,0
37.62273606225647,74756.13827117454,22,Midwest,Affluent,40.13215248218281,5,0,100.57861055183464,73.34632763351114,2,0.3718844219383425,153.47744293698136,0
26.51626535723306,36091.781475131174,13,South,Affluent,29.425359590171073,3,0,28.021764572238848,87.47215028254435,2,0.30730390899388477,66.95276591128548,0
43.329440492414214,24836.9131514864,22,West,Mass,57.271748145711754,1,1,5.738152334352779,59.461282834730916,0,0.46288768412424913,104.27395308609054,0
27.37822312391942,20964.667487717856,8,Northeast,Mass,63.32499905277537,2,0,24.835232174512083,60.61923119893305,1,0.6500142162828639,151.19926964876657,0
39.86906369925105,,33,Northeast,Mass,66.4969618201407,5,1,30.294696928716288,46.050604605510664,0,0.6011197849238856,219.89132840163964,0
41.98897563551256,,41,Midwest,Affluent,52.80672093928337,0,0,12.03677365004769,58.36509770560038,0,0.3861653199339971,130.27895039929479,0
34.070036279740066,73125.76331024944,22,Northeast,Mass,48.56404525193451,1,0,12.701777862344418,78.35287428948277,5,0.2679672788542521,78.07091877387165,1
30.732264017238112,31903.388194082716,14,South,Mass,58.35474968881118,1,1,13.418775109141881,70.8052626004833,1,0.4048238499163494,117.03289082019595,0
40.65838242498194,21077.210866253048,43,Midwest,Private,66.98687631061603,1,0,12.338033653662846,57.972276974457834,4,0.2536627504896203,157.9165669063901,1
18.0,,4,Midwest,Affluent,56.5157510095806,0,1,10.004039808546734,36.83866621934677,2,0.6755822067596452,185.47992848710734,1
38.46320660742506,14000.0,43,South,Mass,74.75661812603106,1,1,4.778388287712232,45.46580936341717,1,0.7365720248017972,642.8157667949448,1
28.948217449649974,19671.60494898548,16,Midwest,Mass,52.63222777419919,3,0,23.812351552910094,72.73883890798618,0,0.374017162030901,91.71767786695172,0
75.22073563324574,39133.455667563234,50,South,Mass,40.7820469769464,0,0,7.906955954725735,76.1499184156938,2,0.1304470884853219,39.84124862202559,0
34.180221209831664,65424.362445233055,11,West,Mass,70.68265237576094,1,0,35.51805395240689,50.28850945050883,0,0.41302115223977426,153.56563725506916,0
24.90137362538642,31197.493422618765,16,Midwest,Mass,56.3572451689823,0,0,11.204024359737774,36.31292984940244,0,0.26031832719029363,68.2640487427235,0
37.39844173621416,244348.81318685654,48,West,Private,27.803416785757978,3,0,58.99824702523237,106.35958417882624,0,0.012125189933628705,107.13055066855028,0
36.20045336987885,110604.15472591564,59,Northeast,Private,50.62439524805863,5,0,41.481818049709496,75.9799741157234,0,0.32760292726718404,224.35298120246563,0
40.178958442039736,52611.84337765697,18,Midwest,Mass,41.09646274247802,3,0,13.494929404932849,64.24352246381734,0,0.17827610240245897,54.50378385854483,0
38.05942224807893,14000.0,35,Northeast,Mass,83.74202537875838,0,0,11.400288330911934,44.197199566519586,1,0.8216075987488651,1394.5286203804565,1
45.419315028738275,,33,Northeast,Mass,36.202480750687464,1,0,6.405948357020687,64.75495298566021,0,0.11801302700014468,47.02423187016146,0
43.48769303774167,44203.35974342518,46,West,Mass,44.66477028928231,1,0,15.03819201763381,71.6132603826368,0,0.145053837800079,67.8554297711968,0
25.51048990262019,41376.24824295146,12,Midwest,Mass,43.779934577419255,3,0,11.79407834137841,73.2300843937341,0,0.2660019851933358,108.45896601794232,0
47.166383510541834,64619.53855781619,29,Midwest,Affluent,69.20909253359301,2,0,14.453242606535479,66.26549690009372,1,0.756626056075209,238.79913844436837,1
54.918335308081794,238433.9868458174,122,South,Private,29.99516838851848,5,0,66.97025395605489,76.81301392432228,0,0.15895377867163524,82.69157298761408,0
45.543864665667904,17646.26471023474,25,Northeast,Mass,66.67158326457397,3,0,24.225599474822413,61.699448113807705,0,0.3336009018590434,223.6364124336654,1
42.10528089298529,32133.206529102543,52,Northeast,Mass,47.871125552127765,4,0,12.422024637930958,72.36592181381536,0,0.39082893092511367,42.820215002336624,0
47.67283725074593,14024.439053293856,9,Midwest,Affluent,68.9950942095533,2,0,6.724583805405213,45.86010710885902,2,0.6115331677908028,133.3978596227513,1
28.51315522866965,34429.344871669746,4,Northeast,Mass,45.56486775935993,0,0,12.59117134179058,69.12549878142708,0,0.534482175349963,48.19040172470519,0
51.73175973253222,51856.631892182326,42,Northeast,Mass,56.99920395771534,4,1,14.070278811417648,60.700898981042705,4,0.4320586191715901,103.69959812740608,0
27.047982367905654,,10,Midwest,Mass,44.9833624217803,1,1,9.005960177818075,,1,0.26704895407332935,64.52241518255123,0
25.87984012736704,57007.09831227373,18,Midwest,Mass,56.07391742841096,1,0,13.1343084287819,72.81022233522421,4,0.5491026896676956,234.30259869874985,0
55.16869815833773,40098.92366798972,68,West,Private,41.13905192123763,5,0,12.851011115798922,64.13069248633194,0,0.2446817715216071,32.98376908731061,0
35.140498217123245,14509.427739882589,20,Northeast,Mass,54.55129455215684,0,1,6.011353385442882,54.04314213645979,1,0.30671615444466893,89.3478035506707,1
56.546138879933096,14000.0,82,Midwest,Mass,65.28052457017748,2,0,6.225311114001097,77.1623112616616,0,0.283133476816134,75.04960596996561,1
69.8510389565422,32576.662748007715,59,West,Affluent,64.84829906615607,5,0,27.395310711718217,62.918529029616536,0,0.43792296864067703,131.35082365703875,0
38.252845289924565,31569.509291561626,17,Midwest,Mass,45.12273060475874,0,1,6.639631701174061,52.97642382448101,0,0.265790694574044,44.73102042548771,0
40.8417456158532,32661.23357564492,28,Midwest,Mass,59.71285219751798,1,0,12.717887817925691,78.43523009361597,0,0.3501757175874623,261.6385472701556,0
20.608085813662452,32704.07377283118,28,South,Mass,48.53509543417343,0,0,13.414812521404379,63.608780175891916,2,0.24809476838796415,68.00141781199173,0
35.987898105114255,36554.93328931582,32,South,Mass,27.208927452944742,0,0,27.403383350621894,56.76726086656504,1,0.28380249048951717,46.04192843312863,0
22.681166980938425,25590.07212595805,4,Northeast,Affluent,64.31122158097067,0,1,15.219768040053038,45.34801497376596,4,0.5450836623570986,201.43008095627064,0
39.74165624917978,21989.941460008537,47,South,Mass,53.25054592213305,5,0,12.50375765889017,79.87599899554918,0,0.20883064224690984,61.93375623201,0
29.35914090422252,21079.67345710618,28,South,Mass,52.09071999756001,3,1,14.349167988286359,,0,0.21398772103389466,79.48818034882552,1
54.39903411047002,29745.82389659133,80,South,Mass,79.12046360863509,2,0,13.745829607444625,62.87057353495837,0,0.8333353204979016,512.7154889994981,1
39.343704400770235,23210.984362685856,17,South,Mass,58.06084479955883,0,0,9.596235403796891,58.58906647092736,1,0.2428125897497445,44.995677403300746,0
48.723197245715156,17069.153649579643,28,South,Mass,69.1197546857744,3,0,4.813768128633111,58.52997055637696,0,0.7944949059650188,210.21763305998996,1
50.76022741210663,72249.93780987666,25,Northeast,Mass,60.32047117045492,3,0,34.51255981278271,74.47454689083938,3,0.4524251004845842,136.78116861926677,0
37.889216430456834,35650.58591407801,21,Midwest,Mass,51.74007581906237,5,0,12.630253276743671,54.60785289498159,1,0.3220380326014907,53.10454798874794,0
64.6645294614259,21362.938108741117,44,South,Mass,65.31169604263995,1,0,22.16815031362319,56.56086889595425,2,0.717502045898745,172.86108603112342,0
45.21472249770239,39794.05821535072,40,Midwest,Mass,41.68252441481726,2,1,19.16667054828199,76.95233774477231,0,0.10213438113159048,26.282988262147683,0
36.04211503988467,20617.094875314488,34,Midwest,Mass,48.810284328844716,2,0,8.369163215792932,,0,0.44099925059424816,56.96066436751803,0
50.23260529747581,57894.74194281594,55,Northeast,Affluent,42.47916064405159,2,0,24.043422843397664,69.67366061312728,0,0.18666066026778952,110.24504403792638,0
59.212927292992184,67046.79402229696,49,Midwest,Mass,52.67088691500177,2,1,15.863889220547506,55.673250910854925,0,0.537950691930144,91.5828649016097,0
43.82194430764606,28956.76234166647,19,Northeast,Mass,70.44652685084326,3,0,12.84996224744855,52.50400711142532,0,0.6394122711195318,184.5541251122192,1
48.18421219402355,33978.150217210285,44,Midwest,Mass,54.15597488158232,1,0,12.266212860444654,58.000910059495524,0,0.5170882047405839,92.59767115350319,0
59.209704430487186,29826.357053441912,18,South,Mass,47.68014000652225,2,0,24.11391932659286,69.0286982160574,1,0.3437321882571409,88.79196222926728,1
39.50912013330947,39860.896431424604,17,Northeast,Mass,74.45468210819556,4,0,21.610354132097573,71.04424580015136,0,0.8125612743966087,912.7110861027613,1
36.23899542500911,,38,Northeast,Mass,85.72282089760327,1,1,6.715067345629229,40.24839106986518,2,0.803308178921861,1633.8693793609577,1
24.643424513880593,42149.37214727289,17,Northeast,Private,44.51908699682109,1,0,18.6198603562182,50.05473858365515,1,0.28943692758728395,129.62787331125182,0
41.71242051498399,14000.0,10,Northeast,Affluent,61.285364830262075,3,0,27.4023051788456,53.91830283221634,0,0.2733804911547679,34.41846197651989,0
29.382590149847612,15589.228569593099,0,Northeast,Mass,62.86973180003475,1,0,14.728995828359755,32.03948056175988,0,0.7291292004801242,219.1356061718096,1
79.0,,95,Midwest,Mass,40.53857148240909,0,0,23.489006949834355,58.29225624146419,0,0.18781483654909292,90.7869873145676,0
37.33164882428526,48057.51785577434,25,South,Mass,44.95079434567861,1,0,31.341338212639066,53.503686509687775,0,0.23331106043141392,41.01193745934037,0
19.50901360975948,52816.98030082186,18,Northeast,Mass,45.45066118860495,1,0,15.59541709559366,69.44634297476952,1,0.3637560478748213,77.28620591571577,1
61.86800292650939,33068.015281102234,51,Northeast,Private,59.10980141825505,1,0,18.112834975836922,61.63715011305678,0,0.4086595007253375,140.5892158587651,0
40.40664319608495,52495.05699123529,49,Northeast,Mass,46.17098593362454,2,0,11.133028391546496,70.3632475775184,1,0.4136717086949536,170.7574223020545,0
40.83051414673606,40991.28821350352,8,Northeast,Mass,56.00841684234442,1,0,14.503981561302307,66.33362265182542,0,0.30415317450469764,94.87133240763539,0
45.64778357798081,28002.75097357209,60,Midwest,Affluent,47.03734478204676,2,0,30.57036920919401,65.31616143323247,0,0.49379643440042553,145.62636342272629,0
56.18864395919894,35372.31479734004,55,Northeast,Mass,73.7243205389534,2,0,63.24894423289329,62.39439114598637,1,0.6431685267843517,317.0428674056436,1
37.32051361664815,,23,Northeast,Affluent,43.24344476513147,3,0,9.15237875321438,66.89262647041846,0,0.4889208144950562,115.71787095487173,0
28.6641776275237,,30,Northeast,Affluent,16.878681007969863,2,0,16.31668297971498,85.21601284652415,0,0.07907247686787361,36.845939447456445,0
51.985916706404836,29865.875522769784,24,Midwest,Mass,89.82607213534197,3,0,17.555063109784886,71.68915545938624,0,0.8406541836384125,1144.2590303014888,0
38.11097175513684,41485.572201557945,39,Northeast,Private,54.29217494065282,1,0,26.635038378453263,45.898495940569745,1,0.35979580434606384,122.90452632810262,0
25.673569812652826,23822.209846615846,0,West,Mass,66.78067093050483,2,0,41.90858245444044,51.14982127086623,0,0.5663758342319839,153.01730669862891,0
32.354229664702984,34280.16687158709,15,Midwest,Affluent,65.15856763665224,2,0,21.266517257432827,47.782481454066286,3,0.353486096314407,152.37674759437803,0
18.0,14000.0,5,South,Mass,95.01883039693061,0,1,6.879445111181894,36.34689020308278,1,0.6203234237476096,1420.3577345840351,1
40.92686430804867,112972.61752143136,6,South,Affluent,32.051636092677384,5,0,33.39599915465909,76.10339890700601,0,0.18821809394621294,55.067223357546155,0
56.95435431847787,,54,South,Affluent,56.17901776416995,1,0,22.568454980638762,62.69573302096779,4,0.44996725087338474,106.73994631035586,1
28.833501231335372,30935.76487956772,30,Midwest,Affluent,45.757427494753124,1,0,7.998821134413761,71.05189341562456,1,0.3043985148633217,85.46182296874466,0
20.97386666207669,14000.0,20,West,Mass,55.82320624597924,1,0,9.623653623186796,61.07236667649634,0,0.32364183214798187,71.18634611485078,0
29.92644235309862,23353.0428883116,2,Midwest,Mass,84.3697988765837,1,0,5.448938326397334,57.05365173323018,2,0.6001895216445832,1025.180287499275,0
33.12980602621485,22912.46787555118,19,Northeast,Affluent,67.41355546692752,1,0,16.355339188100817,78.07988580898709,0,0.5254050105110191,244.11536879490163,1
35.37429899994146,53736.798517431496,55,South,Mass,45.50040103728812,2,0,12.76798821719057,79.24009880616697,1,0.2733054183031972,33.23873668493301,0
30.293360661836093,22894.625918968923,8,Midwest,Affluent,49.41043767716207,1,0,15.218563867109175,46.65614531973254,0,0.5068031416184815,149.8575342546656,0
22.541466226324328,21875.642221115086,15,Northeast,Mass,80.50025463735707,1,0,13.903127043149212,43.08546381342849,5,0.8119481254314884,864.9484097481048,1
52.391899675435,73092.09287356323,16,South,Affluent,90.89628919946627,1,0,28.950923143335547,41.50266230540526,1,0.6012327269563429,2655.2015084591753,1
35.3827507181576,73401.12109971954,5,Northeast,Affluent,49.1756241458381,1,0,54.940664436556986,59.32451321396945,0,0.2035496346864844,124.45247477278079,0
54.00279511912375,27503.551546423583,33,South,Mass,60.95545818174753,1,0,7.464227525792167,83.09601541762181,0,0.4541609626389529,90.53726636424325,1
36.21870190188816,20764.051632448365,31,Northeast,Affluent,64.8721685627797,1,0,8.635517895421897,74.68165709986773,4,0.5538278655378063,314.4403624722167,0
32.701606260124315,36390.80932437447,44,Midwest,Mass,48.75798272591398,2,0,16.153221809994715,74.19842458531917,4,0.2133695777500107,47.2846129351021,0
43.5884458886704,27371.841188816958,41,South,Mass,65.12000471295747,0,0,15.143441364674665,61.02049894776357,0,0.5531210042089824,222.66589474723403,0
49.42057923484827,23120.6192612575,29,South,Affluent,67.25246681878698,1,0,8.288472571385045,60.83429306977413,1,0.5669344603227718,801.0000236678231,1
49.03051755850014,14000.0,29,Midwest,Mass,80.7997020622444,4,0,12.017184876257305,50.46121741762722,0,0.4740376146702417,555.1070181997253,0
32.87242688695781,48824.13768667992,25,Midwest,Affluent,50.37725637306903,2,0,15.97065998622136,61.72340800136893,2,0.3690646658800997,107.54386735835944,0
32.29825413590821,30762.62533208033,16,Northeast,Affluent,53.43394126222615,1,0,16.373624802156325,47.694274986375234,0,0.427912512230101,111.55698203180609,0
39.45918251320668,37924.3572211221,26,Midwest,Private,51.766028183299355,3,0,26.83637241173198,60.891941609632475,1,0.2787713415784618,72.13860524277166,0
59.220382997537904,,73,South,Affluent,66.06208861628761,3,0,39.594599120292685,62.59322722915787,0,0.28393217390659786,144.34660352664227,0
46.79189986969093,,54,Midwest,Mass,66.22275671736843,3,0,10.916251690583769,53.553241969355824,4,0.38452679776424176,121.36970230878481,1
38.17451578134204,19535.69750822044,12,Northeast,Mass,56.28483266528842,1,0,13.609803984654242,42.70364806022913,2,0.6801613065841156,128.68317680328823,0
42.73685739120291,35533.846685348864,29,Northeast,Affluent,48.92419804252627,3,0,24.062213112293197,42.32182004726923,1,0.2629330005122402,118.9237996444145,0
45.12535740063607,33286.426083052065,30,Northeast,Affluent,47.859942999207696,4,0,14.468985752309166,65.6020705664944,1,0.1511048703541923,60.69938652770368,0
41.52667235730557,49089.45595314243,25,Northeast,Private,38.527462035456196,2,0,36.642153214880835,64.25227079240405,0,0.2596882943898451,113.1396682508715,0
45.721161297542345,,37,West,Affluent,68.56277570967698,2,0,32.668156910626436,38.13214693918925,0,0.21354337063030512,235.3526719849706,0
46.89551315787653,14000.0,27,South,Mass,72.91115467683993,2,0,5.760993734591166,41.892850446448946,2,0.7057268418175685,290.93670324154726,1
44.38606750905513,66829.46657724305,70,Northeast,Mass,39.27334439399828,1,0,17.060006537299074,73.30773452477648,3,0.4057904900997622,62.93697739764949,0
28.699821660516857,32272.962694887126,18,Northeast,Private,60.217737144587815,4,0,13.503333035061292,61.87143751333497,0,0.3987291064468086,117.62224157186499,0
38.26153819926261,32980.200697583256,16,Midwest,Mass,45.142251157828845,3,0,8.801391734875224,60.63483379035593,0,0.35366666677774805,89.96836675130487,0
67.85695076431716,,35,Midwest,Affluent,48.40680389425526,0,0,42.7856778234778,64.91372484037824,0,0.4724366168575678,75.05824464717438,0
28.73078578662742,36541.19480398997,24,South,Mass,73.93218131347994,1,1,26.267677254199384,67.28646267962164,0,0.5731302411557654,400.06823654225536,0
27.286905151146506,19871.915949465354,9,Northeast,Mass,49.67488185518547,5,0,18.739787828430163,60.891550898192556,2,0.4958517818925514,225.08948097349898,0
36.06566221148035,28000.385095209003,7,Northeast,Mass,73.84135149188585,2,0,15.858769148609502,48.18307118899307,0,0.595425261141798,269.72033836250506,0
55.934502547557614,30781.554871140183,18,West,Mass,76.8068338885982,2,0,19.851522967612706,33.45406722096359,0,0.6897373352700593,434.22200062158464,0
49.898362924441905,97788.54493502027,43,Midwest,Private,54.777833355730614,4,0,94.98000407623637,59.89152936176086,0,0.20720201657059215,198.417071586048,0
52.6447847735367,14000.0,39,Midwest,Mass,72.83891930082473,0,0,13.920309113108619,58.29509950703683,3,0.5638211196068552,198.24068849472303,0
43.793577540704916,73151.82286734325,33,Northeast,Mass,35.89309197749287,3,0,22.005383913257884,53.300299743502215,0,0.07662270296177255,28.287758844850345,0
36.62348530211655,14283.614854708088,26,Midwest,Mass,48.36009579395841,4,0,8.594745930893733,61.488655262819506,0,0.4579089250544488,139.1173481282592,0
42.44404342573881,33057.32007513989,41,Northeast,Mass,57.341097359243626,3,0,14.96622609525854,47.629462730513076,3,0.27919565144601327,100.3268249730353,0
53.764663389311806,,41,Northeast,Affluent,50.374820572495906,3,0,33.37941163908447,54.35749343384971,0,0.20130329127650562,82.32156970663029,0
26.475872169500384,38110.374280687996,19,Midwest,Mass,54.100150418523064,4,1,43.06517039663114,66.10104094282053,0,0.3060901620912456,104.80468722249256,0
50.943232746158266,75951.61770699409,58,South,Affluent,36.002476059664424,1,0,12.055226024601051,79.17633249327126,0,0.30924385626897294,34.49634818460318,0
46.264783405081914,31451.265945382263,22,Northeast,Mass,42.61986337884146,0,0,15.328712856941463,66.1590838568544,0,0.2181620445504499,69.30726751285599,0
41.48354339747493,33435.37297059643,15,South,Mass,37.225362806598056,2,0,7.725207483784551,58.6012102590331,0,0.43257322276296845,70.0941560907646,0
56.657203013200004,61721.14939193378,31,Northeast,Mass,67.44237948896858,5,0,22.2009348962466,65.54743748943851,0,0.4083153694677005,76.55039339883463,0
43.575665594985885,36827.447406549385,58,Midwest,Affluent,31.433360657300238,2,1,13.764588923978971,77.6734678401075,1,0.6742515504666422,1083.1541300018914,0
40.77763529727329,17798.052203695042,32,Northeast,Affluent,59.710990989548016,5,0,8.680280020549985,58.707953940720756,0,0.3410812371611048,114.52334704625675,1
61.64173779974759,28572.82186744682,73,South,Mass,62.49434615643471,4,0,17.008567541298152,64.07330566904689,0,0.26187477240858176,78.88167733418197,0
40.625597825258055,,24,Northeast,Mass,60.16551337223722,3,0,15.919061945750947,57.07773054371492,0,0.5311924101082406,93.34769385343891,0
72.62049543400806,55435.09329936378,48,South,Mass,61.01430960917528,1,1,10.97098266508215,74.92936011813433,0,0.1875989019207011,73.44506449236319,0
50.69312550580779,32338.889562754026,46,Northeast,Mass,69.17739983682011,1,0,32.74879489219356,45.125879703020544,0,0.595453052281359,176.26375414874482,1
33.407021295275406,14000.0,45,West,Mass,80.35300617828975,1,0,8.255455328673143,,0,0.9258214659906412,974.061858595737,0
32.39429177843024,15703.027980489644,41,South,Mass,62.01700014408706,0,0,11.734077634387653,71.00234110339707,0,0.5174737587960718,100.11581392910834,1
22.56575459017975,19438.18522675707,16,South,Mass,70.4904334740309,1,0,14.746209224330793,49.73330973414611,4,0.4852965343272554,217.7388496660998,0
66.5194191533615,95135.73085768928,40,South,Mass,50.761176087945515,5,0,166.89049436312456,54.50807966612345,0,0.23068066695563277,116.99806127806548,0
36.306937733615094,19436.64693561881,13,West,Mass,74.7075602061185,1,0,10.292468837059916,53.203065911234596,2,0.5961952048296357,217.70307703505182,1
39.32588782540137,,15,Midwest,Mass,58.53787330972761,5,0,31.212183779389097,51.84291949893598,1,0.49983960703387625,135.30620656917836,1
54.046364975758266,17567.486162286496,36,Midwest,Mass,40.89879881171216,1,0,11.34244562947078,68.13496996488266,1,0.46355875227525783,65.50571283388588,1
46.997031966815165,48255.93161006195,36,Northeast,Affluent,45.41108233417201,5,0,24.843910854392234,70.70177207421044,0,0.25450174607338416,55.038332895001396,0
25.609047506476504,81898.57083583692,9,West,Affluent,43.59463799122733,3,0,49.937505386210134,66.952883350289,1,0.17179945015230988,78.81456029691216,0
50.47647384703036,48744.90460180111,38,South,Mass,58.089357378199324,1,0,27.05439666383084,75.54520100250477,0,0.2248317665215827,78.21552967291957,0
30.213531643665135,15943.721005176356,12,Northeast,Mass,37.56046780909609,2,0,13.969774769045772,81.73108054263076,3,0.1532815399353421,49.04045226053236,1
32.70556691401549,53087.12219003012,11,Northeast,Mass,52.603258018732454,1,0,16.07261685768578,48.796737888141074,1,0.4481810594686837,121.70957985527038,0
48.96325002008976,55592.834041910646,56,Midwest,Mass,48.12165545861593,3,0,21.05062025468672,75.91223768753932,0,0.18427872587339922,20.529234808816042,1
30.577817259104442,40152.64538505744,21,South,Mass,56.90743147142177,3,0,36.774826387036654,44.97041037835429,2,0.44216907532472927,117.89546156035654,1
43.064209392880365,48904.181035742506,50,Midwest,Mass,37.17834520533114,4,1,13.541237206884688,57.146153955286245,1,0.3060604896396973,45.391005925815804,0
53.886417419912476,81947.33427043304,40,South,Affluent,44.13966104353904,4,0,11.342442278567926,64.69624475900643,0,0.49839383848208124,91.73095425046662,0
41.87375957502658,48020.971773512865,21,South,Affluent,68.9992105640562,3,0,15.871773585216209,70.41842161625965,3,0.6888050015370571,430.2728163660721,0
34.52859815039835,20476.75795918167,35,Northeast,Mass,54.306066315577866,0,0,7.902890019767364,68.9550135107442,0,0.46771657077665224,84.40797095256256,1
33.87436778747436,63652.59132066688,25,South,Mass,41.299198796371854,3,0,14.759842062140285,81.73986310047493,0,0.1725362926391107,52.178186616683156,0
56.78645413998436,61430.56360070799,52,Northeast,Affluent,58.020503886885614,2,0,22.83138156145787,68.06741292659314,0,0.6891102206889791,113.35599178297358,0
35.231207959872904,74979.2559950463,80,Midwest,Affluent,43.02331342754079,1,0,17.795953876779198,80.45252822510622,0,0.1895816672318603,103.16094801936656,0
39.306999284480014,24145.476749020483,15,West,Mass,57.00412994531749,1,0,13.912169404149548,57.09105192557743,0,0.17836188294789693,75.09589335038633,0
60.90553867726815,90307.72495649697,51,West,Private,53.41832944345449,3,0,28.348603170382663,69.02007262499515,0,0.619786203232122,114.86910093144778,0
53.92460393265471,28002.887724889177,24,South,Mass,43.683342168326504,2,0,7.88980928429907,65.65748868125605,0,0.10473329727134952,62.850417571468185,0
44.70374381944552,230133.0306689199,36,Northeast,Affluent,44.72413280875554,4,0,144.67553759353683,73.67592888581098,0,0.41161872868040983,115.48486708834494,0
40.60912342784887,55647.0391241494,35,Northeast,Private,54.75517437956986,2,0,23.633932007378906,,2,0.37977695686539964,247.728105285039,0
49.84753608858479,16640.082087909603,34,Midwest,Mass,71.39630722425731,1,1,6.9289898623336,51.794228552315424,0,0.36224729104756176,240.32777117711177,0
30.746882651477843,28047.63388962818,23,South,Mass,29.635648537729697,1,1,29.572365067167198,73.24225658779537,0,0.052723729813186064,36.537275438887356,0
44.10335375937563,21987.4035026523,27,Northeast,Mass,46.14564811972404,1,0,6.317744021975586,74.13434457284318,0,0.36522255029790107,63.25615846754771,0
40.448476423099535,67305.21262847274,13,Northeast,Mass,38.880627321884646,2,0,34.876475328654266,60.95149706413132,4,0.14053273230151517,107.05511925861957,0
29.018807350649183,14000.0,37,Northeast,Mass,85.12399514373078,1,0,8.23282051526704,66.3811600154679,0,0.7967780323627724,1861.8931248792144,1
47.918076550543375,41092.67610035866,96,South,Mass,47.22990298768273,1,1,20.824236592998226,,0,0.23283628243960178,51.41182749991493,0
41.78563688003895,128109.69684728206,38,South,Private,28.462531333016777,4,0,48.69938258209958,71.99286663225868,0,0.1239534946746851,126.0344304320255,0
34.441240951681905,48046.453359414,20,South,Mass,39.0316077671246,2,1,16.344176322184264,60.539108251928155,0,0.21048081238942956,101.39864730689663,0
37.03809443525817,143316.20465831226,27,Midwest,Affluent,41.04752220938433,2,0,32.09254072563998,62.753949780756706,3,0.0938794632437888,103.99357827098223,1
33.362637139264955,31561.367223987385,42,Northeast,Affluent,57.916846086598106,2,0,22.188082374247255,74.4032828871344,0,0.2860845289234569,109.26216658993475,0
22.00319944585687,,22,West,Mass,47.229940282223325,1,0,4.839344846060618,,0,0.2736764798762444,67.14189288768385,0
49.365668272560356,29937.18160347377,43,South,Mass,50.567180029790265,0,1,11.044352797408209,,0,0.23509417038023442,53.366138211664286,0
57.82927705415957,35147.886455912674,44,Northeast,Mass,57.78323977259185,1,0,8.331075963032424,60.87995155741961,1,0.6071318743350547,129.0196782274942,0
38.45340100033013,21684.243852840023,33,Northeast,Mass,50.87519999731726,2,0,11.71968716604586,,0,0.18140081265789748,59.05547676846503,0
50.89595288411019,20650.13730286834,23,South,Mass,55.369469483618644,2,0,15.21904626972444,46.56655536044528,0,0.38852686014807253,113.44468057649546,0
30.75181115273568,70822.49177507417,15,Midwest,Mass,40.60608220088057,2,0,19.5774261056572,64.93623054737071,0,0.32732917152107055,55.71086408552796,1
30.008063511096857,26908.16712698618,14,West,Mass,56.154234399093085,2,1,5.45052769822711,61.86508056750326,1,0.6513077329813943,103.67460574740454,0
18.62528943463138,17007.21727543953,5,South,Mass,64.15242453274523,0,0,23.465930280567246,,0,0.617324309032626,116.00911854497333,1
45.97043269934533,14000.0,12,West,Mass,51.297348426663476,0,0,4.075598763608141,51.782985696051895,0,0.1481534543055184,83.8514454440446,0
38.29546988673747,14000.0,24,Northeast,Mass,68.69663069857032,3,0,8.582380783846581,53.54454590342555,0,0.39438744328561737,147.47561657406462,1
36.06166670817722,48799.56633429631,27,Midwest,Affluent,36.13683933266679,1,0,40.89548630334349,65.33896116215064,0,0.230710661765897,59.2284812020682,0
21.371865282407516,25696.605617968577,13,Midwest,Mass,53.89666462096694,2,0,14.440983320184051,58.24549900888253,0,0.164069365671337,33.147818079572076,0
47.9945561698585,69789.56714696446,42,South,Affluent,30.72590038733528,4,0,13.737893985162575,76.10076590338035,0,0.049228345038530234,51.07141178623941,0
19.450305061922283,14000.0,19,Midwest,Mass,71.05149635010319,1,0,11.57391774775946,70.7374809080531,1,0.5788959898611715,292.3420245861645,0
42.68780505625339,39792.13883867052,21,Midwest,Mass,47.79020159771033,1,0,14.452194251931207,76.63046176454343,1,0.06848218103354681,69.83241253720655,0
33.594146940996026,32659.935474739243,14,Midwest,Mass,74.0755764965631,2,0,17.559253311716134,54.965313202349705,0,0.7632791745974417,481.45855966681665,1
40.64293781457404,42895.28741897142,12,West,Mass,43.456090415666424,2,0,18.08007195972113,72.91249577296716,2,0.14359906480574747,46.822607149364224,0
42.73032393622069,21875.52851570453,21,South,Mass,64.9390687003436,0,0,11.4460258277942,57.49072072749214,0,0.3850432255090037,289.7078562774314,1
50.93344861810759,33986.777286662335,44,Northeast,Affluent,34.87879014558517,2,0,14.456804221462559,70.21379853466097,0,0.39365338019523644,409.47599616509285,0
28.811809625113032,26305.878299081905,40,West,Mass,44.08464559831493,1,1,5.78227222702295,56.84998753113457,1,0.4531873374244859,54.788085636973086,0
29.610109067555097,35531.86025834322,13,Northeast,Mass,43.4953936919952,2,0,41.47225044936614,70.51321171034374,0,0.2582378117708613,86.43006458018425,1
36.12538062164941,64092.12872907337,20,Midwest,Affluent,56.845054901931775,5,1,12.720065770822075,67.38272311066565,1,0.2996942166144741,96.54732917049658,0
47.872722281002176,,73,South,Affluent,58.53277656686876,3,0,34.6960649501712,57.97065903710922,0,0.4747098539949272,285.74530525259905,0
63.301081249503426,83307.98464104999,69,Midwest,Private,50.91665311451891,1,0,15.114324069576048,68.40720894367847,0,0.36287339715333994,178.4455830327994,0
50.012048051728016,40683.20524023557,11,West,Affluent,64.17833813081711,1,0,26.258114538109318,66.81930292873034,14,0.47922496054372465,143.1181037639657,0
33.28399841955495,14000.0,9,South,Mass,88.56886782125822,0,0,4.054292836996448,46.968227454187584,3,0.8479520525918804,1022.6118416222098,1
30.887843376042436,40875.835632938964,10,South,Affluent,66.31698058333428,1,0,34.33085425805045,71.67349952883364,0,0.4422484776122397,176.2350711859147,1
26.49678812150041,14000.0,11,Northeast,Mass,82.22431611974216,2,0,6.794889155709981,47.25400787595858,1,0.6573989908570255,763.3902814683073,1
53.60964486726331,21714.03360272677,28,West,Affluent,61.0071037156807,3,0,16.41252641404777,78.22607256217321,0,0.6199060741795648,165.42996656321674,0
41.22474080443648,118245.07115342042,28,Northeast,Private,50.444993536045196,1,0,26.861591212551264,74.2826843156982,1,0.6238271025199751,89.39691011595956,0
46.773738978685294,25096.77716154018,22,South,Mass,60.746535914913146,0,1,12.624658608568858,43.29961724067135,0,0.36668728651983373,63.859464712573164,1
35.39842453439303,46015.99840117553,29,South,Affluent,44.42309116372054,3,0,26.11964375766478,66.22782917056801,0,0.0855175851776572,50.744500676160655,0
18.0,14000.0,0,Midwest,Mass,77.26233827052998,2,0,8.345991815842293,53.038253767720214,0,0.5298283474164596,672.4576737985785,1
57.10761473616697,51805.60995988295,56,West,Private,75.74906779775941,1,0,13.927605664758856,74.4023605606011,3,0.6840943071566619,313.3238005737152,1
42.74018040694304,21063.757902072597,23,Midwest,Affluent,65.56983097258818,2,0,5.431621065661204,49.0453435262457,0,0.45834874414243915,95.21532345606268,0
39.816436251316304,18366.50044770529,8,Northeast,Mass,58.9311748886816,2,0,22.1821503742361,38.82064405949506,1,0.8029058120876418,156.67959771624703,1
31.622086440951023,15492.819098119147,21,Northeast,Mass,38.94673607783092,4,0,19.447387329647967,,0,0.05893108179303699,28.573057506469105,0
21.382915681246097,38150.53041270571,14,Northeast,Mass,53.90798849840511,2,1,8.791082466963164,44.67230528464456,1,0.20120704306220585,90.40256616633292,0
57.427257631425995,75798.8528537284,16,West,Affluent,52.64117146211532,1,0,37.141712493235254,49.06715944746034,0,0.47936392663846666,224.12449982016835,0
36.12258558286846,75917.9474839162,39,West,Mass,41.86342897293801,1,0,61.23392668825455,75.65837349649783,2,0.27959298116160164,164.19768598228228,0
53.779473201017,51436.97937723871,68,Midwest,Affluent,63.403071955441135,2,0,6.037462519183111,63.13481490148671,0,0.28815304293962263,85.57258885997025,0
61.17527988049707,91958.07156365321,34,Northeast,Mass,39.17755959850334,3,0,17.843335338134768,89.70816089227692,1,0.2045527035874884,52.563522742315875,0
44.116234164155095,24168.97991220486,22,Midwest,Affluent,46.93925907090935,1,0,7.324044884229662,88.68962970771645,0,0.22048821952826633,47.190709140592865,0
42.51022423879162,40718.23102267873,17,Midwest,Mass,37.75892490568527,6,0,38.306013747824345,75.6919681681923,0,0.09383025949203606,58.74425674169644,0
49.26221889637225,14000.0,48,Midwest,Mass,79.81639681349502,0,0,3.574115866688603,,1,0.6816558032514993,563.5778591166978,1
38.641540000204394,18233.98679990855,24,Northeast,Mass,49.298218684065084,0,0,6.794985562808282,54.087125325963974,1,0.4389193828581428,77.36788225845544,0
21.1687696065812,33686.3877152826,8,Midwest,Mass,27.27928374722294,2,0,15.237337772539409,81.11880745455542,0,0.08942296129485243,27.285382191554795,1
38.37675314171541,14000.0,21,Midwest,Mass,80.53755745437869,1,0,8.847695946988196,52.40047093373622,2,0.8033960418108359,654.9130555028247,1
33.46506736010755,19436.042583648457,21,Northeast,Mass,74.9771198064849,1,1,6.7544208039941624,53.666645204210845,0,0.5806974593605149,345.30006649673896,0
37.556276608371135,31523.164125474552,4,South,Affluent,52.68663484505081,1,0,26.267782051941005,68.71101955340075,0,0.14908568369188563,312.0728148746686,0
40.87703805550206,87825.89223018636,12,Northeast,Affluent,29.51837882256337,6,0,58.9971704623839,74.31718497174016,0,0.18020720447635566,94.09658075573454,0
35.57804538121323,29125.664993551396,29,Northeast,Mass,40.38792211753022,4,0,45.92375947701405,79.04581440639713,1,0.11103617906013381,48.57697297657127,0
39.348757459795685,122171.22634846167,33,Northeast,Mass,26.193756861757254,4,0,25.1609920263958,71.4603854481654,0,0.3173920797796031,28.008041181336633,0
25.24373824024481,31952.27468399427,12,South,Mass,36.151162320198715,1,0,5.389546306023604,70.91222171006768,0,0.06732614425621596,28.39842428190508,0
36.337336667149,20068.816626379517,15,Northeast,Mass,66.92021050217998,1,0,21.955962772536893,53.85145721319258,0,0.587096191222571,263.20628887653334,1
39.39365808884789,41489.13001854899,15,Northeast,Mass,39.527523240505886,3,0,11.92966010459501,,0,0.35933253283952366,111.29017881406695,0
40.000912172051514,,29,Midwest,Affluent,52.12053459072718,1,0,13.173114074851467,56.8021802607142,0,0.34731907071141016,122.4976742074533,0
41.06024863907063,107418.73022368918,36,South,Private,35.42593891650992,7,0,33.23189358623626,77.6260963239965,0,0.11246042640619683,26.55195366307318,0
45.28316004419996,115018.62686400874,52,South,Affluent,25.64377999497085,5,0,42.76491293510034,74.42324217490261,0,0.013500361403394336,142.26779001775265,0
21.671268210842243,,11,South,Mass,48.19845681583472,2,0,14.459890717411385,60.35779828185106,0,0.38588579328245,57.35760251714903,0
47.5165024596029,40400.83544447292,3,South,Mass,51.774309675201344,3,0,31.05852921409676,69.29040960534539,0,0.13508500045649574,153.75938745824794,1
40.49064488161432,31495.883851517567,10,South,Affluent,42.701283078918145,1,0,6.613273919551392,64.25231693499852,0,0.2793559635436412,88.06848340380135,0
34.79447257179549,37144.33856505713,20,Northeast,Mass,54.302830809562224,1,0,12.518554156318359,61.68669697004582,0,0.3245875483651805,125.04662480551815,0
21.40825777753406,38755.08724434839,7,Midwest,Private,62.03930690288349,1,0,41.89941954733653,77.98983584205254,0,0.3709123650199006,89.91459194679503,1
25.07283764688952,19390.89542677071,8,Northeast,Mass,59.39440820628045,1,1,8.71375281726682,53.11913179015481,3,0.5458671562542909,196.79273296363846,0
19.467931805030254,27141.84093178725,20,West,Private,73.33701351568376,2,0,12.26663453740215,60.84339822509027,1,0.48357796305718914,526.3099268162579,1
40.28023861234069,29925.775921918725,14,Northeast,Affluent,56.63414179541082,4,0,28.972281956126064,59.27128307876876,0,0.2043214667288789,130.83515491284152,0
70.26028512736313,52569.81904734203,59,South,Affluent,55.31274166279049,2,0,27.060274327225162,53.15159813068678,0,0.3282286826699964,108.54904294913723,0
38.425455128704385,28903.941036620163,22,South,Mass,56.553201332880214,0,0,9.664000308617588,59.92503974889877,2,0.19960848770359493,101.30340571357829,1
46.32635136080062,14000.0,28,South,Mass,71.89493592843145,0,1,5.732392053818169,58.95191280243294,1,0.519772653361662,224.4909000099611,1
51.62213277205513,48900.60881054583,16,Midwest,Affluent,20.973973899031712,3,0,11.764321013827054,75.59468042463675,0,0.08310686137918985,50.83710815507214,0
31.304647409543033,,21,Northeast,Mass,54.600234940456666,1,0,18.455848373991845,73.83797654802865,0,0.5047585688426653,63.91304775957652,0
39.11574785952279,70825.37089884577,26,West,Mass,57.33510678347021,4,1,35.624002864746956,68.86607076895716,0,0.26537496523090554,83.19077373274729,0
33.215722602206995,27944.89264612424,21,Midwest,Affluent,70.06420521959143,4,0,21.116059121113505,59.29078697974877,0,0.40179240771909963,238.30225564730964,1
47.67398345386447,37786.87728527957,53,West,Mass,49.282171341184956,3,0,21.955935922575794,58.67624812152329,0,0.23643239225751847,316.49370950915,0
65.10604228732062,50228.90944570073,72,Northeast,Affluent,44.35279529509774,5,0,12.460321484287984,67.95766536894617,0,0.37524721583798626,149.26798241595364,1
30.70973546816716,,14,South,Mass,65.18350543367227,3,0,20.32076750078423,48.22416761774042,4,0.6923017072809831,574.9443137941352,0
35.06767960276693,39510.202402265495,13,Northeast,Mass,61.40348418125561,3,0,16.272302532100472,40.72582862058813,0,0.3994905648071937,110.30907328693222,1
34.87181179808719,31816.50038543167,16,Northeast,Mass,35.20448338309905,2,0,4.829144200785303,75.760873408414,1,0.23283156288374945,261.453832180227,0
54.74678707515917,31121.619387701227,48,Northeast,Private,60.60887865462418,1,0,13.920739712033155,,0,0.35490100973863675,99.94070410379987,0
55.404905764053964,18846.97205653628,77,South,Affluent,77.37696523595899,1,0,6.823543849775077,72.99886555366975,0,0.8131546086743088,451.24425812842384,1
34.56122939252241,36039.721331457826,26,South,Mass,61.455629484429544,2,1,18.65831776838219,63.448249359859595,0,0.29493966108995784,104.49646140896746,0
38.74973687503852,16288.94768886347,8,Midwest,Affluent,85.67630020780895,2,0,34.747395033550625,61.309684568442904,0,0.8504773682714801,1373.2214704874052,0
42.4575702934117,81617.87105112558,22,South,Mass,44.49373288290462,1,0,44.194551622525196,68.70601722455838,0,0.22170358039965615,53.849578364770466,0
31.42527774192872,14000.0,31,Midwest,Mass,70.76222473522998,0,0,8.330277930500547,59.45988918397297,3,0.5182048849071808,147.0753515854724,1
47.83108849007499,35858.44590620259,25,Northeast,Private,49.94623725709721,1,0,17.113344264593184,59.20611806434071,2,0.20759211668612854,90.44995038589673,0
18.0,16293.153351348617,7,Midwest,Mass,52.45643983039616,0,0,27.50576840327182,55.612320122937334,2,0.50070676697293,106.00656554732518,1
61.811198518946966,69523.40920145289,44,South,Mass,32.24305615623369,3,0,19.56199296931137,76.49637819048165,0,0.1959695602127188,99.38541593990824,0
50.977474273837025,22527.671407831658,18,Northeast,Mass,66.52975396538868,0,1,9.005876470135963,22.597249093912758,0,0.6990555199967537,200.70900992778948,0
52.296008409908254,20978.680891254182,32,South,Mass,64.42172137590279,1,0,15.854637845705833,45.457806314445314,0,0.8226876478552377,581.7694226205368,1
53.656562366231036,38045.580221486234,62,Midwest,Private,67.14062509994716,1,0,5.784164883989818,61.83667234821623,0,0.5545409169855007,107.58787281395026,1
33.63168870270569,28991.462009329178,37,South,Mass,48.88773046375436,3,1,15.967730855142932,50.36653928805249,0,0.10787549917723599,52.13250900114679,0
52.389232146755546,,20,Northeast,Affluent,67.15941495790577,4,0,11.843924990587574,61.56538247081146,2,0.6011159921595941,90.73446715609805,1
39.96041119056879,58762.7616925209,37,West,Mass,53.234824768738726,4,0,21.830127991054944,59.30129646439969,2,0.2497841273445687,143.53887798534203,1
38.0079756323526,14000.0,28,Northeast,Mass,61.869909089371404,1,1,8.566256557252657,37.7761806809836,5,0.43739432557886926,209.99387717227265,1
39.055455118381154,22551.641244201015,21,Northeast,Mass,56.675881374754326,1,0,11.830588408184923,63.163916989096265,1,0.12793251348189583,50.49788412768265,0
51.61521914901949,183196.03667297246,48,Midwest,Mass,31.15887327860492,1,0,43.42954645787936,66.19450414159779,2,0.23519861798815894,78.15174129535077,0
61.393041605406204,77808.96027397353,83,South,Affluent,64.43616962150173,4,0,41.98764046367576,66.01891293653004,0,0.4743702542021511,265.8800784206862,0
63.47256126971976,87646.58871485438,48,Northeast,Affluent,57.243477191438814,4,0,43.106179320201115,66.8555432672736,0,0.09745029635448392,530.1431145849111,1
54.527594733385584,120906.21481569987,43,Midwest,Private,38.085774849772925,5,0,24.049979428886687,80.8909911532856,0,0.14728676814464325,81.13288402536409,0
62.47221129521762,35460.038910850046,34,Midwest,Mass,54.34272437722515,1,0,12.269367482889484,55.453185685584764,0,0.4337577080105366,115.83433554173874,0
50.2361625972144,36203.61312829471,41,West,Mass,76.10592480840049,4,0,8.995350131647537,49.54427927795606,0,0.6356194702711724,720.1497111627765,0
67.4765769841319,52794.527328314565,41,West,Affluent,40.536795157898204,1,0,18.38829233072006,79.4503866371535,0,0.17361911638749575,65.7686679692961,0
78.85147192687484,,99,South,Mass,25.623250093253255,4,0,16.057954718298078,92.479121064449,0,0.06040206947722645,26.22998664671853,0
50.26538741745428,58217.45342952044,39,South,Affluent,62.51106207049497,3,0,21.12734156147401,51.504846015904285,2,0.29544934046250526,188.91910454786728,1
72.9618177979353,15203.287907993727,70,South,Affluent,55.36387738145736,4,0,5.667866605699029,53.73457650777209,0,0.4273966100115993,119.4816560039961,0
41.99082478340755,25249.008049533742,22,Midwest,Mass,71.2223620144382,1,0,30.07234892074922,57.08432918285611,1,0.6626511447753387,350.427405342095,1
39.94500767943259,22702.718875452287,11,Midwest,Mass,65.921581191085,0,0,5.974049605274293,32.43904809519121,0,0.5723579544310557,197.1958646610459,1
43.07230872845438,32348.219596003328,15,Midwest,Mass,54.402797612893195,3,0,13.767565470508005,68.70281963812675,0,0.2650838309773778,65.8010936329015,0
55.60476817049838,42776.68678288274,15,Northeast,Mass,45.85691158369541,1,0,12.288673109263453,63.31177184796509,0,0.3579505179319044,126.25472534438252,0
39.17107818470306,64236.08603736288,17,Northeast,Mass,49.58367333294298,1,0,21.94833893464991,63.46843829680318,0,0.1749514679218184,111.62849941716301,0
37.01289468352288,73158.78124070316,12,South,Mass,37.45068356016211,1,0,22.498745508645246,57.30482825700747,1,0.22224107191249373,61.13638884474837,1
69.2651724282965,,44,South,Mass,70.61576478907357,1,0,45.12744151261229,69.1639259583745,1,0.5772370939639675,127.55690421489598,1
44.177245389669736,20142.631546318473,65,South,Mass,53.7178929869468,0,0,12.766704414706203,79.92176581196513,0,0.27492266489646444,155.96555039531611,1
46.17560579466114,38051.338415028535,57,Northeast,Mass,58.30222400710235,3,0,23.482279474374142,50.95802585221246,1,0.3280132749745872,126.03485366789272,0
46.0674066193064,38287.08931265537,41,West,Mass,67.71821446192646,0,1,11.638029589126813,48.46237165250175,1,0.44945125409561654,167.95275404823454,0
21.056573160902296,50705.957406048496,14,South,Mass,48.824503920626164,0,1,11.065808239429918,69.62100277253785,8,0.41599090399730987,100.97783528144556,0
31.13776377532301,17167.172252291635,44,Northeast,Mass,68.14752172305894,0,1,5.0838888968581255,64.92044743213737,1,0.5504455692020425,650.0316699638323,1
26.200215971040677,45305.0535861889,27,West,Mass,52.62729088084754,1,0,21.8295559062359,60.74509055546225,1,0.4517595815068591,95.56506639817192,0
45.92666383425218,41288.98004927131,58,Northeast,Affluent,64.70778314521432,2,0,17.01349426316438,32.19766472516531,0,0.1559905758187631,38.506461342066444,0
65.38933145758622,22905.10902248205,36,Midwest,Mass,53.951197893831896,0,1,12.26460454681368,58.056013897550145,5,0.29597647780384534,85.25782601607742,1
29.475856560447102,32658.017999657983,9,Midwest,Mass,31.321758571596998,2,0,11.384423616862676,72.75343485162179,2,0.31201591780035415,43.06938540212066,1
36.95321780080678,28046.878441490884,36,Midwest,Affluent,53.22098576395241,2,0,20.28284580349415,53.591415416485816,1,0.2525676232292576,81.96246455027703,1
37.34397216007208,46479.65877137391,17,Midwest,Affluent,56.67875641999263,3,0,22.79367674503455,47.83665592448318,2,0.661939561330102,162.02446102889866,1
20.933986071207546,28035.90590645488,25,Northeast,Mass,42.48135660854642,7,0,12.817943306854469,65.62617435520583,2,0.2007924382974954,61.851349795444065,1
49.64851526862051,40896.873621942774,22,Northeast,Mass,49.28878976000862,0,1,13.946092355649116,60.16806348389981,0,0.4084653114955044,73.13066204207409,0
49.726066126460026,87852.72224023582,35,South,Mass,30.88980776345333,1,0,15.887109690970826,93.85934968733667,0,0.07142583621763315,31.380563930400548,0
42.13013094594566,25465.531984107252,24,Midwest,Mass,41.331421040617606,1,1,9.005856794746855,61.49515522571491,0,0.38976099294426203,37.791979978854364,0
52.58059987506261,38002.929509981346,34,Northeast,Affluent,48.49977055361919,4,0,11.018859496352917,51.187782889608954,0,0.24061937502069158,120.0383878114225,0
38.7011158081634,30771.14009025541,21,Northeast,Mass,44.839835004953606,0,0,7.117740419517596,,0,0.27983844239413674,65.17493851999026,0
43.28055344200735,26730.925682076493,17,South,Mass,70.74811193474656,2,0,13.709252710687178,53.97174468299277,1,0.37577103494754455,454.0143465674327,1
38.44317885817097,104719.8198850305,39,South,Mass,28.471430498306482,1,0,29.34020854087131,83.27001283066544,0,0.2005676873733153,88.78133470307102,0
44.88503965392747,120273.14503949313,22,Northeast,Mass,33.953455555264554,0,1,17.771929247135542,65.33659519863376,0,0.01616118297835159,25.25295388676381,0
68.60588632633643,96183.99706985084,61,Midwest,Private,59.656523995839855,1,0,63.23339867397,65.95098374616535,4,0.5853367359273067,205.7640638421328,0
50.67098361205425,29769.02046277729,28,South,Mass,72.30200779661429,3,0,13.53254673830843,71.9026746953984,2,0.34354572934071426,369.22492431045305,0
40.64624945540536,70870.94541823672,24,Midwest,Affluent,39.064170694724886,4,0,15.179774697732833,,0,0.46468339709305007,85.77853605473493,0
50.749150542561104,,19,Midwest,Mass,70.80416035629685,1,0,11.567645357264347,46.60295138757776,2,0.599981652916968,141.53713933214283,1
44.59630662425365,28665.98240835513,38,Midwest,Mass,55.51057460309247,1,0,17.230741534899447,42.98647099828383,3,0.48216418638011227,118.57234219125613,0
60.900235563242546,22421.701642581396,20,South,Mass,37.321708139862146,3,0,23.071012629230417,87.65823462538998,0,0.12367488085340905,31.01714363316193,0
54.69022825268676,31142.819087076008,7,South,Mass,65.80017459107016,0,0,18.4640068806213,67.02571228715189,2,0.47295047240069776,135.26124739139334,0
49.973355435620476,38313.321057499525,30,Midwest,Mass,55.352204942736,2,1,12.36192098569614,64.07223716106509,4,0.41595496030417906,161.86509949087952,0
39.33750631350047,35185.937212243785,19,Midwest,Mass,67.00263079884047,0,1,13.506573725900125,43.34111824836712,0,0.5830466839722476,154.9226693101241,0
34.69353346313044,32327.194001509324,17,Northeast,Mass,27.535052384183206,0,0,13.17722062674376,69.87310036290795,0,0.27739011609808883,16.711509875311428,0
46.46125259556394,19672.936231555337,30,South,Mass,65.86410518875992,3,0,5.02145387751868,78.0134205718242,3,0.3151688125694401,79.0275850925035,0
37.603696930325,27603.94549345948,14,West,Mass,35.7241672057903,6,0,23.08246216349646,67.84296474910433,0,0.24556700655542182,81.5117007818488,0
51.43895264329649,99599.81026980389,39,West,Mass,47.843310746202725,2,0,33.25341960999537,84.08653255833387,1,0.3841426411938697,129.92789554194465,0
31.487232993361296,84303.50476779681,44,Midwest,Mass,29.957809201491102,4,0,34.51946103258802,77.5181476356049,0,0.17914648066940927,48.241426699881025,0
30.72125545041137,29403.12187849856,20,Northeast,Affluent,53.27971226435238,2,0,8.949967644338471,64.8101045326601,1,0.32788306839056025,98.64987667947202,0
35.714059705668745,28552.585744890584,36,West,Mass,63.37767031775636,5,0,63.32704796042921,46.21333381663396,2,0.36832211992370656,178.2209615776055,0
42.42491246940206,42890.93086512122,26,Midwest,Mass,70.49347523369484,4,0,46.848599985123066,45.42729042729589,0,0.45220848264646374,227.42077635469647,0
51.08031393866526,44202.21373359926,22,West,Mass,51.92535868357521,4,0,18.384865271512293,64.5446059659681,0,0.2655822670892667,63.853625986657484,0
59.303980795859104,14000.0,38,Midwest,Mass,95.08332282762052,2,0,12.976773566055048,45.81409089307723,2,0.7505855633613888,2754.006136335902,1
44.16399166323177,53524.51063393141,16,Midwest,Private,27.08945190991139,3,0,38.206617018504566,61.16001763955248,0,0.15005150385078292,96.57854768723794,0
39.745753938399496,27631.925500779085,27,South,Mass,48.74742431570438,3,0,18.440681803817537,66.52489353662638,0,0.3936548247229801,56.98920638094683,0
48.159847527361755,19832.064705324967,12,West,Mass,69.23840678148566,1,1,15.240832827890543,44.030443370940446,5,0.8145820982857269,559.2202637204413,0
48.05703717070051,60089.49296294362,38,South,Affluent,52.44291465868303,2,0,8.766758768137226,72.94338751329525,0,0.4762351785407783,53.72456767681294,0
46.805024036644674,40774.42108496343,42,South,Mass,38.4782894589599,4,0,11.341618749448884,72.80074224277895,0,0.11431541177285315,28.260658327323263,0
29.286952309096364,84612.84763142126,8,South,Affluent,31.617221727074824,4,0,22.792073331378006,54.909148212946135,2,0.0,574.7082514960277,0
42.17552008243649,77560.34256540406,18,South,Mass,42.43105362988196,1,0,13.500520714348438,74.34344732898808,0,0.0872169971168199,20.897828026214057,0
41.45160459498192,34644.07472226098,35,Northeast,Affluent,41.3723537132943,2,0,23.416665162069094,77.78175398939155,0,0.3456110481298084,100.66285837160059,0
29.01196436145139,20849.79571769916,7,South,Mass,42.82480848718433,0,0,5.959705761139213,,0,0.05968931999415629,40.97608298164731,0
37.56892402682357,108628.82087470162,32,Northeast,Private,41.77556227826195,3,0,63.31958557096003,63.98179097119388,0,0.09516810401052314,116.06807258763288,0
30.83124077478613,22011.568913190633,20,Midwest,Mass,29.362478955320853,4,0,7.89379277076428,70.34646996367725,0,0.048899339633879595,34.97853799533634,0
35.783716294141826,18543.148869366123,33,South,Mass,53.70579406675393,1,0,12.462880500648687,47.8184169872495,0,0.5221350342299703,87.54609812673884,0
30.61913144105104,32484.047102626966,17,Midwest,Affluent,51.62419932701438,5,0,17.010684988010823,46.95771873523559,0,0.1530284179813621,109.58464043132207,0
51.93812179758453,,44,Northeast,Mass,62.22109451356514,2,0,6.566815251515419,66.80550929711815,0,0.3745891939165433,91.53634267941631,0
32.728007665321535,24917.509302425795,17,Midwest,Affluent,81.17246658208234,3,0,23.125211432682462,60.497910246722135,2,0.5668015948335174,846.7458307757736,1
32.00919807665012,44603.89676515392,26,Midwest,Mass,43.9796148272539,1,0,27.406982773008533,56.74179059058733,0,0.5169549043916934,130.20994384094556,1
55.42401421195101,81885.51148764815,42,Midwest,Mass,41.32058837641924,1,0,27.067706122546205,53.66401915133992,14,0.37701451425907845,73.25488522139634,1
37.32172602014014,53879.1577461746,34,Northeast,Mass,55.157178994858924,2,0,18.013402149978877,48.73987086750988,0,0.5462608822770846,228.80501627077177,0
42.10857327070645,14000.0,37,Midwest,Mass,95.24228553220053,2,0,16.057215624540756,38.38351643961159,0,0.8955127313757115,2459.413775276835,1
44.4370967937155,14000.0,39,Midwest,Mass,58.73199798364176,4,0,12.590168670835105,54.4621744479857,0,0.4710692629873948,108.34599637117344,1
33.848274199081075,73296.42999840857,13,Northeast,Affluent,45.935852967651485,4,0,14.424932479945396,67.32938762987679,0,0.27062107117530715,52.085003592526796,0
42.72802980055558,19600.94153607167,29,Midwest,Mass,55.52104355725018,1,0,5.21552020793827,56.90278266912106,3,0.19454705808113557,59.498535743206524,0
24.26864907438283,37349.77801829529,15,South,Mass,39.78658231238768,0,0,9.483081206378872,59.007762235918,0,0.1571286877516566,52.08099797334551,0
26.873088508343727,14000.0,2,Midwest,Mass,54.16490105181309,2,0,10.663979454274664,51.34355566034399,5,0.4477866828358984,313.6269541750981,1
46.36622219898412,30535.50954204495,36,South,Mass,45.277428230646244,1,0,14.9894141649696,70.94554898566638,0,0.3295426001363823,27.03820284328217,0
34.19048438026862,22899.136369335505,4,Northeast,Mass,40.783907154061225,2,0,7.483654407731794,76.59653728053485,0,0.20823075833758528,60.375454532655894,0
49.317883311778935,,20,Northeast,Mass,32.30458766488483,4,0,5.975058258558063,84.03006125090445,0,0.1006396971816086,34.1021594583921,0
49.87681932742797,14000.0,57,South,Mass,60.058494508506946,0,0,5.447603745872158,42.37647187512249,3,0.5979742591565309,282.25599751079733,1
45.48709280309411,30856.017362103397,43,South,Private,51.165438009193174,0,0,5.459056660891014,77.02663556888395,0,0.1855531136241207,67.35746230865568,0
18.0,19006.77797809268,8,South,Mass,63.383575213864106,0,0,10.315195707808218,50.44347891014902,0,0.5010722094022748,219.096452158723,0
22.499479704302633,27997.486331788306,1,South,Mass,44.01953321946792,3,0,18.55579731009021,64.91654974833217,0,0.17650608755822103,35.76107453701846,0
64.09397562745487,37281.038651237955,33,Northeast,Mass,43.18354804030216,2,0,18.900405127882646,92.72118109386913,3,0.2271486845509613,51.648538128219634,0
47.104654615568975,119095.41202058866,64,West,Affluent,51.021347199725874,1,0,43.024392536455125,69.75288149443217,0,0.39502061489085605,134.55038628395013,0
72.29011061022038,44730.75853456472,49,Midwest,Private,74.99605093232283,5,0,31.00665729409205,74.0310472563172,2,0.830887399358654,549.2563953203705,1
36.990401882642225,29864.894074811866,17,Midwest,Mass,45.260675943322234,1,0,17.10189809010517,56.177798833884886,0,0.17890596170179704,44.36890594092791,1
58.732055118634825,,47,South,Affluent,50.62976340314512,1,1,22.498323976452664,78.42398606964348,3,0.5416922621362124,184.49844408604775,0
32.909245566751565,29364.64476456481,12,West,Mass,56.197600507169795,1,1,15.142136437310972,57.03094830630393,0,0.42866990456047666,42.944356038549,0
33.33657676259028,52825.431186671536,21,South,Private,62.59642798631457,3,0,43.37078645163154,71.4701366975381,1,0.38709570973469654,67.34512725195495,0
41.04296190499971,44727.368198690834,13,West,Affluent,28.82135367608924,4,0,12.028537918140591,84.05576610278074,0,0.08958495743885987,46.53064486543522,0
51.276149713272254,39512.48705598025,11,Midwest,Mass,74.53711981862645,1,0,24.93757930866093,62.10857402523941,0,0.5186542140588041,175.01010266816033,0
36.791481050725686,29886.396434814433,25,Northeast,Mass,72.40670955777298,1,0,10.333128660956024,50.36165468239128,0,0.6442462683071473,249.86091350111715,0
57.02628842553891,30451.691060823006,39,Midwest,Private,42.972493621912434,6,0,19.78166925294111,68.16974178914872,0,0.4870614777254334,233.46263630420302,0
37.77037575942358,123283.93280671054,18,Northeast,Mass,20.443452547602213,1,0,61.002160232939815,54.754248244711,4,0.09749383102086617,39.73482504472141,0
62.48270655395461,31052.68856676229,30,West,Mass,63.81120694497661,3,1,11.148748806200608,58.91472737584238,0,0.3536609265526228,82.48542108606011,1
34.55885046204591,166721.70381067548,41,South,Affluent,30.949479514408754,4,0,33.37536565382762,76.35149022525376,0,0.33421388644762423,162.3742727408138,0
45.04034487645998,37140.63676536671,18,South,Affluent,56.47963967363806,0,0,29.249665191449882,77.50995945847774,3,0.46539316068962966,91.47887119233317,0
47.58706723870616,60561.99017385412,27,South,Affluent,49.72515504013728,2,0,25.52082983648896,67.591610741961,1,0.3171061016345816,110.52256293003141,0
57.35229397199197,64089.3744717215,24,Northeast,Mass,65.78723155196838,0,1,16.483627362826777,,1,0.5458375210970082,109.10775496484518,0
23.234577035254834,44379.486546851156,17,Northeast,Mass,47.03193829190627,2,0,17.052098337678608,,2,0.2348980625551103,89.00163304181244,0
38.57924575756145,14000.0,27,West,Mass,54.5883243274521,1,0,13.416386622917821,,0,0.38534275913539495,55.62794993662801,0
42.95953910803543,27059.739893425038,24,Midwest,Mass,54.02305922715932,2,1,11.422652339274725,47.76563275112243,4,0.42550795513142176,87.32053175700409,0
32.63133012546939,19845.95149060724,1,Northeast,Mass,62.38626167839078,0,1,14.228398224200046,34.770942680431745,0,0.5887784924402828,264.52878038718654,0
37.41563135575221,87814.50446612002,32,Northeast,Mass,35.01454291340501,1,0,72.4680102751812,66.19206615347021,0,0.1663183944712613,80.64062162154396,0
45.275422523131574,,10,Midwest,Affluent,57.21508013383458,3,0,16.570223216920233,74.03206437463459,2,0.604374381210569,158.48525811631742,0
19.898563436174182,20284.37713508323,23,Northeast,Affluent,47.526055557693475,2,0,10.281404111213178,63.76488851045009,0,0.2859702390914093,93.93090433609144,0
50.29274626999238,39342.264517301526,58,South,Affluent,58.89553835848153,3,0,11.061550373658743,71.04562552900894,2,0.3907579857079299,54.02636448344435,0
25.357935699625365,20446.090467015194,10,Northeast,Mass,72.55801378758566,0,1,19.176887523011633,41.82405656116925,1,0.9007746291941716,338.89003874918103,1
78.87334137670095,50774.05387495512,97,Northeast,Mass,63.981670963038496,0,0,7.510648354680584,71.79913125783222,1,0.5067410102104769,62.39565951556978,1
55.66482092422743,29567.17692280494,46,South,Mass,61.64057074101866,0,1,26.192649251469348,57.9711335524424,0,0.2494736155078802,91.80856862952193,0
36.75052001413991,56835.804568029234,28,Northeast,Private,51.699060703773085,6,0,39.9689447387999,56.09104119969018,0,0.3029132938149086,316.0520226230637,0
41.287794213634285,21270.592400740166,30,South,Mass,63.141053043605176,3,0,18.095598724774845,,4,0.30183801060498283,70.19292028303677,0
42.49642800435232,,24,Midwest,Affluent,53.24188659351176,2,0,20.974425128769553,78.42740775575254,5,0.32505937764726617,171.85598398193693,0
37.74871963161191,106943.47333907784,34,Northeast,Mass,47.07663915984068,3,0,50.98188975714974,73.5986944707804,1,0.2163011473738118,145.2791097696196,0
40.85005563577862,48665.715057577196,39,South,Private,48.27262349236834,1,0,20.108104029598724,57.027408359020725,0,0.40810207384581365,111.41550038013665,0
41.50989169082457,109147.33895814321,34,Midwest,Mass,44.518855561438464,3,0,16.40090095056711,93.77177551655093,0,0.18774503043544616,58.52392449077571,0
24.572902124528554,,29,Northeast,Affluent,43.22152118686407,1,0,26.324486559909165,66.34977649277224,1,0.3491586312918593,111.06171660325738,0
45.125104732107495,30875.071511152182,42,Northeast,Mass,49.308381834607424,2,0,12.026603811920758,,0,0.2638016804242567,65.38741553880766,0
35.826348432084856,15590.624134768303,13,Northeast,Mass,61.26004397929583,1,0,9.397060414431923,36.97888207411481,1,0.4232178202264982,146.19233103712529,1
55.33102974355641,20726.5493980534,28,South,Mass,66.74299522246525,3,0,12.574597840578095,65.28219974946062,0,0.4395839615345288,120.9051670956462,1
47.10763664940993,20803.601245944505,19,South,Affluent,51.823694701599976,3,0,3.96824389269356,72.99527852585963,4,0.4597533878943299,98.15874662707239,0
21.214232272165816,91198.06465574876,16,Northeast,Affluent,42.228350564518486,3,0,61.19335671942504,,0,0.14859823229663835,134.27229432880756,0
64.0502597851882,53729.52315667045,37,South,Affluent,77.19127524282887,5,0,17.73103096965934,70.71516919452334,0,0.3993945205662388,266.52542482103917,1
30.717263242410667,81161.71063687177,23,Midwest,Private,37.185929733461215,5,0,54.62125985867877,70.44445567707241,0,0.3139590002582216,55.369428274740166,0
39.05476114501084,22556.774506153608,50,Midwest,Mass,53.13221779677324,3,0,8.974456286236453,,0,0.32877462973328897,53.88342575323141,0
55.80493337621377,25513.564967013503,17,Northeast,Mass,34.80394646307199,1,0,42.722160215723626,78.45404173413814,1,0.27988895063012414,82.7226202844758,0
31.4532042129634,36881.34959271094,28,Midwest,Mass,45.082474205282814,2,1,13.291463933492668,68.62855812114623,1,0.27732589371625593,103.29534334238826,0
37.8344555534543,,24,West,Mass,75.59052273956605,0,0,14.127789754187093,27.036471174354723,0,0.47190069232441967,308.01070711081104,0
33.92348914445147,,13,Northeast,Mass,45.25375649248934,1,0,4.377820634189047,66.26325325991132,0,0.3604084572463029,94.81551928792344,0
41.06290906409418,31225.15382808587,9,Northeast,Mass,53.20517125989597,1,0,7.920566595629189,50.836397833160696,1,0.4439675707282218,136.83679010092175,0
29.51589124292756,39759.45988972243,21,Midwest,Affluent,46.69052479896107,3,0,24.320947417841,,0,0.25054040296842295,174.8987957403439,0
43.225517765052054,31826.050265839054,39,Northeast,Mass,58.741386059557406,1,0,6.241650215909408,,2,0.6821127147682511,61.650253697425065,0
23.84568848312974,16525.13110641327,16,Midwest,Mass,61.72308489019842,0,0,18.33365448840187,51.73138552611852,0,0.5155972487771524,91.06130202695061,0
38.18808581117416,14000.0,8,South,Mass,52.15316162338189,2,0,3.995803059985404,54.27341865210722,0,0.540018982697274,214.33534434848397,0
45.08865882016921,14000.0,13,Northeast,Mass,69.28750781852003,0,1,18.436336149893577,39.493880001859715,1,0.6318346898554138,181.6653435044925,0
59.90300481832517,22235.868138467395,53,Midwest,Mass,74.46572935682205,2,0,18.595643810262523,57.12192145082946,1,0.6841910735889499,261.07767533248733,0
37.37615637130895,31054.24110018529,15,Midwest,Mass,53.36886756138161,1,0,12.764539978886052,66.42894832489732,1,0.5497932255510612,97.45255806937982,0
44.82640844110105,67573.48917965518,16,Midwest,Affluent,44.957248839836296,1,0,17.029705655064813,55.11934145485684,0,0.3151935764969055,86.14274211160637,0
31.400982464596694,80992.4878455144,37,South,Mass,35.19825012238844,3,0,20.653422879955876,68.92400141615067,0,0.10925654912852696,32.85092839765301,0
32.51329288258083,14000.0,29,Midwest,Mass,74.64679997927311,0,0,3.982967144884697,40.606789375232864,0,0.5665956983732341,375.9487640346652,1
54.28377447942776,41394.75251718405,24,West,Mass,58.43388412471923,3,0,63.30008362726384,62.69652974242919,0,0.3259146536352418,222.46448098773237,0
37.164264127390226,21921.352040762093,24,South,Mass,57.424366899153185,0,1,6.552052994554213,32.94775433381328,0,0.44665031923618626,51.90260295192977,0
55.14253463608813,34221.74794959958,36,Northeast,Mass,67.38781831058101,0,0,12.50500690567148,,0,0.4089755229548537,97.27709092793751,0
45.4132175580208,16701.497013164255,67,South,Private,81.96302459198036,3,0,13.784681029474452,70.0067943466718,1,0.8570287645109205,1861.9025915372051,1
42.733411448042624,15590.854101136194,41,Midwest,Mass,44.732246558128665,1,0,4.962682729689035,63.409666395762756,0,0.16627500466069264,35.378988449449785,0
49.52191651099659,113979.50502984149,20,Northeast,Affluent,34.549692620387994,1,0,27.989701232663144,77.30420974625484,0,0.08831258551719612,65.0576668413753,0
33.85820910687501,40243.5415396043,16,Northeast,Mass,47.44491264107397,3,0,15.813144041983852,66.57563527168256,0,0.5418702055709188,208.986867141544,0
31.163854124678455,27976.05052933252,33,Northeast,Mass,40.287893734128225,0,1,10.604117827573459,56.81711649751735,0,0.21159145772767315,88.15255207361061,0
25.025096002089047,14841.7121521202,11,Midwest,Mass,50.22399094120363,1,0,25.62223607112712,60.16068272384818,0,0.6321254411028664,35.865389583101894,0
32.30759134379286,22998.01710976163,7,Midwest,Mass,61.65073863165227,1,0,12.929290003749568,60.684257267755534,0,0.44766615350460726,237.15063190438022,0
18.0,14000.0,10,South,Mass,58.64051984288499,0,0,10.102864733525006,54.919952516073344,1,0.3382054177283615,159.23147986639933,0
38.03085583821456,48672.21157955844,25,Northeast,Affluent,46.906979057296326,2,0,22.037456449551705,79.80076677263531,0,0.13339589539147328,96.06904950227366,0
23.94098256946481,20154.181371555744,5,Northeast,Mass,51.11918599921205,2,0,6.007190437097604,62.09356134229534,0,0.44433534066109504,65.55146986567874,0
39.47832059104637,32938.10991821671,54,Northeast,Affluent,61.28648768921038,1,0,19.606682220470905,44.76281939139168,1,0.547281181965142,108.49818839736251,0
51.58299457404753,19906.813587364042,32,Northeast,Mass,68.99774052085556,0,1,11.451563720569439,42.08157071810639,4,0.7145079328369485,600.9581871899325,1
71.7211506978142,78543.11679219316,58,West,Mass,43.150595667709624,2,0,14.959350136403485,77.005505351788,4,0.18467236874719087,49.67423619599056,0
27.663592191574416,14000.0,16,South,Mass,77.09248794018727,0,0,12.061133105193557,60.55515039670921,5,0.7716630297397568,479.8696319739968,1
35.808150242189456,30782.368476687174,20,Northeast,Private,51.83704355267928,2,0,11.174723342260876,59.63589016460783,1,0.1538450293822655,115.88196349679214,0
37.55514915232428,29863.791934678397,22,Midwest,Private,51.44653353468107,5,0,24.74649037472747,84.23153616710684,0,0.18562730279323528,61.634089907506834,0
23.458777907402588,33271.49711364466,44,Midwest,Affluent,50.57095570922299,3,0,10.397815651456224,72.65716772738031,1,0.41985404633053985,139.37411198306546,0
33.4364431718721,,19,Northeast,Mass,60.496775273497114,0,0,7.5783599163814515,49.439374418114944,3,0.38252811299427864,94.49337702015288,0
40.570213983368696,,4,Northeast,Mass,38.14519542077858,1,1,20.456904226316748,46.12744882472677,0,0.3344274052247624,61.95421916878258,0
30.146241334018836,41006.11819051974,6,South,Mass,56.74667726076255,4,1,20.47838462403501,60.88190048120543,0,0.4787545217390094,78.1138176130776,1
40.29140489078506,109343.45019629011,9,Midwest,Affluent,18.914991951068075,1,0,18.51214265551172,74.86095090874062,0,0.0,38.248790599603545,0
41.946878637625026,52806.06838190706,27,South,Affluent,37.44764989026962,2,0,19.074972010994312,74.9255042166689,0,0.06690624419769431,93.87364837252261,0
33.722188788623775,31826.072584429363,15,Northeast,Affluent,45.73386437572334,3,0,57.244822945995125,82.1196606053494,0,0.3230822229089599,73.98542452848224,0
66.48995834125327,31837.740221922348,77,Northeast,Mass,44.5307281923228,1,0,9.53843124648446,61.79696142439398,0,0.15453619878381364,57.141471520799136,0
25.92255918308365,21070.203428777677,34,Northeast,Mass,76.9915436327085,4,0,8.337255539825048,49.764921059897034,1,0.4080025334407628,322.2789052955379,1
25.40594195924752,40310.52407836066,27,Midwest,Affluent,76.8679271783354,1,0,18.154203702464944,54.48037849228696,0,0.6086861179500174,349.55891243011723,0
31.870945538367714,48511.565746458684,4,Northeast,Mass,41.28392921339309,0,0,13.98272556484223,77.47759465467468,2,0.27104765732475966,66.24757400205102,0
74.35650197998605,123252.50950499214,60,Midwest,Mass,52.5753618074948,3,0,41.48701479053413,64.54720467756778,0,0.14100467064582306,40.605355749060934,0
54.253740765768434,68992.07595484491,58,Northeast,Private,43.354847255438095,2,0,47.614360460277844,101.01114226199145,0,0.47195485072962395,257.83603379286046,0
62.99154128811638,53279.45055079945,68,West,Private,64.84220430671044,2,1,26.57943526174243,47.36904570063405,0,0.3618634761181911,133.07495514120976,1
59.61535688969166,,76,South,Mass,37.719322881194735,2,0,29.963904441912966,73.90088677757004,0,0.2712832183134194,35.54163510066581,0
32.47595248907385,38729.68507142333,20,South,Mass,55.78241821594057,1,0,9.13937993848833,65.68978408491155,0,0.2943211314453316,126.19218043858069,0
56.50527448737953,,42,Midwest,Affluent,58.91290729952678,1,0,9.004307859169504,51.323598113154404,1,0.6910747410689119,159.71224343843085,1
32.9583977296516,,22,Midwest,Mass,55.4861886650717,3,0,19.559199812175184,77.28075010491308,0,0.23256866755416525,95.41814961632383,0
46.28670043402675,19617.60379314499,23,Northeast,Mass,57.16641525797945,2,0,8.485830528637635,64.13688486340163,1,0.24150819623731862,92.97468002871716,1
50.40469841312108,18777.87758302398,39,West,Affluent,72.69915659364818,0,0,9.229543439872005,51.56467153156553,2,0.6773514097476853,235.4600440572092,0
25.42810917933404,81230.15619698256,16,Midwest,Mass,48.941519458948775,1,0,33.32176290293271,52.0994460894707,0,0.4042077399017795,103.545276837964,0
46.71979909545934,55950.56322043265,12,Midwest,Mass,28.55502037019118,1,0,23.887737773130013,,1,0.1534281100706697,33.00969061341816,0
29.98717207079104,104866.42868044449,15,Northeast,Mass,32.18579193294538,8,0,32.09333938612236,,0,0.13043254067810567,81.16895620377976,1
42.880153517746756,27524.197643113188,23,Midwest,Mass,50.60773067956168,3,0,36.646994013818166,76.98411155369693,0,0.4268336747319263,158.5311217783486,0
50.93469838815626,,27,South,Mass,51.3733316217817,0,0,7.988455076410532,56.219232782530476,3,0.3428397238992534,50.485121319221186,0
18.0,14000.0,4,Midwest,Mass,85.37044785012634,0,0,8.954712548526452,43.59304504254882,0,0.7212065259440895,1106.6497117664014,0
33.4498202331647,17133.11222900354,33,Midwest,Mass,80.53584518932607,1,0,29.044677111578963,47.05072718929748,3,0.6567869246059692,1237.6121722923654,0
62.529986904106,81968.13664549297,63,West,Mass,40.37160451864115,2,0,15.979120359696246,78.82708171289497,1,0.10267612818858364,45.841469030773595,0
38.404593966856325,,41,Midwest,Affluent,39.92931714923088,4,0,22.501461185155403,76.99409475131749,0,0.17540546406380178,53.426217811702344,0
48.28994062707735,14000.0,31,Northeast,Mass,60.776317145221576,1,0,11.646879228982524,77.16000123333254,3,0.2145670173604446,99.60335853591049,1
48.0140574254765,44260.91260973708,13,South,Mass,46.25219650307565,2,0,21.28198410725045,68.47216102889665,2,0.40690311935023044,126.07591028219547,0
18.0,19203.19728336541,7,Midwest,Mass,57.31052864152944,0,0,14.093906264067694,60.968121619277085,0,0.4059153030274,115.68693273670823,0
40.74744522189673,28855.45917462142,14,South,Mass,48.827557032377804,3,0,6.013232604071746,60.01635917018501,0,0.4607869617016512,89.53116924635907,0
18.0,19558.86963750882,4,Northeast,Affluent,63.61455097931215,3,0,13.198738189621027,,4,0.4196943287401413,128.43105954035073,1
49.786454850549674,54858.87546854476,19,South,Affluent,56.264912432597164,6,0,10.105169034639086,64.309086225523,2,0.5067283405475721,207.62390976666163,0
46.026998906347494,33038.874908233316,10,Northeast,Mass,56.90198344015473,4,0,19.78643861029013,56.62027046239478,2,0.7141955897722015,165.2470653210149,0
44.12440009877594,14000.0,21,Northeast,Mass,82.53867269229885,0,0,6.313053986794638,46.25756988192412,4,0.6873121267078868,928.4064348102785,0
36.3247491237209,14000.0,29,Midwest,Mass,50.301803101144294,1,1,3.3915543910765855,66.73395845291172,0,0.40357308227209215,51.72606403898925,0
44.07930744083238,20652.53827495159,29,Midwest,Mass,42.17106798247192,3,0,12.381694845832714,60.26478105601156,0,0.08972365874902853,52.76351464665259,0
41.27254874214448,35304.94392397039,36,South,Affluent,63.87661835975797,4,0,8.833052984379481,48.608345882893644,0,0.32959707470797855,346.00027177957014,0
47.07280514380015,85113.1123330445,53,South,Affluent,48.17696745239524,2,0,18.887866420952864,70.97320081679241,0,0.46460698822605906,171.59640441459962,0
50.022359346465194,24417.71917132477,52,Northeast,Affluent,63.141558340964465,0,0,6.404402884582826,63.6186259071609,4,0.4237140239809692,141.07260809006732,1
41.458023336616804,33924.18309512729,15,South,Affluent,56.67318176418978,3,0,54.506558972328705,57.28505037490842,0,0.2282755372978541,201.57901238752052,0
70.56208648007025,14000.0,37,Northeast,Mass,97.63758528538546,0,1,7.514786750233717,37.30313276946839,1,0.8323066874793991,1338.1495170350245,1
41.17210691508919,85410.81276722273,9,Northeast,Affluent,41.592382114159804,0,0,27.099851327466695,67.86174776066734,2,0.405404739931533,97.26573869380802,0
21.795961830270723,81737.56590706967,31,Midwest,Affluent,36.99016922504091,1,0,41.6595326297696,86.39172211017156,2,0.13046418763793113,74.70324429499811,0
49.87594172177716,16643.773173283276,32,Midwest,Mass,63.173127754551935,4,0,7.463635240522222,60.58099249980424,0,0.40247363499114264,100.68787338752577,0
44.874485617883046,32278.281838793228,28,Northeast,Affluent,64.44630520216953,1,0,18.36382520948729,68.55602469891774,0,0.5458971528296053,142.45011791856712,1
48.96226233426867,30457.70499913475,18,Northeast,Mass,47.25268298588601,1,1,21.374654921835106,48.95460352546871,0,0.5030880855615519,140.6789038816508,0
48.5614055634869,24874.509310215843,50,Northeast,Mass,66.21465031373987,1,0,7.7091348888195865,73.89391614835033,0,0.6216062430769889,171.0203752390916,1
32.36384744284978,16855.28150587266,22,South,Mass,55.509673213424634,1,0,12.60523109181608,59.358273051812766,1,0.3818472008120324,103.59392563636347,0
48.34728214007646,15977.01167485597,33,Midwest,Mass,50.497809990650296,0,0,12.252402551085673,43.77280645249046,0,0.5173529146158292,62.34547293340607,0
22.62864195689765,49443.373588144525,0,Midwest,Affluent,51.65156882470649,1,0,33.320648411611685,63.17831993381909,1,0.11070627354794527,55.16619133184,0
67.0766866179717,78048.20754873258,51,West,Mass,58.6238949360282,1,0,79.2725420018648,63.580303205105906,1,0.41812112813642305,65.9895992353253,0
35.81646636961611,19638.895596032784,26,West,Affluent,49.59445253758048,0,0,11.202093170065869,57.97835826869329,3,0.34684231304698854,95.55785623673701,0
39.13284930088315,29781.467548637705,7,West,Mass,57.87038146675936,7,0,14.74617861177092,68.29704364584173,1,0.14817869427921077,48.656907160765904,0
51.522611987815985,26969.21744161413,32,Midwest,Mass,68.86067918772149,0,1,16.058468347167548,45.18849809515143,2,0.5263597052769452,162.21504156006893,0
39.45360272592588,14000.0,33,Northeast,Mass,65.47861094596274,2,0,8.767381546095773,61.51849638276665,2,0.44957373636427117,128.93714037098567,1
32.3994883379151,41487.3982826485,42,Midwest,Affluent,60.185934255967744,5,0,31.34776005201606,64.0471666078324,1,0.2600986202453988,165.3382318132928,0
41.94492382251918,32365.305281843193,37,West,Affluent,48.771451635140934,3,0,20.363143571439934,60.737154731107005,0,0.30625851602046145,73.23472569089647,0
32.24168937477339,14000.0,10,South,Mass,56.75206079554221,0,0,8.383062503521506,35.438293925047766,0,0.46745271859875065,104.64227585627647,0
48.09558232352294,36577.2660554429,39,South,Affluent,30.52354601747016,2,0,43.20918935646989,86.04832371103045,0,0.14752227808020393,36.81096235652935,0
30.04257424476372,16068.304344593547,30,Northeast,Private,56.17872432840342,0,0,8.242628573214358,78.25517068954218,1,0.3531509815182245,132.25487323092366,0
65.5083813970831,120137.43034993211,97,Northeast,Private,42.08606117960564,3,0,36.63389302600507,69.52861128202977,1,0.17362279693871152,71.59414625883473,1
23.950245002070083,75661.04740170797,12,Northeast,Affluent,19.272077667038484,3,0,10.261852746507424,65.10012606541497,0,0.15723618775836373,79.07225733147843,1
43.257984611087196,37206.037709710356,35,South,Mass,55.18643132844919,2,1,22.115251268989496,72.25747692779566,0,0.337401563468087,94.58788176092033,0
23.95737979019482,28852.52753800495,36,Midwest,Mass,49.99607434813338,2,0,11.982249249325745,57.196020507579966,1,0.5327629841965777,56.84876437193503,0
25.908631340365186,46075.60598153906,28,Midwest,Affluent,34.02696139521064,7,0,55.43646281161754,,0,0.1035294278964273,98.7508081907092,0
49.6295078092103,22950.538947388002,30,South,Mass,60.26720411414867,1,0,12.895347997922912,62.69361493110652,1,0.6993412941064965,196.76709968528394,1
44.17412692698014,19377.464773630196,49,Midwest,Mass,63.91596998528037,3,0,16.178892335326022,63.6737011653047,0,0.6164948922648321,127.71319853438156,0
28.716779699257284,41587.67274005018,24,Northeast,Mass,52.58550540280789,3,0,33.591558971528045,55.870001866819145,0,0.32285129176300653,70.06085728444253,0
53.77222986191891,54391.82006473826,23,Northeast,Affluent,54.687154978813844,2,0,19.1765949343217,83.21335459504952,0,0.497839457761939,106.00977272323414,1
35.50043277736448,31765.128659500693,8,Midwest,Mass,51.482778554425146,3,0,26.249942907449853,34.20278683989244,0,0.2670803697130286,72.95933766081872,0
30.601517926057408,,32,Northeast,Mass,47.28555959160815,4,0,27.108849791457455,57.56283224949347,0,0.10278924050635645,81.85446034423292,1
45.90916553355064,51310.89970718749,28,South,Mass,47.954253689201096,4,0,15.814009435263781,61.26747159488137,0,0.14603135965653052,54.928126552167285,0
49.28537957984559,96048.41813541645,24,South,Mass,58.38970217596159,4,0,17.918193966622024,68.01704786405544,0,0.2974594323321112,63.567678284353725,1
37.87764419974436,20785.791208059436,31,Northeast,Mass,55.40266355560696,3,0,5.326740865682873,69.51159862908966,1,0.302737480813139,86.52334292732272,0
38.9884259913717,21864.98575604276,11,Northeast,Affluent,45.18325744819806,0,0,5.305493993588514,50.08029576499176,0,0.32755754586929,124.16546179229661,0
41.258001988561254,33941.92788592787,14,Midwest,Mass,58.693046484072916,0,0,5.975977694524968,56.88417464817031,0,0.5977661373614779,60.903994366519655,0
43.96394216799317,70604.89763605951,70,Midwest,Affluent,40.03829647315534,4,0,24.992428764516397,79.97233175741309,2,0.09056540300698776,62.38459617753037,0
52.240527708472655,14000.0,57,Midwest,Mass,75.83564660841874,0,0,2.891067925008607,52.40222497544329,1,0.824317757736908,392.7486913339501,0
18.0,38034.6145997311,5,South,Mass,58.27894949941035,1,0,14.740913746770117,52.51821303666977,2,0.421762015947135,117.36864465218741,0
18.0,14746.910920253446,11,South,Mass,47.23103992673104,1,0,10.262512443206232,56.327624442749894,0,0.13388557544767052,55.6352508866634,0
35.546147247840345,65562.3688051466,32,Midwest,Mass,38.55741236991329,1,0,17.722560313394933,80.58833612957675,2,0.3093757935032028,39.088532618809,0
30.67624689529377,73205.12250805905,15,Midwest,Mass,39.83565394549233,4,0,30.44430338913887,69.12715096167342,0,0.1221101509281018,85.61118217848197,0
43.02734932438924,,58,West,Mass,73.66735194831114,0,1,20.110601037607967,51.041834241396366,0,0.45899958193434004,353.2571439870791,0
46.30088058312034,28081.97040684267,33,South,Mass,66.18360356433843,4,0,5.786245758005722,56.30783101167865,0,0.8608039769289332,182.38881088390744,1
50.25849789206872,48496.88186814935,24,South,Private,30.70338040389315,1,0,6.971268586862978,74.29385523161095,0,0.08450970930360799,62.38536711838103,0
38.67897535239566,31941.475278243335,17,South,Mass,74.75851766765092,0,0,13.903828191034679,57.77158319849608,3,0.42982902375125903,340.8589798084127,0
23.323564063465202,31913.302999035903,16,South,Mass,50.004744241825314,0,0,34.080463876094576,82.82431109904019,2,0.33710807206311166,58.65302207475654,0
40.76368658394248,22255.617089150364,35,Midwest,Mass,60.64628054830098,3,0,8.947761834997143,71.33313019071394,1,0.4569893638345831,156.4769880222426,0
38.453005949219715,63655.67590911366,24,South,Mass,55.203833735339344,0,0,51.04883289036754,49.57769410092351,0,0.5375095081865968,89.85233209712196,1
52.052125477622276,43362.39601934979,41,Northeast,Mass,62.13568179749234,1,0,63.42378184319221,54.297627162013164,0,0.3442109445344655,50.491718058271815,0
20.40343897224077,19702.913434869326,10,Midwest,Mass,59.167793404189275,1,0,6.924973800843041,56.04911068923491,0,0.6527311603869063,83.09474934703417,0
47.48244832750612,28318.871008572063,35,South,Mass,56.08049365761789,0,0,6.634933096742982,,0,0.2897622669103567,62.45054606901336,0
44.263008803024604,24393.574254350726,29,South,Mass,51.42971455510042,1,0,10.323716713804025,66.4513300334751,0,0.5715201644348235,79.9837145720615,1
29.14215812543026,28003.181926621222,37,Midwest,Mass,50.668155759018184,5,0,8.983782002947974,69.33430133604551,1,0.5589718798279287,84.30594065155414,1
48.717593916045345,54302.136833248675,27,Northeast,Mass,58.390937926006224,4,0,44.7841981739415,63.72875297058912,0,0.3034614706371614,57.013693000104084,0
65.13341308758619,28009.12514814845,20,Northeast,Mass,66.53297724021311,0,0,13.916082664202724,54.05876342054182,2,0.4587740504616474,136.9133148127008,0
45.964606286990154,,33,Northeast,Mass,58.31310759693664,2,0,17.951638908781057,55.468386296936025,0,0.7070039812998,98.37213978283698,0
30.876481621174072,,28,Midwest,Affluent,45.86573676703604,1,0,15.646759303375148,,0,0.48097962388789606,110.38922033040018,0
34.27717754147042,32620.639154374032,2,South,Mass,50.71030413357052,1,0,16.360113618939028,59.458236670274005,0,0.2792236322501182,118.96982779895399,0
24.84942567481123,25442.56748967809,26,South,Affluent,60.89773448165583,1,0,11.980505436259188,60.479540743565686,0,0.8284132876010905,99.58067415053777,1
31.716698138727505,52502.139467304354,29,West,Mass,49.13406026010756,1,0,29.571862472507494,59.67227930250741,0,0.24256569732496575,44.47396204911142,0
42.15475282580818,30023.174270251493,31,South,Mass,48.27405968208414,0,0,9.002531005620735,81.82696407526345,0,0.3627599307797919,79.26495876213401,0
43.373605920203325,28803.379218254464,23,South,Mass,39.67323605225803,0,0,5.640594425847484,55.780491819913465,0,0.18790822228309367,29.501182167538456,0
50.33315870434551,21464.76406192382,34,South,Mass,63.4845064504389,2,0,8.223316420251134,76.44512152870811,0,0.36335144594656266,104.78355823073476,0
24.630266355639726,119392.64748009849,10,Northeast,Private,44.6851195029031,6,0,51.836931064896866,71.50567865262082,0,0.3048635345104857,98.10465105518276,0
65.17841218777863,98858.66104409036,75,Midwest,Affluent,40.54521077602576,1,0,23.47560610012134,92.4690966515602,0,0.19084327057829437,45.95692808343942,0
27.563182483717124,56525.50889786014,25,South,Affluent,53.84268675302365,2,0,14.244885352901823,79.47517095307047,0,0.33041993938085445,145.73810818598685,1
52.352710477899144,49781.27137116431,44,South,Affluent,35.31004627955722,1,0,10.193319451033714,69.79457087051792,0,0.11121881971486632,81.78093221242995,0
42.558559953830105,37905.622909930426,44,South,Mass,50.14978815657661,1,0,17.925405611672144,60.5946143003062,0,0.28880703211162584,52.12068464387218,0
47.462422728994646,19286.181915113837,16,South,Mass,69.22765589116543,0,1,12.735017468817693,79.99116950858236,1,0.46075122083361497,138.0527607595603,1
44.57126764213077,14000.0,7,Midwest,Mass,55.762615429232966,1,0,6.317382453666386,47.320522009505936,0,0.28571683508264056,77.41895553430234,0
26.114978178798165,,2,South,Mass,69.66799708985074,1,0,21.497819302345558,55.721952139354826,0,0.7719121075616425,587.5023116334511,0
36.244722899472876,,24,Northeast,Affluent,44.059274019016165,2,0,17.66611765266534,80.25170438608697,4,0.32646271126464027,215.01130879175668,0
42.90932669806151,25043.41424469826,48,West,Mass,70.12420776630638,2,0,30.188355985440644,65.68446716670071,4,0.33341435309123946,105.80651843397669,1
49.47626753743202,56053.7157585391,35,Northeast,Mass,57.45906456984628,2,0,25.959731740989042,78.68902614693958,0,0.38860850320588197,185.50050329800268,0
77.46336784880931,14000.0,41,Northeast,Mass,72.62750728185081,4,0,14.572371353177019,51.11982655622862,0,0.8346724963200033,229.0809687049588,0
26.168563488645322,37191.22355287369,7,Northeast,Affluent,40.095675089890136,1,0,8.343142598233541,69.03103341712897,1,0.3049517516200914,105.06179726841151,0
27.401725565247517,69008.98588572044,27,Northeast,Mass,52.402524200691566,1,0,19.77568251601408,58.22177357188279,2,0.29613024919545433,74.77140728013887,0
33.05678924093314,62320.990826197136,27,South,Mass,43.18463320078991,2,0,22.73906228195702,64.27243245416727,1,0.16599568326020123,33.727121842208085,0
25.670006295730058,44626.54464958368,21,Northeast,Mass,45.32159219844384,1,0,16.40629132499894,63.34325604068652,1,0.11971060397834095,34.37718311393172,0
57.434920602906374,14091.368579536937,36,Midwest,Mass,72.42415393832118,1,0,7.997692739192943,38.282938650508356,0,0.6311074251527627,407.3609618062732,1
66.03245568223284,58624.74654486676,37,South,Mass,66.40080681994887,1,1,21.5489769033826,51.445660717147355,4,0.4601460804996272,183.68339458839046,1
21.471456415568127,27558.303204002317,7,Northeast,Mass,58.642456118241334,2,0,20.65448260611514,63.52026758443798,0,0.30525617147726636,78.81847247649841,1
37.732476617462375,20870.991480236014,39,Midwest,Affluent,60.023245003693035,1,0,8.023674868038622,70.1010650859106,0,0.5398068221451235,183.58965213972306,0
38.40950864454553,74675.27470817494,5,Northeast,Mass,33.03690953922477,1,0,18.592511250355056,68.61123796378969,0,0.0972607300123062,45.62356559167972,0
40.86289834276852,53524.732923933225,10,Northeast,Mass,53.86755808158709,4,0,20.962322147378224,54.16902608213372,2,0.48308904415313997,190.4133147182394,0
59.40084009278684,30987.545306630105,67,Northeast,Private,78.52939359966516,3,0,19.728164799253015,48.49613863289788,8,0.5568963221387826,340.85358077351606,0
26.999192095234882,25764.1918919708,7,Midwest,Mass,34.41635140900441,4,0,6.30682172758769,63.53621370073555,1,0.19249041656183405,72.24059988057266,0
44.738370668474204,78593.8723777562,27,Midwest,Affluent,43.28339837376367,4,0,21.105992614373495,71.46132434670193,0,0.305912691736195,194.2410154336964,0
59.49671170022487,44462.55486744295,37,Midwest,Mass,64.80153163028908,1,0,27.800140299989273,53.975181500205636,0,0.5521258800471976,81.34317008683902,1
44.83331446950884,41281.847358388324,94,West,Affluent,48.3310677817932,2,0,15.13663968327315,73.34869950946863,10,0.2329278694943266,64.58805236948892,1
59.660537756759,14000.0,22,Midwest,Mass,81.428409955364,0,0,5.455826160972299,17.993925408000933,1,0.7542451488705427,682.1972143936836,1
56.20790358697605,23398.99562238983,59,South,Mass,36.27785074142168,1,0,9.627735271044472,74.69910359764954,0,0.14588449260021763,39.66981283164821,1
21.521768348270932,28842.096170582885,16,Northeast,Affluent,58.686330117586486,3,0,53.48018124145794,56.76602698040849,1,0.4971187094877568,230.13573576484774,0
51.85980330105643,31054.362501533637,29,West,Mass,66.42891079959288,1,0,9.244369869443327,66.1410487319957,3,0.5568736920854478,91.19018755868828,1
24.171673650215926,21940.182559957524,50,South,Mass,55.85319434637716,2,0,14.505934938066453,60.84195403358714,2,0.45175921494194654,115.46266449849122,0
51.91451523168614,42061.989358973326,23,Northeast,Mass,57.08923336455835,0,0,19.64699178920648,40.74527347531898,0,0.47432685880473796,80.39783338558475,0
31.18744664862084,24757.574343827804,16,South,Mass,72.74621142275682,0,1,6.515045425866197,42.49113970230352,0,0.4468573233401034,239.51677997386415,1
53.404004453971154,16637.07998179778,41,Northeast,Mass,94.23499926698996,1,0,7.984402305359037,42.42268602534693,1,0.579599423768173,981.0045334826525,1
31.493578140509793,44828.55761047578,36,Midwest,Mass,54.88503502168863,2,0,11.148426606902248,46.34565131423849,0,0.27382247554743494,87.1674883697422,1
43.44327376463127,36841.264664311246,16,West,Mass,45.570573656951105,3,0,16.097927454976666,65.96959117539522,0,0.46598884530060564,66.30556863039816,0
51.38364986529199,30485.683872599737,41,Northeast,Mass,71.79478260894409,0,1,27.919205705386112,32.10369899540912,1,0.6544446859634669,163.9531072684777,0
36.03427618418254,98437.73970406044,72,Midwest,Mass,43.80740998169641,4,0,104.13133496889232,79.6817691786012,1,0.3626693885459993,143.0834176328078,1
54.074353817240485,21550.474743249564,74,Northeast,Mass,74.96950886000054,1,0,14.577284156776868,54.35518367497884,0,0.709192019207883,278.03932206986417,1
40.382533370485724,14000.0,18,Midwest,Affluent,69.83677354314835,4,0,7.933954038450744,53.0563592485757,2,0.5542598795308191,94.75014609803739,1
34.16384014041489,27778.143512101862,20,South,Mass,49.811197238736106,1,0,7.520972304302594,51.318732437859914,0,0.3833835052940155,123.21264411636174,1
39.723656037520406,32742.434602248282,22,Northeast,Mass,58.36152768152407,5,0,24.424853596421634,,2,0.5064772975170356,104.81162750381178,0
39.92609100941401,14539.581598497667,17,South,Mass,72.82550148585378,3,1,7.465760641896622,,1,0.4641812243481263,231.23105779113834,0
40.21813745990962,44202.36074435254,27,Midwest,Mass,53.423257605776044,2,0,55.18030938881933,66.65142204315113,0,0.17591818336143666,65.56256829750497,0
49.66197583569471,54230.03480250131,48,South,Private,52.52584125404532,2,0,13.319770994121775,61.560219344250534,0,0.42438092404701555,207.63074024359383,0
42.17568069101692,27734.752333813318,33,Northeast,Mass,61.195677410557536,2,0,18.39720753371945,87.9536166844203,2,0.3800824501874528,170.95035696779104,1
18.0,46198.38647954792,5,South,Mass,49.74379979863647,1,0,18.007447844672026,55.986589097896925,0,0.176026962831686,100.78633275405772,0
25.200488196500864,22986.40260482876,5,Northeast,Mass,38.19747061221233,3,0,14.48200131114209,62.416596198967305,0,0.32870817698374866,89.69149609418876,0
43.79883210456279,,53,Northeast,Mass,52.61611294352434,2,0,26.450928833748854,58.59355009385563,3,0.3188114219647413,73.63628354939478,0
63.113599819465136,139541.72860261923,54,Northeast,Mass,54.53113919138761,5,0,62.52225309078021,73.9305019041281,0,0.1292491407472452,146.66170483432097,0
24.81952338172135,24953.468542493185,16,South,Mass,62.88339132491864,2,0,30.58993082123092,61.17576307887823,0,0.4681714031706057,129.62255543819245,1
25.55468807878535,48822.197788733356,32,Midwest,Mass,43.85803967432936,4,0,67.5387991204021,57.68861608064029,0,0.16711896701204898,34.91420135729287,0
58.2565244161046,47899.86530058196,42,Northeast,Mass,43.79730832129743,1,0,14.440785976140202,64.69003627265465,0,0.10963732478926853,37.83779285622892,0
30.517142231006893,70668.73636414866,17,South,Mass,41.36815242343717,2,0,17.050620898293726,73.42848638997245,1,0.16181229055757032,44.689684562996575,0
52.49157880077591,34526.48657921918,35,Northeast,Mass,72.31416641737546,1,1,19.52794111297777,49.27644264364604,1,0.18459361365486932,329.32357173964516,0
50.37038757568298,81138.47415116649,39,Northeast,Mass,60.89466403730014,4,0,33.32637432172229,51.506225799012704,0,0.5095657123026183,137.87762769667643,0
24.339385841459702,38128.468509131046,21,Midwest,Mass,71.25241309349101,1,0,20.502784250742,50.078852060454274,1,0.5610551214327246,617.8592989253514,1
37.77862657611488,15164.947005341184,20,Midwest,Mass,50.16302453424892,0,1,5.451497671036479,70.50700856982364,4,0.2362006181851266,54.969525115016225,1
57.474950450324755,18006.965843438273,34,Northeast,Mass,69.57495659927098,2,1,5.831082504636891,56.463265602597836,0,0.4661401368115591,152.0573283323829,0
36.27933168757032,,17,Northeast,Affluent,55.98536496277096,0,0,14.966293626855308,74.5032174126469,0,0.3323679731106806,119.31945082375547,0
51.96169225198853,43376.17749426262,22,West,Mass,61.16906836047653,1,0,12.556993057416278,55.427702358133864,0,0.28551547436332675,83.40377004116837,0
31.764233657291246,34999.27944751806,32,West,Mass,82.28145880020854,1,0,19.842345140006035,39.78408118062029,2,0.4940169352772923,1347.5916599208947,0
28.574253322383296,91331.52747234561,24,Midwest,Mass,53.690503911877116,2,0,23.492544868642867,76.34891351276305,3,0.7289236779026289,220.7298765477847,1
37.9381434906089,21315.293096428857,48,Midwest,Private,56.815540751302606,6,0,29.945246751985653,,0,0.5190199956514098,88.87994660292419,0
39.15282117564095,81801.82643279215,20,South,Affluent,50.90686414753226,2,0,12.329664630732749,78.18111790773013,1,0.7521471157799391,282.9375590552134,0
65.16372383237045,27946.157885000295,52,Midwest,Mass,59.543947291032545,1,1,11.569206224519698,72.5943912727331,0,0.6334747415073263,190.5424545505075,1
45.56390771279954,21269.589308717095,51,West,Mass,45.2342276268525,1,0,6.171050044144172,55.82354779751517,1,0.07558704913606558,51.11570321119929,0
47.41732108604268,169537.97807822307,67,Northeast,Private,34.747775706875196,4,0,37.482223601009245,80.50553862703241,1,0.3386890464349714,99.77557213255777,0
25.827657604464118,28002.469654638688,17,West,Mass,37.13737556598058,2,0,11.957303252545593,70.57766340848565,0,0.19438552619791857,54.957322782830744,0
44.08089567766524,76714.72286893596,65,Northeast,Affluent,59.95982139510645,0,0,23.819371322872357,74.6260580502788,0,0.2235911002921659,59.59926124496658,0
43.050625139695214,23211.203174023573,28,South,Mass,56.90071910563347,2,0,8.122396717712938,62.344815314160684,4,0.29355136102171503,85.45377114531337,0
38.21910661401104,,43,South,Affluent,62.68252221482164,0,0,52.633995259976174,74.85465065874749,1,0.42271830092646473,102.87242453627526,0
54.743137928633296,52828.120272972046,36,South,Mass,33.5826779727044,2,0,28.949195168565723,80.71337161812815,1,0.14036885222847637,40.76320578246075,0
27.041269574376486,21111.597539602924,11,South,Mass,57.51929043644775,3,1,18.430119621290526,47.45921682782731,0,0.1279333221348685,87.13940603578801,1
59.11022024358743,50768.06741983005,45,South,Affluent,40.75796874576733,2,0,55.75000754027717,71.09778413813937,1,0.15635430807244374,109.25121710547667,0
32.21898043564029,14000.0,27,South,Mass,76.35460055099294,0,1,5.595763686786498,67.07121724071524,1,0.8658780570881722,366.32911835474306,0
36.3891618482971,26979.40450702956,18,South,Affluent,68.34796607933852,3,1,28.634524295561626,60.48924308142545,0,0.43677839227459736,197.20778173349476,0
56.86439914363152,20853.235850282144,36,Northeast,Mass,42.41150373303314,1,0,5.288995591811102,85.72863626386331,0,0.38841296061600206,187.02315329606242,0
47.0092725263481,14000.0,15,Northeast,Mass,62.81449911070543,1,1,5.457273366832513,52.41316544130289,0,0.8555274557730312,170.57339682412237,1
54.796907079173224,19660.8773239197,48,West,Mass,47.50864487698035,0,0,11.114485557515732,50.01785624562621,0,0.36975778529958475,66.47876008209019,1
53.86092765573247,70842.88890209791,21,Northeast,Mass,55.28042637557146,0,0,16.338922679458594,44.12704508603815,2,0.403281867101626,201.24391612504832,0
36.90173790187292,125105.24644560719,32,West,Affluent,22.024349448357267,2,0,23.22836552356043,74.98421544730726,2,0.043991214381487,25.277433466454188,0
32.68495701934953,24523.850658640586,12,South,Mass,38.244070014651655,0,0,15.600233844591482,76.85046712710177,0,0.11194042229499579,29.91999228179601,0
56.730710451969024,22025.288013909896,37,South,Mass,58.04179732247275,1,0,15.143150458278727,61.06362435468897,4,0.4788073379971474,73.7565630554014,1
60.311658958114386,166238.68024763436,22,South,Affluent,41.741949535157815,1,0,107.68398733592947,61.651489803298304,0,0.3729261880421388,130.53164027202874,0
53.44519464139771,79484.85361657351,25,West,Mass,34.58556874530497,0,0,28.60043537683661,78.9494857551083,1,0.12781721566209356,17.07311282837729,0
32.01769396156402,27747.180846512358,39,South,Mass,37.414628993389954,1,1,11.868784445441264,77.83780890101613,1,0.07779618993901065,35.47369889155548,0
41.944716663002026,81558.38160647692,38,South,Mass,42.05728817222012,1,0,14.908043207554906,74.9537181763418,0,0.32204200032369557,36.52651679358421,0
23.051883974912478,23406.705491441204,10,South,Private,39.63177913640942,2,0,15.117789389365388,61.17338810453861,0,0.30591845451551586,120.76773218098917,1
35.39953461772654,30565.54959840015,20,South,Mass,26.449124374526455,1,0,8.955337460457537,68.11134627482399,0,0.050913357135568445,27.690232343211285,0
62.9399998814255,22885.160860070915,30,Midwest,Mass,47.32215115808676,1,0,8.219500380049027,46.593139557821324,0,0.4881345384991933,70.08186681421945,0
43.079972157438796,83178.08897481367,19,South,Affluent,47.04255596537803,2,0,14.094269512793932,65.29151746921572,0,0.15696287511421814,98.52513297411173,0
25.27883809305868,17529.691137170703,12,South,Affluent,48.308435668891114,0,0,10.607299782818766,55.21496558488389,1,0.4318242362565951,185.11903016327813,0
44.45824174254878,31826.204809269224,26,Northeast,Affluent,42.397013145577816,1,0,6.362511209482902,62.73448846104992,0,0.2793248874502645,74.70266317887504,0
52.666863058307015,27097.374121817942,34,South,Mass,42.81554090372654,4,0,11.988522368415685,78.60623534721881,0,0.5438750563135157,97.79695761305308,0
43.76946421316532,31591.36104922704,30,Northeast,Mass,54.409824964366116,1,1,11.97487355305933,66.58709892227795,0,0.3582378073528132,115.92099841969281,1
40.5622144349626,21085.888896473294,77,South,Mass,37.44879244229417,1,0,10.541052436789773,86.16526738460443,1,0.1423521923122383,11.119069428539254,0
55.39355593526815,16432.395035504076,17,Northeast,Mass,44.95546404552422,3,0,5.926964065957575,65.07565374026383,0,0.34551701792689077,90.38043434105197,0
27.29670290372437,19598.466293676698,10,Northeast,Affluent,55.68263666545646,1,0,13.214347792460497,51.800953754771896,0,0.7876368704248564,153.2004141147496,1
41.11799392199574,61831.415120507954,34,Midwest,Mass,44.63118970676152,0,1,14.226501902917185,77.44872686829433,1,0.1408783911024221,52.807279521540615,0
76.6760855516022,71867.49988681788,69,South,Private,47.21789251416932,2,0,17.55578131651579,69.50067870172721,0,0.23703359033273608,42.6373992174469,0
60.01018676687783,34219.935533006494,25,Midwest,Affluent,64.54291764403064,2,1,14.52132969945846,58.68684657893881,1,0.7628548374027402,193.7422538770326,1
31.331543543237387,14290.464038360538,19,Northeast,Mass,95.65836083643308,1,0,10.194383393541646,35.067041915545026,2,0.8281561455796083,1804.802837112335,1
44.081513846911854,,23,Northeast,Mass,65.02170946764899,3,1,27.946356030749953,66.02934467921655,0,0.6026473676516176,250.99945236706463,0
41.43357820744113,34901.07777897817,17,Midwest,Mass,46.03625867717327,4,0,19.099394041734193,80.34334915182588,1,0.13456966772182358,152.1234765780892,0
31.677837276933275,14000.0,29,South,Mass,86.22232062922463,2,1,11.149447128299553,50.346331978255535,0,0.8411327874440772,1491.9440521827073,0
51.20661983823142,23403.46068319222,47,Midwest,Private,64.4306074072825,3,0,6.683396640749584,61.810960562500085,2,0.6585428952844268,237.69792504154012,1
49.863094260465914,67001.03849511438,95,South,Affluent,42.58902063498085,3,0,31.982509459366028,72.98977057729243,2,0.25487407574375515,84.0536679493511,0
33.45015669973623,86498.74616919197,9,Midwest,Mass,54.044590878642936,0,0,10.363597199833642,60.019328959417585,4,0.14047251795498839,79.40262702077588,0
20.02331218494642,26740.1306166396,29,South,Affluent,44.9065596813595,1,0,10.580650755735359,73.41748181727908,1,0.49668285772643445,597.4876538144573,0
26.177102168976507,14000.0,3,Midwest,Mass,58.949980116436876,0,0,5.564054403283497,61.8611562504342,1,0.7401129695098307,174.2930634290693,0
29.836793013496546,31138.144242328348,10,West,Mass,56.41266768370012,1,0,21.108021540465955,55.27270627870438,0,0.4553087757717712,69.19478167458463,1
30.423221801624642,16218.007126667988,0,Northeast,Mass,62.976460202906694,1,0,7.467338224882907,59.080763274576114,0,0.5437066119425426,103.65352911955792,0
54.96507726141077,82372.9886917778,83,Midwest,Mass,54.579633725274434,3,0,13.784039828113748,68.12763571820241,0,0.32287770750602957,52.85931161916242,1
45.54117034465127,44728.80234022124,29,Midwest,Affluent,67.46565626534691,3,0,11.430220238108875,35.68947631616014,0,0.30051763317361935,168.74455846052854,0
32.5474519741877,18888.737577185282,24,South,Mass,34.97108096213442,1,0,22.176901808398448,78.77015293189196,0,0.27153221314252224,43.25734816810079,0
28.654932253954055,82328.28052167168,32,Midwest,Mass,27.23880497297291,1,0,17.01178970348975,59.81387167195351,1,0.09376216385032031,25.66270065181567,0
59.487261542304246,46301.38480483513,39,Midwest,Affluent,55.23836802018781,1,0,30.213856580274115,91.86586189217722,0,0.5563367025093487,65.71433894480965,0
39.25490830776784,27739.00956779382,44,Midwest,Mass,30.991314005733027,3,0,10.569567231709092,74.81429275140282,0,0.13502727880956955,37.32221911805066,0
41.3808104686425,19399.41003706465,23,Midwest,Mass,64.84507710902558,0,0,14.09233748346835,62.02200474244389,0,0.38465508888328553,60.46904790047359,1
44.95942712472499,37211.323254011855,42,Midwest,Affluent,42.60129019904763,1,0,20.57186586696562,65.97202229638027,1,0.08374972198022067,65.36003125973953,0
46.50813578861978,56491.44536535338,40,Northeast,Mass,58.80526894830407,1,1,95.14538881482694,67.15729763298818,4,0.38801565754914,105.52968347294356,1
65.86259397640217,14000.0,75,South,Mass,87.8895755664479,2,0,4.145893398971122,49.44125183316439,1,0.7148418229530697,1066.167409338753,0
42.492403988059955,120011.30444830045,65,South,Private,40.297107669749025,5,0,41.921121910967244,81.16737348484226,1,0.19095345646322237,129.8214777051714,0
59.816135230463416,,35,South,Private,47.139300506031326,6,0,23.35687212361195,69.57737745272902,0,0.6056968402809182,97.59477600639322,0
25.69474904164766,21321.204204181544,33,West,Mass,49.23366178593052,1,0,8.825646981002652,80.63767464074589,1,0.47419054751879053,64.50163727571245,0
35.363140386196065,28634.209813305974,18,Northeast,Mass,65.304998156995,1,0,9.302263349343013,54.212918362875726,0,0.3773028648593373,89.72540023517993,1
48.99875185116188,69563.92748187817,29,Midwest,Mass,46.48883958967581,2,0,54.63823869299506,74.4369546476292,0,0.3563132638159213,123.82975667385632,1
53.311880811253296,15574.000130909812,21,Northeast,Mass,63.454963717503546,0,0,9.076633422369065,41.95365974933996,0,0.5473518783303308,149.37120496761796,0
53.35173381304596,35836.539368842925,9,Midwest,Affluent,72.28758164518013,1,0,24.314246442493893,58.2893885967957,0,0.7729176208923316,449.4697330735748,0
33.502905124825,52933.14206894778,9,West,Private,41.07430663341552,3,0,22.846340751808437,52.66491452328073,1,0.2928345033533795,204.38498272666897,1
40.2632813162875,14000.0,28,West,Affluent,82.67529593395979,0,0,13.802834880306646,49.57031139060945,0,0.969378903490904,2421.8241388910337,1
53.46081794876849,,16,Midwest,Mass,91.35769180148212,1,0,13.414813458184076,53.08724756535597,0,0.8920437978804459,1618.3308286297872,0
49.072605445216674,26958.16130726535,30,Midwest,Mass,52.12095572357226,1,0,14.409096775926882,67.6051810943491,1,0.4451453624621408,86.30373774301356,0
43.07859661906315,117040.43144837565,45,Northeast,Mass,26.543831232639484,2,0,86.18246838659586,81.78899930593921,0,0.14576743283775762,193.37060625766244,0
47.76297583170012,45425.96028671285,43,Midwest,Private,74.58824651018973,5,0,40.003060170082605,55.504221148219166,2,0.5691855915914951,349.2123741784293,1
32.80826955623799,19638.358331588734,30,Northeast,Mass,78.11465902598555,4,0,9.650542658968371,64.8644901159805,0,0.17173801973178507,600.2532097286975,1
19.223857440420165,20072.99848064315,5,South,Mass,32.23415195888766,1,1,24.778898771628892,73.22075485486582,0,0.21906735896752533,42.57494680659313,0
58.01243547909714,61441.07498726284,74,Northeast,Mass,76.98484787097733,5,0,51.681455878041,62.09867288200552,1,0.4891748545840522,262.5813506158738,1
35.13100469104007,,44,South,Mass,59.593884441415234,1,0,41.39569207168889,62.68894385214976,1,0.49773398128022767,120.33665960260593,0
40.36180454764605,52070.809037049476,58,South,Mass,43.31319460548402,1,0,21.775493162684043,74.464830725679,0,0.10458683837776249,78.92887181358132,0
41.619629914825474,49683.76746180513,34,West,Affluent,56.20732153025757,4,0,30.74212779224749,55.14535216614968,0,0.2464271914188197,93.57652583127062,0
37.920951765197934,27093.81072741968,19,South,Affluent,41.42042133324232,3,0,11.824507989015935,60.8082301157784,0,0.314217882045114,67.07119124064752,1
45.825857453675056,23388.08045753042,20,Northeast,Mass,67.53026058455806,0,0,9.638662202300644,36.15773928598372,0,0.296358988027918,93.86705555263846,1
38.726622700918234,,32,South,Affluent,35.180160708092416,4,0,37.54461572631021,46.93361586635024,0,0.26478290107925395,48.41911495916295,0
27.137520028156747,49728.99161947164,53,Northeast,Mass,59.796093166190566,0,0,41.7590095506536,68.75201896565181,0,0.4294007715548042,45.90343887987336,0
28.97170556534885,77115.2270375112,18,Northeast,Affluent,60.33479400005668,1,0,58.84072394322343,52.85487684830316,4,0.3822674100386798,158.93494298891525,0
39.17995929848452,20055.77211412759,17,Midwest,Affluent,46.71491229083258,4,0,11.968266738813659,59.921456680106374,0,0.3101883680546162,128.6363678843569,0
58.48772228966647,54027.79679312311,59,West,Mass,54.574114315455866,3,0,30.18680978442884,64.59738800553059,4,0.6471057454078537,100.60795490403252,0
20.335802790796887,39877.80184700106,36,Northeast,Affluent,63.58913428869056,2,0,8.958864865619972,62.60335672267772,2,0.385726389583024,187.46537801288764,0
28.322414340659005,,19,Northeast,Mass,90.73696721082426,3,0,23.377191690333195,49.85529122270116,2,0.8915329168872379,1249.00803205937,1
41.15660407127634,42050.82849309364,35,Northeast,Mass,53.976797087764346,0,0,39.13217446169917,74.56474880554583,0,0.32831274916728215,94.75605492338099,0
65.15306331646416,51233.3605491204,95,South,Mass,70.39096024568165,2,0,24.77543402819709,56.641112186610115,1,0.5597561184121765,317.01035433360687,0
47.356175286730206,16270.764097902756,70,Northeast,Mass,52.33334177610356,0,0,5.0261209809023155,82.00786866912311,2,0.4699226916847972,151.90180093180686,0
36.18386892493877,39929.02737065586,19,West,Mass,39.99428775585983,1,0,29.005888767438385,53.01398030711915,1,0.3080238461416794,162.68414704818284,0
60.84261944334129,16574.473365000074,48,South,Mass,48.512502711305416,0,0,7.52118769397628,61.655237047753765,0,0.4163729901739941,49.94764447329646,1
50.47652015519775,28075.099018990575,28,Northeast,Mass,62.17415205914211,1,1,4.336018896626369,57.44664017618251,0,0.6333866121594132,166.97358642005813,1
24.76620343048566,34739.14258964432,5,South,Mass,47.39555614784584,1,0,14.500960164230591,58.777797590294625,0,0.5042804644962089,435.0554199104058,0
37.023490735733574,18323.459703792967,9,Midwest,Mass,44.334136179094415,0,0,22.834671436745715,61.02858378017154,0,0.4419539076646448,74.11686709218205,0
36.85665494799854,25217.434115789627,7,West,Affluent,62.75012964657448,2,0,9.0309426523493,47.333693519905246,1,0.35115835600646167,254.09939544165832,1
43.59864222628004,49930.58674663688,47,South,Mass,65.95086133182372,3,0,11.987591212024828,63.09687026940166,1,0.4702264030761457,134.61634507654804,1
37.52416187041055,126004.78634736611,18,Northeast,Affluent,36.33738583106508,3,0,49.88231206088393,60.20783449032731,0,0.3731305047879288,103.56238156826142,0
69.76715356546552,14000.0,27,Northeast,Mass,70.09739994279447,1,0,7.180460482061669,64.52223450599058,3,0.409143267183446,188.01894876975845,1
34.214393529999896,,15,Northeast,Private,60.81470427434839,1,0,12.179740843919493,47.67941720532966,2,0.3786333971588656,142.3555182708281,0
57.336434312607715,26851.46852889095,16,Northeast,Mass,59.73541191031881,4,0,8.067240324917575,62.06642892974815,0,0.3980560386453937,91.20127440920665,1
41.42177023969271,14513.72981006992,40,West,Mass,79.50447636092568,0,0,4.063187676741988,39.46499500361936,1,0.6478601458696835,866.8756772415755,0
34.174282914722276,37147.544840719296,32,South,Mass,38.816274177158334,0,0,9.636558607243431,64.13152513405385,1,0.23643485541467513,59.36156728382448,0
29.99286036680145,,10,Northeast,Mass,68.95756678936718,0,1,7.781138892715487,51.97739084540035,1,0.5543713398246359,215.196219946966,1
61.93186734912031,33279.70422523891,31,West,Mass,40.64446538579602,4,0,17.421448814540025,58.06467450536863,0,0.16685046395482214,45.60386296848808,0
47.6089112799271,16705.682560984234,60,South,Mass,90.42510019658319,1,0,10.552592925933888,69.40441593291413,2,0.5149767777163802,1012.1681753271257,0
29.79672142711491,73136.91486114472,32,Northeast,Affluent,54.86381828186644,4,0,14.09455785083312,,0,0.27566114091348565,98.12955562046618,0
43.68638681068328,42681.53760127681,23,Midwest,Private,52.920342259862345,3,0,40.77263833921625,65.20167919968895,0,0.4761920723703133,169.46876222867687,1
33.24792557986049,37850.10263309829,7,Midwest,Mass,70.38528781647118,2,0,10.298965042945262,66.55343952844446,1,0.5449856622919667,224.88082153131987,1
61.79107051953246,40090.4456442887,37,Northeast,Affluent,77.73659658359315,2,0,11.557071179348744,55.959746677165334,0,0.4544532231354946,302.1454524169292,1
47.24269693313406,29889.334233859856,5,Northeast,Mass,53.22035961814652,3,0,18.07079612025388,51.38345316378544,1,0.34211746664250886,84.34410942583395,0
23.33405078990649,39406.242423052885,19,South,Mass,49.840863852584015,1,0,15.221136488861816,68.93107592789491,0,0.26256109038905895,104.07773162056888,0
32.12541235067083,76104.81002457275,21,Northeast,Mass,30.641199739184806,1,1,18.505058250933292,76.74568903702645,0,0.3172114267181211,42.04841334602638,0
19.837812630844002,23902.157783520055,0,Northeast,Mass,36.597079098225116,0,0,20.81882225468457,54.633653887996225,0,0.560121113162958,43.66536656484609,0
30.124175324775383,20938.055453648267,28,Northeast,Mass,52.32603559162422,3,0,10.006525756120826,69.93710992373249,0,0.47176439482096943,121.27395914365115,0
58.26045185996359,18279.877867781666,56,Midwest,Mass,50.87883704546499,1,0,11.827137699253399,62.614859108916484,1,0.25522883920851314,59.18982958080401,1
41.835052096525295,54409.800805354884,23,Midwest,Mass,46.89895697860041,2,0,40.99455689934389,72.87930439166749,0,0.2917989315639348,53.01354318228956,0
25.029896500108794,38986.295952431894,6,Northeast,Affluent,53.27338917769026,4,0,35.07850594889089,47.546693915507795,0,0.3399422424459543,184.37304485099116,0
36.53086966800379,58137.66120597808,28,Northeast,Mass,50.190168659451636,2,0,11.21575992437274,64.66605419812646,2,0.38918560505722005,82.35949260892646,0
39.21593056299966,39872.90863202506,53,Northeast,Affluent,37.89983139821898,0,0,22.569746865851798,49.28282370025104,0,0.2798133295584011,40.51384409515331,0
38.429360336221286,80942.13718262079,51,South,Private,52.48635580618396,5,0,31.20452376519552,57.470258778234445,1,0.39713617967087483,98.0867171118257,1
35.94449148683103,55504.50963140159,31,South,Mass,35.83412211303458,3,0,16.042748953196604,66.05988443400356,0,0.15556380541528125,33.235591276259306,0
32.83060692126133,48132.13255557974,19,Midwest,Mass,34.283749071928575,3,0,27.389929545887906,72.81018415805607,0,0.291865154505473,70.84801771342744,0
53.22695744674723,22900.471214936028,27,South,Mass,80.69333503342186,4,0,5.840021514565862,63.55426347464591,1,0.5493055656071647,592.7178402314163,0
40.307249538479816,19435.502810358696,19,South,Mass,64.59673859141225,1,0,15.901838508238367,44.242683518057476,3,0.40629952106933026,211.8787833803797,0
50.311730196166295,160832.64468061883,48,South,Affluent,42.316717239550776,3,0,42.160807182535706,80.13476806242129,1,0.06715183546599558,50.41131166295062,0
26.590626415242838,31977.98713010367,6,Midwest,Mass,56.060912937033535,4,1,64.3161776894787,60.94441852737545,0,0.2532409789634909,145.95867982553506,0
31.99512486249329,43601.01564426985,4,South,Mass,61.726932764686744,1,0,40.775097317207425,58.03512473912761,4,0.6152006174100361,243.05130420522235,0
28.27218359221869,,28,Midwest,Mass,43.68240240268059,4,0,6.02250885248138,77.33137002163276,0,0.2700168312013259,113.41945133433694,0
40.418660780054516,35249.45688160758,10,Northeast,Private,76.05397040596188,8,0,29.52460708243939,59.38528110007514,1,0.5928044069806042,418.02459976645264,1
39.03316490041953,20793.67957771064,23,South,Mass,58.97199018479713,2,0,7.889860517428891,58.96537942647051,0,0.33561388249260427,55.34425216426497,0
43.34297096193772,19461.867255271318,12,Midwest,Mass,72.51919303637472,0,0,18.116679124087913,51.483414522237155,0,0.5362887114882421,329.05320411009404,1
34.289368387333006,62443.16026602676,21,Northeast,Mass,32.52234255007638,2,0,29.09720960170107,63.234843629392174,0,0.16014614267985638,26.647934497668377,0
35.04346799585477,,19,South,Mass,86.06859811248732,2,1,41.75885358432569,39.7725276748394,0,0.47526537066578484,1324.9247055174185,1
39.46837038822128,57421.35051635975,34,Northeast,Private,31.90295337109657,3,0,17.754140272961624,76.33835107839472,0,0.14552225512635286,41.66293777930226,0
26.204779450523805,27744.63577445862,14,Northeast,Affluent,35.04812792536432,2,0,15.143415766560143,81.86223085175924,0,0.4474291226706199,52.14090258540776,0
57.33689691269821,83243.30444583338,81,South,Affluent,54.15449137231571,5,0,26.120373534791764,73.22311586571276,0,0.5142497773211638,312.8751820635275,0
19.090744315774995,17064.978420026117,16,South,Mass,68.58060316061314,0,0,15.650780203580718,57.68771312522728,1,0.6244445256904503,113.26039827528608,1
35.868364300490505,75246.5264076821,23,Northeast,Mass,41.672716326580435,3,0,27.749113889867935,76.28125875778781,0,0.36004377083941685,72.12848193859595,0
