age,income,tenure_months,region,segment,risk_score,num_products,is_premium,usage,engagement,complaint_count,credit_util,y,y_class
41.73850019525705,29746.839098016022,31,South,Mass,68.66604385533236,2,0,6.449376581709975,68.48012535564557,1,0.5774298847777293,489.5063248347773,1
46.67038635641179,27249.861157232674,34,South,Mass,57.905560953994794,2,0,12.166023496264653,50.18054049155481,1,0.6241745386221823,100.55692486243396,0
39.21153189951029,31033.8509552004,30,South,Mass,56.09386285942917,0,0,12.268252687222553,62.121745062828296,0,0.34399981082387815,117.70135301928457,0
45.15548245049064,34219.93852916953,21,South,Mass,30.512450000410425,4,0,9.254402737328505,73.93109454597479,0,0.16088762278325802,8.825351011344708,0
42.578816732981416,29794.004475491747,30,South,Mass,61.06447440983709,1,0,24.674301910047625,67.65587270371509,1,0.3141519780597824,180.66422466587133,0
26.086574795277556,-12920.15707004661,38,South,Mass,58.77180707814677,1,0,6.648604001514336,50.9343764584924,0,0.5603667377961882,-12.081285244523173,0
29.630460683105724,39585.870368555974,3,South,Mass,59.84199678800042,1,0,11.066515308833697,72.47468028903556,1,0.09050599889931493,198.55624560661346,0
39.47860598419904,52906.50385064378,39,South,Mass,51.01979021980602,5,0,58.31049678961534,67.79241964957886,1,0.3104922505432294,-38.90995330138807,0
33.11639401374402,25912.06506399816,23,South,Mass,54.980310323320786,3,0,32.61154145807964,69.02202886909154,0,0.3921439495512755,94.33529312502466,1
44.388067454032665,25451.63621131089,17,South,Mass,82.67439341788537,0,0,6.272824256687567,46.17647745729699,1,0.7670084038088114,527.0355112030743,1
38.59057439639132,21744.962599896302,19,South,Mass,66.21941283556424,1,0,13.81009797515894,55.940709995719075,1,0.62561205089671,404.1686085564125,1
41.785743624515696,20927.21441988097,24,South,Mass,37.261844478116416,3,0,11.548899826823252,70.84639715052002,0,0.3810067097612215,14.420133004492556,0
45.160295947945436,15481.4106422917,19,South,Mass,57.1570703845003,0,0,3.7130601554053957,66.99021255349538,2,0.5365324678260442,123.3665275175868,0
59.59965428019284,21829.351202577374,87,South,Mass,81.09403849847482,0,0,-0.5604425852571389,49.10529009552246,4,0.4772664687786583,269.59109595419454,1
46.24423248509447,23818.563275896588,22,South,Mass,63.0024637256132,0,0,7.600360822760539,49.070715261761336,0,0.04629003351573341,-8.750152083967919,0
43.528515783893035,17068.567076890133,53,South,Mass,67.06427771656126,1,0,22.69560291931894,44.42881576870842,0,0.31382278899757515,124.00889189363401,0
37.73021836571799,40895.17599518784,13,South,Mass,62.47199057847972,1,0,15.618317295853629,69.85884380767968,1,0.26926469744933856,92.50843193539744,0
49.48976475169126,59126.470841057744,33,South,Mass,48.84266427250199,2,0,17.133162581153357,66.0731414579182,1,0.1885462731725249,37.68615085236269,0
47.89276718911141,43380.13792527981,54,South,Mass,56.471037016825235,2,0,20.293251421524698,66.40018482339684,2,0.5691201355884523,155.50385235956915,0
28.784394133837687,55580.21578023763,22,South,Mass,36.607089714424504,1,1,35.3472384154765,61.81431455136115,1,0.28252890905494343,113.9238703196404,0
54.25787731810924,33912.12654598509,33,South,Mass,60.17329596041006,1,0,29.327906855713092,66.55212516988854,2,0.30151483600153145,12.52434006894049,1
37.722430309406164,8904.631243297456,18,South,Mass,68.69718102802503,1,0,10.20261816554314,57.56812451244664,0,0.6731779798925575,300.8028584833696,0
59.29210057229825,11928.32230769937,64,South,Mass,79.19400455997007,2,0,8.34827743037715,41.074517672933304,0,0.6327651388416377,335.0818442972236,1
42.01980820503403,15929.9412316723,30,South,Mass,80.5509291137005,2,0,3.605521213790892,57.529244269080934,0,0.7827828944005312,263.7436190270381,0
19.200964054753925,45885.37000195845,22,South,Mass,36.9694488582075,3,0,18.69630552581728,71.05953778827924,0,0.46894408832557954,22.654004999521163,0
36.732115812579224,50336.252135850205,30,South,Mass,27.411622980453128,3,0,9.753106823754646,67.2468610194799,1,0.07427807028617672,-12.783858029133057,0
50.49707534286343,104042.92673454425,40,South,Mass,47.448603889791784,3,0,48.09484396759441,68.51098643984707,1,0.30174904325730245,141.99925188497085,0
52.96182795854532,61058.357288737374,52,South,Mass,44.77775917629425,2,0,21.031319604300656,66.23238622572113,0,0.21118472534739482,-62.72921656796507,0
52.53266006189524,20189.960379684664,48,South,Mass,53.9398736861084,4,0,11.287334949891264,54.866707828821745,0,0.19656747653883638,68.78549163150866,0
35.89548254706799,18840.57530265359,31,South,Mass,80.06011632825272,0,0,7.210099505730289,23.41306086339963,1,0.7542314905041738,836.7690543119272,1
64.9750268202603,37149.61305697473,57,South,Mass,55.57336008228158,0,0,-6.400500467693696,51.50328966667625,0,0.6046872799407733,236.26804158270673,0
36.81008790745139,30064.18061189704,36,South,Mass,65.98145913152152,2,0,17.341381688941635,53.219126050389235,3,0.5199136058423044,193.54072606693998,1
62.57733790474794,13468.894651451545,76,South,Mass,50.21878079070525,2,0,13.549757351560316,75.01689353387043,0,0.5584315852822137,2.578098984548461,0
36.19365225972932,43953.20376831187,35,South,Mass,52.55732909905802,3,0,16.41863444723344,58.653268412753704,2,0.17172921468967595,36.87190568756321,1
38.3108788735915,21345.267426418635,38,South,Mass,41.84823902263475,2,0,7.406797100688742,50.95311144755437,0,0.0,-284.81126567058044,1
48.709731084331686,36739.09601413022,53,South,Mass,71.80609595131807,2,0,6.289328992345222,61.77404159303728,2,0.5252024712137762,544.5299500884842,1
45.935635524417236,26736.131520306066,34,South,Mass,58.35734670450243,2,0,6.911019996155607,37.88176990152944,0,0.38919978114009085,25.520632845062238,0
48.64495102076877,26573.104218013068,24,South,Mass,59.1186868437619,1,0,16.04375622072283,52.068862454018394,0,0.6250217499898084,124.73996209629018,0
33.30838488181994,18384.155662525067,27,South,Mass,77.03086036796378,2,0,21.715256320713227,44.438333625489875,0,0.4976459046178074,534.0035065813821,0
22.537108517412022,13478.966463470057,18,South,Mass,39.254836108684906,2,0,14.089598404853096,70.56542676437452,0,0.23505398239552863,7.958725534615354,0
17.381511025130056,8681.426691119847,8,South,Mass,58.970880874837874,2,0,12.697808824234707,51.95082526750668,0,0.4633599151232349,212.08796554166372,0
45.63730467046453,30034.42911119886,23,South,Mass,49.82847940220201,2,0,9.123700586899364,74.39041427303104,2,0.5166807411843866,64.4373165269729,0
37.83767605071111,38521.36508960235,12,South,Mass,59.8243236654199,1,0,31.387367772170244,56.68839625580796,0,0.4217323407646912,149.38551103433812,0
41.06055262555368,53711.38537331448,33,South,Mass,47.673435178813946,1,1,33.2015854812402,70.21485535599525,0,0.2895434818551564,71.22898514131654,0
37.049989453805836,24603.934340452688,16,South,Mass,69.38198651781849,2,0,16.39736486627533,43.36040322590073,2,0.6629284310412871,496.2806081419342,1
35.52772933533633,29762.4592744244,31,South,Mass,48.374239203348964,2,0,12.147387559606349,73.8741667670028,0,0.4172664328983361,95.1908286098277,0
64.11959099023065,64128.036096718235,56,South,Mass,44.604419910015174,2,0,37.678631255881825,63.20845742305548,0,0.11037149094500881,14.440236395923677,0
33.1558120880331,18356.871772770188,26,South,Mass,70.01811062393594,2,0,28.977840419341803,61.34932767077479,1,0.7660504626554614,454.27380511298276,1
48.41277014681256,32479.594548666693,40,South,Mass,60.2233103880547,2,0,16.038047395071192,70.15046204921256,1,0.3386265998440108,135.57693894940874,0
61.94182063953056,35269.512174827905,47,South,Mass,65.18321822893043,3,0,9.412699128251198,57.0629444466239,0,0.38046205778945275,138.6196813476888,0
60.618563527196436,37947.991591079524,68,South,Mass,73.06537427011865,1,0,23.085155956419655,46.01804713873648,5,0.5771472429391815,497.81492524926705,1
34.11131886957431,53262.075100276095,31,South,Mass,56.00077748045041,1,1,33.603683308678484,63.16435970770041,0,0.2597606774779482,123.44386278085659,0
44.92196295218823,33798.09836693213,34,South,Mass,46.399159143681835,2,0,13.05443225203091,70.17098594669973,1,0.3660297145241915,80.57481729663468,0
28.159752233198695,25709.979310978066,4,South,Mass,45.16901660175553,2,0,14.584271248282025,62.29515727622,2,0.29064984774051783,-313.180779783295,1
33.70219669169349,44931.627259659384,29,South,Mass,60.89001425315823,1,1,35.78113022942222,52.155527708880214,1,0.37553303094457446,67.34938954018538,0
54.08761413731366,15717.484645964916,45,South,Mass,77.70508721314368,0,0,12.05034562617474,49.13233428971529,3,0.6083079104180414,532.865054469326,1
56.52785350345554,17998.06208244374,42,South,Mass,60.27023670268925,3,0,37.49564640481695,59.3806261792026,2,0.5184319676536968,89.50901882093747,1
68.69979208877787,37109.99240350473,79,South,Mass,47.421262142298666,1,0,30.7234849559982,65.0128008664018,0,0.3820167587829811,-331.182332008649,1
40.53908214015459,36300.347522014745,14,South,Mass,43.2634029197131,1,0,10.045179519470281,65.92572588586498,1,0.05578950005499794,77.22252190205309,0
30.759081255354996,13697.003168414525,28,South,Mass,62.39124859184884,2,0,12.560776703927242,59.08269384633617,1,0.46465668517495756,43.69971522595637,0
51.695193825345214,49368.75432409234,26,South,Mass,53.60208715990097,2,0,30.36402524070766,69.15410590940253,3,0.564654213745252,211.5211982010415,1
48.21413564559957,16551.64865638689,10,South,Mass,63.365389589497326,0,0,0.2784257552786329,48.24121978368117,5,0.5506957724546462,263.7949572712496,1
56.73372679702392,42997.70999235228,47,South,Mass,43.99208986719286,0,0,13.557709187050003,66.03972429904255,0,0.27952310999150415,-64.75000151674683,0
47.55223000546824,23871.23944943037,47,South,Mass,77.57175476498345,2,0,27.010682902023845,39.73669181827687,0,0.37352170687099284,177.41151744051948,1
33.1857043330795,32458.11294383375,22,South,Mass,63.575865684833346,2,0,23.2838621876491,55.54597551136648,4,0.37300990442254706,458.45717709808144,1
52.310917642311075,43119.22880933804,59,South,Mass,55.62937376895817,3,0,18.17965187800396,61.98053460305061,0,0.40586945558936305,85.91666550054464,0
37.38752870405558,32370.69508676513,22,South,Mass,62.07280935280238,1,0,8.157521891828756,47.981586010326986,3,0.2903988488296822,298.936879202334,1
53.496159757384945,41352.66593003452,30,South,Mass,52.818614854316536,2,0,14.841424085604313,51.391448842979,1,0.2856975133451466,143.35142410636993,0
54.59735525489588,27333.330572221967,49,South,Mass,74.60181308721425,2,0,5.14714433932639,56.83346995068276,0,0.4814731391559054,231.67673935981264,0
52.49720373758444,24129.02025910948,44,South,Mass,54.71248107952582,3,0,10.13710513247181,53.722295619004086,0,0.30599726666630156,68.74075786312518,1
40.837865462565254,32076.892633374082,44,South,Mass,53.48861841655544,2,0,19.993608683865293,50.7565346446125,0,0.2253652970386081,32.92416921754656,0
43.50326995462109,36854.25849223919,35,South,Mass,62.82276063242106,2,0,16.96554983212844,58.96939358061714,1,0.43367704863367446,129.52209439441177,0
32.92749146605205,23929.418427666078,43,South,Mass,70.88133835120068,2,0,19.027951270814135,55.196347512905156,0,0.6067006677853953,289.2085312494575,1
46.25629678969926,24668.090178993072,50,South,Mass,49.47846547237272,2,0,20.371926764217292,62.58317353875778,5,0.3407899136441986,204.69891059451896,1
42.96708976151775,99493.46156505094,21,South,Mass,48.431688820207505,2,0,36.513034470561976,78.60946509217665,1,0.3078485059093421,127.37742629826208,1
39.854371471342205,56668.07700845072,18,South,Mass,51.20806128821385,1,0,14.49539309784929,67.17177255206344,2,0.2619023359422661,80.46754146564776,0
26.54812977768188,26564.96724187822,4,South,Mass,73.5089629106854,2,0,8.96280966588159,62.82055051139434,0,0.6166967261668123,518.1146875228023,1
60.36450029101157,36299.61414837856,53,South,Mass,67.54303340572966,1,0,15.161117333004421,57.93633295432969,3,0.45134032705678157,367.769811584276,1
39.75596954474527,13599.197066918798,8,South,Mass,63.484662213814154,0,0,9.36486897705123,53.50725131129933,2,0.5542876882504663,111.73064735117035,0
43.5300552201888,17125.233075185814,15,South,Mass,53.684149970087915,2,1,18.389377515714646,60.53054247132304,2,0.46006523842651476,232.8309019266622,0
28.16929963103965,26572.85603271053,17,South,Mass,63.74260018677399,0,0,1.9994016263934622,35.390595696044535,0,0.44851777212260335,348.84066968902226,1
24.44293827718926,24640.444793354825,3,South,Mass,76.33235137435662,3,0,8.620875632760688,60.23311036546262,0,0.7604062960885223,207.82909756209892,0
21.898183535972304,16899.14541742055,3,South,Mass,49.974390203702335,2,0,6.074642071218651,78.01251669321093,0,0.38603390168926704,32.93161457761303,0
53.23042697741215,27991.850554355904,47,South,Mass,61.840675342639386,1,0,5.304598301976474,52.30775092065326,2,0.3680709423290823,173.11663161626984,0
62.23237739744699,41645.46743224394,72,South,Mass,59.20331046349871,2,0,23.121030433840787,51.57469848965297,1,0.48670163264078264,114.6128988307872,1
36.66455451137008,26851.132975566048,22,South,Mass,74.61571314814698,1,0,25.501231828885782,53.874985569389494,1,0.6442421940410014,279.5388088473578,0
50.60263205962662,78130.76592242366,36,South,Mass,57.13452910891749,3,0,30.577214629472785,63.433073364250504,0,0.42424755034749867,113.8104093235843,1
56.87704349526012,49506.98017848215,44,South,Mass,49.398188173090816,1,0,20.336349270237847,61.79890663105043,2,0.3469297200341476,150.49434042124733,0
51.42410737512224,52135.96285930918,45,South,Mass,52.700718994978565,1,0,25.26095163968644,60.90910945783944,0,0.28000227455904064,55.55777714756141,0
42.713311249713804,18170.254529286125,49,South,Mass,65.39468241504048,3,0,10.43337431837065,56.05477997208444,0,0.30334712182637896,123.70142835893445,1
34.32351592507815,17374.166335336362,26,South,Mass,54.74583958983418,1,0,11.837074211336038,52.61867886938879,0,0.5200588053551307,145.5179712680398,1
45.71064821015756,3247.9970873606326,25,South,Mass,71.28614412570434,2,0,-0.855212322328974,36.66961235328267,0,0.7299311387562785,179.51328449900254,0
38.0194580561483,27157.78857835843,35,South,Mass,48.55468311369513,2,0,31.49319980172649,66.03707476548007,1,0.28297227953384363,-39.03251661057027,0
36.78331187847843,29011.310896742638,9,South,Mass,49.44851868931598,2,0,15.129096241324348,58.714726915066564,0,0.4069432248184084,103.25304014115993,0
62.318209873492734,28227.64124904191,52,South,Mass,56.90843903720564,3,0,14.536491906579911,63.98820545457438,0,0.5071952500374849,137.16846900414825,0
49.62184309741512,17793.179169935003,45,South,Mass,64.69886969415954,1,0,18.95059444728526,47.65693337916147,2,0.6302861963582624,275.10283541016383,1
41.30940623208942,32425.850493633152,23,South,Mass,75.71103350687108,2,0,8.759622165093322,31.681371721415342,2,0.42003365975969287,239.64238423982744,0
26.83991166753817,45875.624025923054,34,South,Mass,50.577167964884424,1,0,15.845282185729715,70.40233917883656,1,0.15764475437239453,-9.358440033310728,0
50.69948194467583,44765.088976753,42,South,Mass,43.58983725764615,0,0,25.511367850995022,66.6570939598107,1,0.09968215848577061,114.98452250382466,0
48.85184678135856,54035.15773091868,43,South,Mass,50.196655303859494,4,0,39.2785376110991,67.0863023684273,1,0.393125466186657,203.01583910144257,0
41.511242931210404,99002.24242821988,7,South,Mass,70.04384491113424,3,0,44.16476453247017,59.6374602576644,1,0.8193858149979227,259.2390294251014,1
47.719233877271925,59281.72717938764,32,South,Mass,56.786748685196166,0,0,8.443378555073433,75.62954023741905,2,0.28160903526169345,167.94663696968183,0
39.98571223047273,19226.860681883612,8,South,Mass,67.03463064468355,4,0,1.6935601763365273,63.23658682832286,1,0.7116689694623617,120.4702708956598,0
51.874630434260894,33424.29121565895,36,South,Mass,46.96073138374611,1,0,17.283141543663426,43.98374855520605,1,0.2811139410108834,163.57977189873438,0
41.59115766128733,20315.460381174118,37,South,Mass,77.07185852407325,3,0,1.2068265422324593,57.815833792015844,0,0.709217502756315,513.0207767839339,1
48.673872028005945,14978.620887333705,36,South,Mass,74.74514767361497,1,0,19.14713524754591,60.8439427213314,1,0.4877236758108885,359.8327840219338,1
23.902510652082174,21519.562280318336,15,South,Mass,59.952044896519894,2,0,21.706290380010806,53.811097595866805,0,0.4778778775208251,269.96515604606566,1
46.68488432676245,19516.756843103933,36,South,Mass,55.85155966514234,1,0,-0.992256119261306,42.8456725678152,4,0.6066359399625213,454.3453832756963,1
28.075009597932628,41689.80282706945,26,South,Mass,53.0887819341583,3,0,16.950721220170205,62.54429219774702,1,0.1862556523944249,1.9196256268776608,0
42.584771393235336,67402.64765282816,63,South,Mass,36.330437128056246,2,0,28.10229577766,68.02846937716757,0,0.15909473832953375,70.80649813130371,0
30.69710299390416,25875.01032368462,23,South,Mass,67.0864794603727,2,0,-0.7694327435896575,49.12678636290778,2,0.4628262629765004,463.9958905956004,1
59.927388678169514,45308.287958496185,39,South,Mass,60.52581368307414,3,0,14.005560893957606,75.04958762483223,0,0.432873109052103,81.83651242248186,0
39.561548296795266,27449.84754568233,19,South,Mass,73.38402339786755,2,0,19.709535989551007,51.989208625602785,1,0.6012612799820345,1491.9890612323843,1
37.71609708068519,24412.59613365125,20,South,Mass,54.51023754013974,3,0,16.94410395528178,61.34766850796892,1,0.3438767375726217,112.38278562690589,0
45.758170736262166,30238.844587812575,24,South,Mass,72.59671949565384,1,0,17.247440546445738,56.27797338433427,4,0.47877046583134186,1397.159537034196,1
49.253275550342984,52054.14276573347,23,South,Mass,49.62743055234925,0,0,27.62881165095156,61.58161716276733,1,0.14913769382708952,92.50234220022797,0
18.66935343386842,25187.351525615257,21,South,Mass,42.83448089025754,1,0,21.21548097927997,68.80179236974338,0,0.22006521641083365,-51.32239961698275,0
57.26679422452747,19104.401033947936,52,South,Mass,61.15204672724525,1,0,6.36826029977037,62.92941102045922,0,0.6088394372983927,266.5748241358066,1
47.16120944629452,70940.28618919034,42,South,Mass,41.35813428997396,3,0,47.78138522469869,76.28310473600904,0,0.19536852186036346,-45.9916091540492,0
45.22473886171522,25984.206589708538,41,South,Mass,57.59870252041554,2,0,9.83978594293022,64.72077771198259,0,0.315995406417862,-50.03337918570284,1
38.3348499676486,27237.69067345955,50,South,Mass,70.52711571452123,2,0,2.80388590463728,63.35029569056289,0,0.6791467879589312,327.40347931431523,1
17.568097757721496,23500.95758390329,3,South,Mass,59.11144977967531,2,0,6.390219535340515,71.9144069692368,2,0.3288411687123709,394.18387354330173,1
32.80131920279278,39252.98071952627,34,South,Mass,36.14701165552097,3,0,16.613411227167337,70.49005674987951,0,0.16729159389968265,-27.04300766174572,1
28.66750990358451,24704.016345825024,24,South,Mass,34.506322677313904,2,0,11.847761410385193,60.3085471202403,0,0.24918952016390336,35.90045286435938,0
54.756563408538646,44699.10762430348,38,South,Mass,60.754002665958005,2,0,16.226535023069562,59.38768399900208,1,0.36567995506146095,56.24305439339821,0
22.476921983393975,25299.333992735483,4,South,Mass,63.99758809924614,2,0,16.816322164346353,70.81966867670597,1,0.6132445632819279,147.8690099584767,0
24.688306753137294,35097.07979862136,7,South,Mass,48.07897474120932,2,0,10.076486241139428,53.41972389777381,2,0.2323002332850938,141.54996796707877,0
43.40658703897326,58558.00965672982,44,South,Mass,39.36051912279159,3,1,40.19942434140194,79.33747566239629,0,0.3403605567304488,-82.43845125332467,1
49.44386422751075,21986.886828677016,36,South,Mass,56.46792879860115,0,0,10.45984510515728,58.76239565349716,1,0.41925839958693545,97.0347436861169,0
35.754542155120824,9612.631468990872,35,South,Mass,52.79973821020881,1,0,14.845553908484026,62.22802277036928,0,0.1575449437387929,65.96436412670802,0
26.90146019726793,17486.80994310908,9,South,Mass,90.24971076844045,1,0,28.73555914300809,62.32944816070581,1,0.7518396433745527,402.46781149747864,1
40.84175258283448,33851.87250030385,31,South,Mass,38.41045237724799,3,0,24.754912011757746,81.55020057578687,1,0.26435163568106274,-6.526036853855516,0
42.96715180749484,63849.48656723829,13,South,Mass,65.9373766027045,2,0,33.658001826675694,66.09691685843528,1,0.5913107141914843,340.58810749752956,0
48.13382709985339,51170.11565332396,20,South,Mass,63.493923053112084,2,0,11.072453068581591,51.66920219610901,0,0.4444511026915227,115.10927643042677,0
42.66844754685437,84446.4071583257,52,South,Mass,49.649592975169675,5,0,59.328400023383224,70.03838281910572,0,0.18008601661023788,11.944966075515367,1
45.94711072094455,34447.23734809241,28,South,Mass,71.39319749823775,3,0,20.049782006941275,55.64655897515941,3,0.4472111814094777,200.67132545235444,0
56.4891659945801,20389.9543834683,66,South,Mass,74.85411951587314,2,0,18.55981829766342,61.277596255458214,0,0.5879027046802199,283.5176295985412,1
47.81187471659497,30107.24507498589,41,South,Mass,46.98867909449895,1,0,5.397623588705715,79.71797481043704,0,0.4030129687925082,113.75942644108028,0
18.910345287256952,30725.98087933797,39,South,Mass,36.60684628119895,0,0,9.177414643574462,35.58364809080851,0,0.342151084163829,-49.14476910203982,0
41.88718919716391,30536.780892577903,21,South,Mass,68.9271663344764,2,0,21.926559254036437,57.17387602116817,5,0.5582051607502536,1669.5689845922977,1
45.93267599072192,24593.81752598447,47,South,Mass,73.52037614269695,1,0,20.454313005206235,60.655572830753016,0,0.6464366203367091,330.7973947045882,1
24.816585612610368,30376.77570168602,29,South,Mass,69.14978732488343,1,0,17.412040591698762,55.382508024663395,0,0.5611475227422376,19.372007027179706,1
30.695593650405232,28266.98018411742,41,South,Mass,54.737735044871826,2,0,24.661574727948615,66.39551024761701,1,0.7319593080514524,192.39082615951713,0
55.73359084324892,60078.42788336759,45,South,Mass,43.920182283622374,3,0,12.903467226134833,53.127191090943896,0,0.26096074113154955,9.229601993516695,0
52.46822965358756,77358.35523061393,34,South,Mass,56.79782818098957,2,0,30.60171395680069,68.66737904559196,2,0.4811975438332072,135.10693808643703,0
78.77415748893263,11513.74654431846,89,South,Mass,79.45744628999094,3,0,8.90053624942288,71.95425642108127,3,0.6876444392343393,642.873204185887,1
51.06404962785658,63345.045897735894,45,South,Mass,50.068498797353584,2,1,43.080122700187516,72.43876704056856,0,0.46622472443287577,165.35473891378106,0
43.846995625487786,32960.007038462674,25,South,Mass,54.397969889203026,1,0,1.7440868310519608,55.22221534546503,0,0.4335773782038186,56.72111507997167,0
56.06955550579506,26308.441210080553,42,South,Mass,63.51995402920621,2,0,9.88033241125201,53.30984097590044,1,0.4192622062379053,135.33001172715507,0
23.97612946404414,39504.43747282069,25,South,Mass,48.776766374976894,3,0,9.16051105572977,60.58783214227051,1,0.21671191713763796,41.69009510873414,0
41.02817785161206,20142.753118793567,32,South,Mass,58.73449563527969,1,0,16.03264543753057,62.34854563189683,0,0.3300949148669679,67.93873392318412,0
38.65205851047663,29588.350533688907,52,South,Mass,73.2887436538591,1,0,5.561457451033748,47.24683661826161,1,0.5544301006870118,140.10107229564363,1
38.761421747444324,49127.979674445436,8,South,Mass,43.755602806293155,3,0,14.593433498696236,63.46941458030048,1,0.5584047407068767,137.40117712275844,0
29.769725275597796,82545.4838161566,6,South,Mass,58.32522402421331,2,0,56.85884006087018,64.02143519610323,1,0.4028188873277841,285.2144779558233,1
48.511881924889614,60676.7144796185,32,South,Mass,49.348796588551615,2,1,36.425552576805934,68.8961170531849,1,0.40133103242131757,113.7945275865901,1
34.90774755183925,34896.36891844779,10,South,Mass,55.05197040008622,2,0,12.614359730112586,71.54226248947741,1,0.399566050421048,190.0954853095399,0
58.12242805283897,30427.45826666178,62,South,Mass,58.310327692350405,4,0,5.230306945282106,58.86333296309566,2,0.49632528101862433,142.5593026046013,1
41.59019828721378,31623.270406382348,53,South,Mass,66.39973414671759,2,0,14.130557330109214,55.08311415713086,0,0.48362424546827887,217.52045927943954,1
44.27220377662163,19293.055433355614,24,South,Mass,64.3513889165731,1,0,11.789506530135924,54.5958162230822,1,0.6469929800741244,173.98376126923537,0
21.08232029482914,11590.091218304391,18,South,Mass,49.51167125914817,0,0,12.567360474759116,61.69584405020462,0,0.4213497879485899,-5.417606248745614,0
66.92149645993929,44888.42211448784,57,South,Mass,60.671062466471525,5,0,39.66656897216554,63.15110307406197,0,0.550972552863106,193.71237048887903,0
41.57283928268585,37815.39440951809,65,South,Mass,56.669429968939426,3,0,32.34555492671813,53.22968130768618,0,0.31821245344369387,-45.51663898293529,1
29.286458901739614,17495.380558253775,12,South,Mass,66.95938323805433,1,0,7.603660707408272,41.67534395637236,1,0.5369462697745714,281.0566935736592,0
44.180159204222605,29467.451202510518,34,Northeast,Mass,51.872690610570686,1,1,12.069202938422837,76.53597153199769,0,0.3353357430928957,-74.85601666521418,1
36.287834811382716,48560.95492195465,18,Northeast,Mass,43.19622770911808,0,0,-3.2648603094714694,69.97477045604032,0,0.2867627344356758,180.45765326999876,0
58.35590803525185,44810.73539588714,33,Northeast,Mass,53.594660050994996,1,0,7.7749373739939,69.25156316556314,1,0.2991154677204388,-60.34448255839996,0
36.06010327816587,28956.412601929307,25,Northeast,Mass,51.841862105043205,2,1,38.1063398024856,58.83698882587347,0,0.400723364686486,140.2353182823576,0
29.192892070887833,17799.301560014697,21,Northeast,Mass,47.810898438486305,0,0,5.060887714655374,47.966183328204394,1,0.45406313170659995,47.4539667214228,0
37.520942725753905,53293.89147243774,41,Northeast,Mass,45.22273474908312,2,0,20.275560881958658,69.62004173909394,0,0.29162837362343375,129.6314829853566,0
29.040237118331348,28532.77143361755,18,Northeast,Mass,51.22094241031958,2,0,17.97971164070758,59.977444893508746,1,0.4127569605644745,103.34457158547289,0
46.71956817885638,73179.39379570217,43,Northeast,Mass,42.286949309130605,1,0,4.751858020493003,57.77827371817954,0,0.2496284598657117,49.189766921143075,0
44.94887529889545,93832.93958661308,57,Northeast,Mass,48.68198774688655,1,1,38.47936460469138,83.9680961204766,1,0.32134938054221124,303.18558538381683,0
41.916408329980456,28411.517154015564,44,Northeast,Mass,74.9882275871149,2,0,13.953624667991791,43.25772757534823,1,0.6713964796245051,693.1972289819875,1
39.088789276740584,56191.50137645757,22,Northeast,Mass,58.04969594478855,3,0,19.353748268348742,64.4657996969189,1,0.4994710303185151,215.03022971299552,0
35.9494219041993,18640.49746171857,18,Northeast,Mass,77.62352126621148,3,1,32.77390689872689,59.58171974364713,0,0.603394016396215,449.65053662967694,0
48.522805028671385,44197.6139635821,42,Northeast,Mass,44.307539641328006,1,0,23.227547791936967,69.3344147454124,1,0.33535516168759294,114.56711644616607,0
30.875301075453066,17967.087570195974,33,Northeast,Mass,56.423236120597736,2,0,1.8220742065903455,61.740096724699505,2,0.3988417553370234,17.478640107564104,0
19.34714436897238,42791.688656172235,16,Northeast,Mass,63.2103187483325,2,0,16.82880197209061,60.58078266175167,1,0.2717164175765657,213.57712097639111,0
33.63451004555999,25359.600446202043,21,Northeast,Mass,73.42755324151986,2,0,32.22206893272478,58.277025908669536,0,0.6063636571308932,579.0990105002377,1
70.03300451837646,63997.468876621046,36,Northeast,Mass,50.77438690375331,3,0,17.796968324622117,58.399281967659014,0,0.023955379820162326,90.84133802019672,0
37.23834367084264,47523.12175663296,32,Northeast,Mass,53.126655412959536,1,0,28.165085588574193,63.61240761472623,0,0.3772227480005403,95.03863534996039,0
33.44189613314999,49794.82456696564,30,Northeast,Mass,45.33452064891952,0,0,8.473913622459627,63.63079623066155,0,0.2770618918916613,-18.455301742143064,0
26.340614081605636,31897.6400270549,11,Northeast,Mass,45.21550602826268,3,0,25.755023365575305,62.90838210430101,0,0.24604187197097876,-166.34810033328867,0
23.75103676750028,37186.204549415444,4,Northeast,Mass,51.903618873438504,0,0,21.92733088134624,57.913575289259455,2,0.2877844407547809,59.18077403071834,0
45.06379339362417,38837.44043384587,34,Northeast,Mass,68.51578792764735,1,0,20.274637228226794,37.29459408183703,0,0.7794290174746965,1293.9971225581057,1
33.24395513772218,34759.611793734715,31,Northeast,Mass,48.882533234699025,2,0,21.078421530637502,68.45610530976566,1,0.30097973314263005,168.7300285395213,0
30.076698678843364,13012.28860067125,4,Northeast,Mass,73.47335769940146,2,0,24.29496497941978,63.44144013481767,0,0.4208452517297158,123.18891687308378,1
22.556486967176475,53001.091579683765,7,Northeast,Mass,32.56161241956295,1,0,13.65129356847454,66.9654954001235,1,0.1156168663772848,-6.1099787338167175,0
25.356235251899715,16522.348062360863,12,Northeast,Mass,62.89128997604101,1,0,13.22453234436216,66.19848970611012,2,0.6007475828108901,356.53519524725937,0
50.90726422774622,9696.106554343114,54,Northeast,Mass,51.042444331738686,1,0,15.363050427011883,72.35832900376201,3,0.4806970343139205,133.23608260905553,0
27.26784200745947,23516.272897771898,10,Northeast,Mass,55.70725034080324,2,0,21.608774823085948,65.90617051222793,0,0.43700568207581314,75.12761947458273,1
45.277233170059816,57694.73115449514,31,Northeast,Mass,48.83919894139749,3,0,23.432866729313737,75.01725997671954,0,0.001676848130852171,64.55295771181312,0
31.392767943974857,20797.7947478898,38,Northeast,Mass,66.84027525279313,2,0,15.129154081253283,68.22310030220349,1,0.5682574060490033,195.05480592795232,0
49.299523284119736,31271.20080906027,72,Northeast,Mass,66.03926587850984,3,0,31.2158558929613,60.82547513279644,1,0.5679038166456741,71.98842782191693,0
38.00620530576647,48746.23759907133,50,Northeast,Mass,52.43820301455597,2,1,24.610170371159953,72.18100074914517,0,0.5083442221706257,48.69571310976687,0
41.99900536034103,23017.148168123254,31,Northeast,Mass,49.00109114788103,2,0,7.074129916750717,60.293125684443005,1,0.36827616585055706,17.97987353162648,0
23.08627390104684,42214.90240266397,11,Northeast,Mass,49.68848987973302,3,0,20.622859169370862,59.28726646340691,1,0.4223819259650391,172.3615465170161,0
34.15614067253323,32595.699357085818,21,Northeast,Mass,42.05315418825826,1,0,7.739926407017938,64.39033255783566,2,0.20185670654979548,82.65610525817888,0
47.20738402826839,82230.45212464978,28,Northeast,Mass,27.93673111270374,2,1,41.891803730984954,81.46531598440731,1,0.14104119864624975,58.148859251313496,0
43.29931536164747,28322.830626363117,52,Northeast,Mass,60.79792858882239,1,0,12.565721017169466,62.634440168634356,1,0.3640771717579248,-72.13228053600002,0
28.14541315306907,45803.68023946868,12,Northeast,Mass,29.83176127032465,2,1,32.4629720413388,68.29574388598412,0,0.18387393597837665,137.8877935722137,0
50.21297499537616,48943.402228254185,42,Northeast,Mass,72.07857931567756,4,0,22.127341513103648,70.0695674164625,1,0.5071646799078451,172.66591959453987,0
54.87477234963326,30680.68157597977,54,Northeast,Mass,67.38160142898701,1,0,18.900374166333872,46.20792675873731,0,0.45795121559777235,288.51767696079776,1
34.8759100611036,38582.7722470617,24,Northeast,Mass,36.707115909456384,3,0,0.28948757959966187,75.40920316220823,0,0.2678512772005864,-2.202015805649296,0
43.71378459138609,30296.604823303624,30,Northeast,Mass,69.4917820281614,2,0,12.220291850430911,63.18122103094751,1,0.48264248890281614,497.7091624831129,1
55.56604342966618,38341.908732387616,61,Northeast,Mass,34.29625778897489,3,0,8.525969739771728,57.43802894282857,0,0.2705799852146238,-27.23984115107058,0
28.168035899487894,47236.27574208499,19,Northeast,Mass,37.160862287084534,0,0,0.48771418060748317,51.38189749572862,0,0.24153379428788796,-4.4263792752564655,0
43.79020924659418,45167.38022882234,20,Northeast,Mass,59.50572513425058,6,1,50.51190604285208,60.12076807496784,0,0.3980326704782118,52.87492959054981,0
38.09161355126501,37266.3484634159,23,Northeast,Mass,68.39719937302046,3,0,29.483466197660185,63.34054973418642,1,0.38498037778080035,198.81796869368182,0
30.384907409346397,25809.62695633024,18,Northeast,Mass,57.574340521809866,3,0,11.111751988576541,63.84961500849082,0,0.3663190603468926,86.9152038847987,1
36.74250064163381,34887.865898922166,23,Northeast,Mass,55.415125447237735,4,0,24.05157492619616,86.29378512648567,1,0.29380551468723737,134.78584566233997,0
30.783069990179662,33290.96326005654,11,Northeast,Mass,48.72009388092731,2,0,8.627652972608544,67.06462150764273,0,0.39091838322550754,216.70610801855207,0
48.68779509208711,44783.43759993594,40,Northeast,Mass,64.88404066205557,3,0,23.492371058039115,76.3747803227245,1,0.6499266374402446,43.51462857546838,0
57.29964649820853,19624.88291803369,40,Northeast,Mass,65.04519484945935,1,0,11.086987597005947,39.49934218814653,2,0.7141686430476948,34.89659478057246,1
72.64012820313943,50926.724568759644,42,Northeast,Mass,55.225440459978635,4,0,20.68501750049919,65.1015460490265,0,0.4357811470757117,63.91540952236926,0
26.59065196366621,19973.650103266693,13,Northeast,Mass,51.86946058684428,3,0,11.734554162861382,56.38277941638466,0,0.34959449583776114,193.69319258208606,0
34.546184966871806,66767.70503954776,25,Northeast,Mass,41.43060618022584,3,1,29.062977287879036,66.77166576089301,0,0.22490614304781775,36.987143560185444,0
33.93355877032071,18819.09139796353,38,Northeast,Mass,59.30697854527826,0,0,3.3709919796647494,72.74255644508898,1,0.5486625004851418,207.20037160350347,0
35.544251741211305,19167.392510749643,15,Northeast,Mass,49.44448489672408,2,0,31.620174046495958,62.13079354387181,1,0.6385209009987785,103.64473681191498,0
30.590325735901857,17253.596055026304,18,Northeast,Mass,64.89170119965011,3,0,23.29513739725116,60.384133338809555,0,0.5849102231021462,245.74798842951182,1
26.222176679309108,33615.956794277394,13,Northeast,Mass,58.422810200135515,2,0,9.416114319547727,64.72016564470921,2,0.3357010558494668,131.4420985504343,0
43.36391005373302,65942.33122018534,45,Northeast,Mass,55.276351595498,4,1,51.88548469989251,69.07684899091261,0,0.5815357746318207,128.69079237667637,0
34.55647166205579,10663.853330891365,14,Northeast,Mass,64.93837530127786,2,0,11.556097491351188,46.86649928399323,2,0.6264296439690722,985.5240274827279,1
45.01091664294811,39953.21775360843,18,Northeast,Mass,44.08002407802255,2,0,10.568893471591736,58.91048055783833,2,0.43987174207119356,141.2462436208628,0
44.87480077128693,29978.18902958185,26,Northeast,Mass,63.17895772136296,1,0,25.14812356205281,61.54045146041413,1,0.5164617450227562,394.46051944707216,1
32.03804077946126,29802.542374342414,5,Northeast,Mass,37.77792001766331,2,0,12.420787800605416,58.077425689860824,0,0.14289948777956252,-104.06676631048654,0
43.98056813122714,31417.539398133726,21,Northeast,Mass,76.38016693338699,2,0,27.660096784100624,54.53936158016553,0,0.7733497620823003,568.5132625869356,1
32.50131259842044,47832.19909021694,7,Northeast,Mass,49.47175895708145,2,0,18.53635076354335,51.326267302588676,0,0.3815145666088399,61.88889313643418,0
34.34692618399929,34295.85771203425,18,Northeast,Mass,64.92865627961125,2,0,15.730029272265872,61.9806195841052,0,0.3122025600736126,124.19124019848795,0
49.05000701112997,17079.329209005642,28,Northeast,Mass,79.79482571179668,1,0,13.056941873688546,44.388728075716244,2,0.7459969063625382,748.8344398302445,0
51.44351263907586,52469.1692033379,31,Northeast,Mass,39.79639938364596,2,0,11.936295419435638,67.90745711546084,0,0.10405167338802307,-60.27230345816659,0
48.89334296798144,57496.95610506739,46,Northeast,Mass,38.625056654391024,2,0,17.235952603415484,83.92124748947032,1,0.2433842419537119,86.40186800250484,0
42.72345122206262,21840.81247034415,11,Northeast,Mass,60.97489910220938,3,0,5.69215625920136,56.462782878051115,0,0.41173024199763125,53.15702705222728,0
53.59255647948892,46302.44885332676,39,Northeast,Mass,56.27043498123712,1,0,15.806476339161085,56.87006741242617,0,0.3981640389453512,83.12248064780104,0
48.00634399700061,50268.9980454563,45,Northeast,Mass,62.82949756929131,1,1,27.37982348694242,67.36352106662592,0,0.4611642426907154,-92.13423630848777,0
38.186775851516806,36175.247620365684,47,Northeast,Mass,73.78182018270603,1,0,23.527043752686936,64.9175080869021,2,0.5391293000710244,331.43950773058634,0
46.58540846238405,27192.45513536681,36,Northeast,Mass,68.05387255294401,1,0,21.064044071784767,42.3442988298262,1,0.5534652864226867,630.026053090165,1
40.848103515567914,-1090.4747622567666,11,Northeast,Mass,50.53850434252877,1,0,0.381811661899377,49.28866982241748,0,0.3968288406157701,170.5511715727863,0
27.329949094820044,23495.184611760575,13,Northeast,Mass,63.19594020887915,2,0,14.201410976247898,57.68944244892974,1,0.5344554214236392,141.37665702347437,1
49.77598381095559,38260.42197001109,36,Northeast,Mass,31.963216827969568,2,0,-7.597772480040639,67.72722408340032,0,0.2128091147031137,65.60239462629187,0
55.151682812636885,54221.00179700642,45,Northeast,Mass,54.772382934375386,2,0,22.66376006512401,60.34611629738805,1,0.3532052170980451,62.48329544732971,0
68.0567313895065,46609.089310229625,24,Northeast,Mass,60.18171501824992,2,0,4.382654238731179,63.75571520688659,0,0.509732486586204,44.20034593697741,0
42.799810045097125,21418.346286956294,38,Northeast,Mass,66.0252254531394,3,0,34.03342688446415,64.63485635814932,3,0.41199367473242,295.38940387292655,0
62.49548526447303,50511.37344413315,41,Northeast,Mass,64.23692288186771,2,0,21.717016064279115,74.64063093087884,0,0.38569329354534515,157.19742957442097,0
25.55582466512203,12984.758598086522,16,Northeast,Mass,53.909124167609306,0,0,15.878382962501867,47.794689802222706,0,0.409120122648176,6.569672829516179,0
50.94455878723309,36553.153616377786,21,Northeast,Mass,56.3027825892417,1,0,19.449764081958243,64.36863300975236,0,0.2045517491638247,65.54055121799672,0
35.79983609291024,43180.95148702781,40,Northeast,Mass,51.7109307406092,3,0,21.91133056580549,67.41601162962696,1,0.27764093843234117,114.99645706090841,0
50.917940527863145,28579.478162740837,37,Northeast,Mass,47.684285305778744,2,0,6.632974174895352,65.80927664160176,3,0.6219596418651925,119.70771326182737,0
24.896179970560404,22843.79151782897,9,Northeast,Mass,57.40172626574457,4,0,10.029511486846445,50.48742907108729,1,0.6523591555814794,452.98820326387533,1
39.61108332569477,41481.424258466366,30,Northeast,Mass,38.17027161355648,3,1,40.237908141841004,66.50995401285654,0,0.49116965921849187,165.02951502645487,0
55.81904997797774,29711.371057327622,34,Northeast,Mass,58.221468019364735,2,0,16.85638414190138,68.60191248692446,0,0.37469674700514044,4.517760060318864,0
42.4702078931924,47432.740794679776,24,Northeast,Mass,60.33256513356742,3,0,19.271000729777697,61.20783436956845,2,0.6317542685085077,224.13725096002673,0
51.5816469005534,15137.046487148586,59,Northeast,Mass,62.95967771651094,1,0,6.525479419973649,58.06337231479276,0,0.4967724113683869,121.36206000042161,0
46.53874304941435,39590.96594620889,50,Northeast,Mass,38.29322934990378,1,0,-0.8906506084827335,51.794995524934954,0,0.2370643614496965,84.05399504172917,0
45.493289801374935,33153.095109929774,6,Northeast,Mass,45.903435068128054,0,0,-7.214954937464718,57.20404598224273,0,0.2005889191901751,-106.00570263992242,0
27.07714762232218,35608.05938019258,14,Northeast,Mass,34.10327394226151,1,0,22.071516479499977,66.26248686424897,2,0.11927678749903159,5.176519625208101,0
65.14535396246714,21318.67119666052,50,Northeast,Mass,59.393723411346784,2,0,8.020196593678694,58.52624405502847,1,0.45072117055340216,331.33920277814616,1
30.000191928525613,17328.733607805603,45,Northeast,Mass,57.6160552984044,2,0,25.646563828745986,57.544734847568556,2,0.6402849079271699,200.59180425073026,0
52.74040592383274,45850.45084554388,18,Northeast,Mass,44.71028937446531,1,0,17.190485247360286,57.59954132713203,0,0.5889500279880853,51.86058292428166,0
44.17922835755188,14974.514887271507,21,Northeast,Mass,64.88720056882924,2,0,29.79455901125278,58.984795810784625,1,0.3640870829954774,233.7458531949872,0
47.15799216619948,42079.19395141315,26,Northeast,Mass,41.664342066077516,0,0,15.372043024884597,73.61354741609895,2,0.20903420211207402,56.128523494496534,0
45.80099500298822,53030.37954410676,36,Northeast,Mass,40.967369013515835,1,0,20.184209518939618,62.81439047062803,0,0.1650597928681545,-155.15233827668644,0
29.491950687309235,86845.85013804276,33,Northeast,Mass,54.32377073214058,5,1,49.53007815734008,67.03286581674945,0,0.3094106892196548,212.45138562792684,0
38.143547659538825,25621.264368263444,45,Northeast,Mass,32.73002456196167,1,0,8.895687485015756,75.75533983102483,2,0.3326581007933361,110.67246970978431,0
59.427646162738135,27866.674696614948,52,Northeast,Mass,46.41151035272008,0,0,4.036803204278078,84.6864821993681,2,0.35535060626944726,97.97859772893928,0
25.860802778095064,51294.68409785931,4,Northeast,Mass,41.05528241284601,2,0,21.412622960088072,78.24916525777314,2,0.333121155934443,114.76076374939528,0
17.812678050783514,29345.675052143753,14,Northeast,Mass,55.99488520047605,3,0,10.168459723430182,60.302528055302886,1,0.5093736765655487,138.111400435762,1
46.258503163427015,50457.7055952348,40,Northeast,Mass,63.34848250966068,1,0,24.57299612238713,68.81891029262427,1,0.20760295980602958,123.04967005767799,0
37.689026818328394,25495.589716791168,39,Northeast,Mass,75.72380829940148,2,0,21.948994793501168,51.1113935891761,2,0.7158517740274486,174.85227134937267,0
50.674918129938504,54560.65105773148,30,Northeast,Mass,43.22825053097092,3,0,13.799879742031278,84.88693221636944,1,0.12922414894739298,36.78440742050756,0
26.24029821572653,38343.05948659611,14,Northeast,Mass,48.79815478487717,3,1,14.796107758756946,46.89793164042603,2,0.4838444858441314,-37.77609327408172,1
21.71803398482379,35338.26887012823,8,Northeast,Mass,51.52623647655933,1,0,3.8124864415457047,52.55491688776684,1,0.3534962260936977,-46.064737070355335,0
38.8989058061877,26266.59986321974,28,Northeast,Mass,56.54367930947323,0,0,5.943031085597049,40.73830605435701,0,0.4332383588990402,51.39546267216886,0
45.90955589171822,6784.568624380467,46,Northeast,Mass,51.17037788946676,1,0,7.558166033209048,65.5491678487316,1,0.473152415142087,39.48967382901483,0
34.31705670615904,29046.828047205483,19,Northeast,Mass,61.70762172482052,4,0,28.562175253967432,52.96639078946664,0,0.49485514093739535,-149.38362669025108,1
32.17278245561309,33571.4986762451,37,Northeast,Mass,44.52658443496328,2,0,20.675395176712485,81.72032992693106,1,0.03498035757948054,1.2466389437886676,0
33.37834785503085,52879.06287375147,12,Northeast,Mass,49.465424194739185,1,0,24.553065810594926,52.797556666489506,1,0.554836873272105,-22.39479597419961,0
38.294890631406,38389.48440433372,4,Northeast,Mass,49.27499398807005,1,0,17.32972239548027,68.68134486165489,0,0.2825962038981699,67.53117514812845,0
38.203998371333014,53736.09069883892,38,Northeast,Mass,36.37565731218139,1,0,32.34709137237071,82.75735500717121,1,0.0,16.459372672812066,0
42.72198963187567,39704.08546756847,55,Northeast,Mass,53.182707780992125,2,0,9.16416675257866,67.37665084833975,2,0.18320092412293598,52.65220694188503,0
42.83279959256911,35919.87852578493,46,Northeast,Mass,43.98703631288021,3,0,20.870159361728085,72.00706592965344,1,0.320328784027721,101.67447994770623,0
58.92428450479669,25706.857716251667,48,Northeast,Mass,60.40848161623103,0,0,16.89699112382853,54.363610348597724,1,0.5522423147903428,214.4451872625912,0
31.368119432449213,33420.84111952502,41,Northeast,Mass,47.12868784428285,1,0,23.5389500732029,64.6887347345146,0,0.2051609866675669,103.68923076170061,0
56.441301549657695,31224.676044133976,52,Northeast,Mass,73.68807186349473,3,0,9.626014642732223,61.28886360818485,0,0.2655439714468734,9.128922061457473,0
31.241011760055194,22135.403030440495,19,Northeast,Mass,44.46013601520846,2,0,17.85007937142432,61.44136514696175,0,0.31065773857730516,110.97507593132924,0
50.12996622983076,49355.986159642365,32,Northeast,Mass,48.37473844767817,1,0,19.159994741467038,71.7993944555341,2,0.21782712586573083,53.46284406657614,0
51.43208578483582,24886.455113884447,45,Northeast,Mass,52.47723639239947,4,0,13.702706867244741,53.86871889136415,0,0.4238851714772006,-31.213162221348227,0
25.608207847598592,61406.79021659748,45,Northeast,Mass,53.425658888493366,1,0,15.75413303200932,73.53803443414343,1,0.2735135063786343,23.48185928447785,0
35.3809165811616,20044.305609353905,18,Northeast,Mass,71.23794000992793,3,0,21.792564885134112,63.701884398581335,1,0.5755697555526854,731.7791654212824,1
38.735289180011534,19917.172653922764,11,Northeast,Mass,64.65318333077776,1,0,10.523062604069437,52.700312903308614,0,0.5590208724961292,55.53149612046303,0
38.818474635828,50546.56369644244,24,Northeast,Mass,62.20260238133393,0,0,22.956356801358325,58.465240019246934,0,0.42809943336447526,24.472150998928385,0
29.874604380239663,1061.4734491929266,15,Northeast,Mass,47.67923204227679,2,1,15.57460834491604,51.997130266124046,1,0.4843818359118571,40.0816410564598,0
43.9505890653188,3012.2392353966097,37,Northeast,Mass,48.80627865700439,2,0,6.159803110585518,73.58043306617186,2,0.3944775327341754,34.61146982714479,0
32.94613155610845,8821.617125583882,17,Northeast,Mass,68.54506282214922,2,0,10.041697539928283,41.082336580902734,2,0.6114197237998616,343.575192149555,1
38.749983340346056,88898.06667220556,17,Northeast,Mass,24.504804266268657,2,0,40.72172594460666,84.09120937895317,0,0.012485662045594814,57.49186253563903,0
35.89800683826159,20100.062811204538,23,Northeast,Mass,54.1750592889417,2,0,15.375316415887488,47.70672246043033,2,0.3200040728923455,210.13218344170807,1
68.80902195797076,50295.07375151281,31,Northeast,Mass,45.02721674563919,2,0,19.57609301420535,57.02015332737078,0,0.42158418628128086,34.502944277485255,0
48.44524147369171,55519.63238431417,36,Northeast,Mass,42.452817983319626,3,0,31.2036606173793,73.6405629866638,1,0.258709732575201,88.71203556307196,0
35.035556794076655,47779.53252685477,30,Northeast,Mass,58.67735203548632,3,1,19.223211457015058,58.80629683289651,1,0.39661887533513546,263.2759064091913,0
60.76448276542811,62679.778830289346,38,Northeast,Mass,46.72513282229498,2,0,7.258541912473605,60.80532950401183,0,0.1470983704465877,-21.156582851431182,0
42.4459299125489,25788.652936885344,30,Northeast,Mass,66.82593042459375,0,0,10.830609473921566,61.023143658942764,1,0.43572687358198947,109.4058520020634,0
49.752999369596594,57468.29319334757,53,Northeast,Mass,57.46915140054129,3,0,26.862840950170764,64.47033386890232,2,0.3504799180023788,223.63901998504284,0
38.29148629555497,15357.635146577828,14,Northeast,Mass,67.89152210305966,1,0,0.3078043814545417,59.39531236509894,0,0.6217418166518538,358.9040462943831,1
29.05666400386651,15775.691583894128,11,Northeast,Mass,69.09998835923005,4,1,10.541492635360974,50.92641192474926,3,0.5297902365371623,119.43341385821068,1
35.980083446030854,24602.385158806108,40,Northeast,Mass,59.54344030129134,2,0,24.61989990379329,66.81710360914737,1,0.6991191908386409,222.7607187878289,0
40.70201909989493,33727.86913284612,36,Northeast,Mass,73.4622084622522,2,0,22.867490243524728,44.13539057472124,1,0.7141552703086506,533.9237789807854,1
41.27390893019601,48999.1424203347,40,Northeast,Mass,48.888104988676446,3,0,27.054345972302812,75.69330942910288,2,0.41579390323448273,62.34621355985837,0
47.881312413092424,44155.42140553315,18,Northeast,Mass,43.239907550723025,1,0,4.755239158194449,64.31587204528165,0,0.3022126583002881,14.82318657055697,0
34.93945259980663,23791.448636183122,4,Northeast,Mass,57.112493278976984,0,0,6.571981534814709,48.516974826755344,0,0.3260009163834028,149.7018308276165,0
37.46326772484919,40988.90341700878,17,Northeast,Mass,30.956515587083246,1,0,17.775629787146375,61.53616197857694,0,0.15899647928523003,-41.33399903303061,0
18.8473394250406,12903.57473069083,17,Northeast,Mass,43.73291009726228,1,0,12.325430219390153,58.962543854778346,2,0.3265395153266857,45.73006439403949,0
53.187991928019024,57053.33592777152,42,Northeast,Mass,41.60518185971601,0,0,23.119324982954232,57.6358059326283,0,0.23936109355956192,-51.86956372942947,0
40.41710967825633,31972.019083932915,50,Northeast,Mass,60.631454782406315,3,0,13.010262068347977,53.491684607346166,0,0.47389501930967104,5.98435351097848,0
46.38070330853121,20062.035841687582,41,Northeast,Mass,74.77783282361541,1,0,17.850694651168308,35.959008144363864,2,0.42072862124772265,750.0966017688295,1
52.70184409783125,20639.68542441787,41,Northeast,Mass,55.13370943610238,3,0,17.231274338987177,69.36854583379272,4,0.5056411447217583,169.63479982457432,0
36.257112875936095,18441.806702448383,19,Northeast,Mass,72.78378484611068,2,0,9.466625955324702,53.80547692098192,1,0.7348180305126777,586.2972317853654,1
39.73953264738293,53856.18650505709,17,Northeast,Mass,47.075141552594154,2,0,19.675680764937425,71.20038323283046,2,0.3619606108739377,50.392038434122895,0
51.37557379310896,42712.42879664066,30,Northeast,Mass,50.99596811560993,0,0,13.35252707408476,76.91206283754168,0,0.26418651031740426,22.189172749299303,0
40.326643107198024,27716.867553625234,24,Northeast,Mass,52.27534967290841,0,0,8.880275287648065,65.40008824719519,1,0.49132275831576994,123.79729802416264,0
49.41494790998203,28387.599190201436,40,Northeast,Mass,54.10067120696545,0,0,19.447926083667387,70.42520427687968,1,0.29689771894421746,131.61565163744928,0
46.75019316180148,36148.49833966165,54,Northeast,Mass,49.62907812045379,4,0,31.664362172219484,73.98794471188721,1,0.4735762123240482,-59.406814472803575,0
49.62147102598342,31189.7789434367,30,Northeast,Mass,56.602647599444616,0,0,13.01207264630929,58.28592689191162,1,0.47505014898398523,21.520856581671268,0
42.8546879860465,48171.11360968039,17,Northeast,Mass,67.16958130073427,1,0,33.94003436319175,60.82372751731574,1,0.4217295374923843,49.03349261302603,0
45.73017184919506,101481.89275258622,45,Northeast,Mass,49.64565737242548,2,1,16.22568582882914,74.28830120490062,0,0.11029771095813168,-71.78868027699966,1
57.06404751085175,18407.796541642067,42,Northeast,Mass,70.32562957529977,1,0,9.202058441030626,47.33343758390642,1,0.57014464352469,1176.874049953576,1
46.116454005271464,33880.6571540626,25,Northeast,Mass,53.13036650766922,0,0,11.698141797898225,45.40666538622604,0,0.6139937053109121,383.4458104936127,1
31.45432672772243,33281.226318543806,37,Northeast,Mass,56.321945023037834,3,0,29.51307414877123,59.458272939097085,0,0.48710013945754727,376.33196961479825,1
35.40186393923416,26381.561216035312,27,Northeast,Mass,48.956325430989395,4,0,11.840596583348416,58.22355593235906,1,0.34347672013307196,-20.17463763833763,0
27.896441706218294,49234.78030630547,20,Northeast,Mass,58.75704786897743,4,0,27.158822107427998,58.24074181920919,0,0.5158582741232858,261.8990263826064,0
31.192644070832948,20762.232978956155,6,Northeast,Mass,72.41252256185479,2,0,8.212496178716227,57.06037221950675,1,0.647875377147892,408.6293283614183,1
54.667861300082734,53404.301138125506,39,Northeast,Mass,36.77006347642275,0,0,29.57927025600047,75.93492341712151,1,0.0,41.84204865114356,0
50.01441614609155,57797.081757388005,57,Northeast,Mass,54.06675938224072,3,0,18.196480439613183,66.88342644088785,1,0.2702717451853829,209.66529449755456,0
55.73813209405645,50006.75900330421,40,Northeast,Mass,60.883278550249095,1,0,-3.6276610323438767,58.15490525329068,2,0.26031504237457226,160.35192935499202,0
34.019877228254806,36957.40421629729,29,Northeast,Mass,77.79329362614578,3,0,20.944385466585114,60.37712414074227,1,0.6217706539504381,215.9720245932044,0
43.78058258400883,60866.7867865887,25,Northeast,Mass,48.76706988898843,1,0,15.19198564887826,44.753904402151846,0,0.2800624517603002,104.82801704391481,0
55.89692824646937,46118.73546875726,52,Northeast,Mass,74.95766542872862,3,0,21.960287486933197,45.58545425279969,1,0.8018479459900647,166.7143980963949,0
31.82968163520233,21961.31612838302,15,Northeast,Mass,68.16680112229388,4,0,27.10086528317395,49.95680765801251,0,0.7161998421449278,186.19787724406717,1
34.081341952630865,70901.66896719606,39,Northeast,Mass,35.166804038545536,1,1,34.60506893994139,73.65230388699572,0,0.3325335514988932,26.64740157572234,0
37.42904242197276,9744.54856727137,49,Northeast,Mass,58.029571140234864,0,0,7.518611234599142,58.098649074850144,0,0.5759274319896786,180.97644193855933,0
38.117811318681824,22612.70520014614,46,Northeast,Mass,57.69142602283043,1,0,12.947585217864457,65.39493395735829,0,0.2034452128825062,89.57582665542016,0
49.8812472171177,25038.618135541292,41,Northeast,Mass,57.0503078971299,0,0,11.061515209927006,75.03089169126028,0,0.3265202901317095,110.03199599680283,0
44.90572286890524,70948.07015775137,16,Northeast,Mass,16.638200503189175,0,0,17.703879359557366,75.41640326759068,0,0.08356771539050711,13.697859973067295,0
44.75448522752629,11115.721822975538,31,Northeast,Mass,70.34252676718675,1,0,10.478483606079969,41.5624741283833,1,0.6056880740463528,647.373609153431,1
40.64620902189434,69667.9232828455,19,Northeast,Mass,41.28105570089052,2,0,25.06845176924874,75.12186904425124,0,0.238421954104871,27.04199578320808,0
32.72852360662513,32559.86291143684,20,Northeast,Mass,61.50965419355505,2,0,18.018937999454025,52.40100484084918,2,0.58823504203222,370.92242095151465,1
20.024087678732325,32228.224081145305,17,Northeast,Mass,59.26057339748842,3,0,16.290587667224965,62.85903657927218,1,0.547568149437313,619.3400688942779,1
52.63735764683206,26001.969135319814,39,Northeast,Mass,42.473956485625614,0,0,-5.1390748372285735,77.94946756178896,0,0.259613417758071,42.534448066382396,0
29.058204731970804,28079.93381873169,33,Midwest,Mass,49.8296378105683,0,0,14.498549622027118,72.4378154799699,0,0.3235622828520064,217.09088191483232,0
56.822706738923294,37235.526260094135,26,Midwest,Mass,58.31987827257499,1,0,20.259535952283684,80.75907050694698,1,0.36899889682509324,174.66244829417852,0
53.25487345862142,56189.36503880042,33,Midwest,Mass,62.72802614795952,1,0,17.49684335362604,67.56342314385094,1,0.5459673750774481,11.117944220258039,0
38.72335789316964,39316.41617191219,27,Midwest,Mass,56.96307707278285,2,0,12.668454089899967,53.54871200775695,0,0.2940151924723946,-1.6980203554027753,0
33.78917918269681,26801.884909905173,3,Midwest,Mass,52.05465767948823,4,0,9.437545251006647,75.09904234651846,1,0.4314736463741916,36.84886937643023,0
39.60864080455889,29709.317422612214,40,Midwest,Mass,61.415653588193166,2,0,10.251083987298259,56.977366691770655,0,0.230077924334207,48.94605689136466,0
49.82141507686818,13759.099930872035,27,Midwest,Mass,52.59774277837769,2,0,13.345936051468346,61.997622698308135,1,0.5050804521263562,-4.37284615722109,0
53.04846531723586,28895.98110423476,28,Midwest,Mass,54.918725775863905,1,0,10.814606561141717,69.30674969454589,1,0.5143514394843234,347.150025226655,0
39.34918548734652,22248.82099903008,24,Midwest,Mass,43.943485417004055,1,0,10.396479159920428,69.88275451099909,1,0.20844723816401428,43.75126702493958,0
45.61952248434079,14241.376077735596,27,Midwest,Mass,69.16087180266942,0,0,18.27544864407257,65.65198512856155,0,0.44818319248237354,138.5559678285627,0
50.73091518034614,34950.61559822974,55,Midwest,Mass,44.48259597779865,1,0,24.84142037278447,70.82302149884666,1,0.09511579163375539,385.8050524117357,0
44.15399722615159,31110.51873144992,35,Midwest,Mass,63.25648617694425,0,0,13.747070438005798,59.14333099462054,1,0.31853322618873653,130.76356252322628,0
36.60860675927457,30839.962051650728,15,Midwest,Mass,57.00125357752438,4,1,17.067587317835162,60.72727682298972,2,0.4003129810261472,-19.61287037701379,1
38.51782403669392,28138.845423193856,27,Midwest,Mass,39.876441033028044,3,0,17.987968322915897,74.05352981626775,0,0.09193018474515491,-135.61664519345203,0
39.257689438822915,6563.091326929876,17,Midwest,Mass,56.40619552500229,3,0,3.812443933380804,49.9205929274093,1,0.44128915938885027,117.76533951584582,0
44.63705103608811,38800.76812264387,44,Midwest,Mass,80.247918256188,1,0,14.522852250092644,59.52399647324894,2,0.6858067165351982,1326.3809761640396,1
56.491737227988544,20209.01414765636,35,Midwest,Mass,57.14820216800314,0,0,10.07793580819263,54.24322320959947,1,0.444079764605452,-164.86678131164507,0
52.3471518791762,28344.528758129,26,Midwest,Mass,54.56097311067443,0,0,11.324317699590276,65.39051857733158,0,0.6097647970845239,242.40771749208557,0
35.643703555921164,14037.663043815537,14,Midwest,Mass,95.48419678231178,1,0,20.570066699625563,43.77259290676692,5,0.8401483312329042,2426.3131452369325,1
57.24881601598845,35215.75452131573,42,Midwest,Mass,45.48368257146193,4,0,25.968166224681212,86.41732576409197,2,0.15852922398535219,130.96553895333878,0
42.541753452753284,13570.220711878072,33,Midwest,Mass,65.33107549893818,2,0,10.826413482298037,43.705954032834526,0,0.5845393137346435,173.18687284207834,0
56.01470633830065,98352.59731902348,29,Midwest,Mass,43.64727419279039,1,0,27.58418163334204,68.77822128028899,2,0.3334146176777373,748.6834264805948,0
25.246799692149583,28866.616226846545,13,Midwest,Mass,52.53357083125293,1,0,12.40850448960177,46.44344378761718,0,0.45024371776254357,89.13194580024168,0
18.77288222685479,19087.600816446946,3,Midwest,Mass,49.40968649321281,1,0,17.02581503212684,56.88644363183405,0,0.060645883408232404,-88.71680314496791,0
55.034490945419385,18891.012057423774,71,Midwest,Mass,56.40404841947765,2,0,13.898932644862384,70.42833451583256,0,0.37631672683347706,-99.31124154774938,0
21.35476169063225,23760.935116092238,18,Midwest,Mass,46.8374101614547,1,0,9.092559654068372,70.35622149463363,1,0.09078931630078835,75.42664071210086,0
38.27440874501678,18365.802269342847,29,Midwest,Mass,54.849010300698225,2,0,1.6175736222756072,66.86257945205405,1,0.41318409648361193,40.26725105107704,0
54.776566319679844,35350.45941949126,52,Midwest,Mass,56.88283092576436,0,0,20.197642338757248,74.14122341232274,1,0.40904351035858527,419.51811122799086,0
40.27499648977648,15485.013792309306,28,Midwest,Mass,49.57187563340749,2,0,9.437543259597891,66.57094712797767,2,0.2202143136291117,232.08598892653848,0
45.37592878648318,32967.18237721978,20,Midwest,Mass,45.770425748097054,6,1,34.78261847472725,76.56438678186592,2,0.3088733355260549,303.2155866511215,0
41.92553911505572,29828.869328009147,16,Midwest,Mass,66.15401489764221,2,0,24.646250214544686,53.0653310922053,1,0.32957125293192824,621.1966364847035,1
39.004374620755534,19419.393415619284,34,Midwest,Mass,57.16869096793493,3,0,13.171027300884516,63.98674802075831,0,0.34455777399280035,-8.669880374521256,0
58.58891743890138,14816.244170458198,39,Midwest,Mass,67.50051443063123,3,0,12.551089445132789,67.09059674939346,3,0.47977141271160473,-197.41886362390778,1
27.502568618895793,44490.121826216426,3,Midwest,Mass,44.34275524114089,3,0,18.029883069188156,65.48023292433956,0,0.33551853092190853,51.07663692027455,0
46.33857609484402,17914.937939341224,34,Midwest,Mass,55.64085948049608,0,0,14.184147647299605,75.45909164341319,0,0.5298479264329733,16.39262332636173,1
41.32656843838784,40666.016896352674,37,Midwest,Mass,94.30808733002998,1,0,24.923080262161868,39.22569238347536,4,0.7459084765270088,2524.4528472554957,1
30.691766992823204,31843.186999817644,24,Midwest,Mass,54.03021862083287,2,0,10.970158599737406,52.66762366244519,0,0.364959596142194,-19.38293976522465,0
42.69033418670569,46618.951651979696,11,Midwest,Mass,47.12232693167429,4,0,14.711578567499869,81.42782301918591,2,0.2191481485216431,284.9469986850713,0
51.044746333606156,31795.318658194483,14,Midwest,Mass,96.31234138121835,0,0,20.21824920924832,44.357705573735984,0,0.6006754314344805,1913.4674676899222,1
40.48635708363929,30230.77435055174,42,Midwest,Mass,49.60097152975912,3,0,24.57113038672298,56.218309633195794,1,0.2130039489993462,150.2292820163124,0
29.703707637885252,20608.470628153547,35,Midwest,Mass,56.475581288727064,3,0,10.368578799845164,65.09979549434874,1,0.42566652555637285,-428.24909998381565,0
42.35790782856556,16454.50915484152,30,Midwest,Mass,67.56246076996983,1,0,12.227964011150513,47.844461185346525,2,0.5511839576933887,370.16188529597235,1
43.44092983714121,22837.46226024415,26,Midwest,Mass,52.17654434739913,2,0,11.248858419483675,51.60077186762746,1,0.42594571901203304,123.73140024689454,0
26.48846735848427,4463.810302740476,26,Midwest,Mass,70.7532196393517,2,0,10.482633759932067,36.268491530422736,0,0.4796222714446931,67.82753804785779,0
46.13072620602378,30935.39528969341,37,Midwest,Mass,65.10895949996066,1,0,16.298051451026417,72.60179595816453,1,0.6385316996197843,89.73723798622191,0
42.67084944256121,45733.56341307647,16,Midwest,Mass,57.969302760906665,0,0,25.254137237233977,68.11164359519665,1,0.4408757472859518,-5.061762476700892,1
50.4956186198282,22675.012537679286,24,Midwest,Mass,50.97083264656978,1,0,15.135937450683153,61.754111759712195,0,0.29214486450139715,-30.573350841659533,0
39.08121498137567,21636.561198851843,46,Midwest,Mass,51.30691633729869,1,0,14.571449999301457,54.28776984314318,2,0.49661385884940834,96.17423396396612,0
35.55396632557012,21036.497342898438,38,Midwest,Mass,68.56715155702604,3,0,5.908258161736228,71.91405349260187,2,0.41690817956709914,812.1986725255218,0
54.99767576187823,29566.661777070232,57,Midwest,Mass,80.10083871507524,0,0,11.74199631517122,56.6394432099113,1,0.5203219034357675,1227.153088738649,1
32.866227364327905,33378.96033579602,24,Midwest,Mass,53.41544558478104,2,0,21.99701322832758,59.54976184027672,2,0.41700778738805233,445.39624875440455,1
38.781137950873884,25750.827395757253,35,Midwest,Mass,65.85999777706746,1,0,12.95781024725233,50.25669503373376,0,0.3831017193635514,543.4902371175347,1
61.257880186653466,23058.939626557258,42,Midwest,Mass,72.92708768594211,0,0,7.9448260348343736,66.4695600232053,2,0.5382139016910318,114.54253518992499,1
46.05717193851642,26637.48393231001,27,Midwest,Mass,58.42912570092157,1,0,14.155855837315292,66.15274046889033,1,0.49838276240151763,228.10461627399434,0
24.397832064665636,25810.237817969457,3,Midwest,Mass,52.34525886937399,2,0,9.490012130963661,44.56574693126758,1,0.5131964861609098,120.18852675536124,0
42.5106506878712,42662.09683855086,21,Midwest,Mass,48.44122792419864,1,0,18.916556587576537,77.71351664818975,2,0.3182204664741323,48.938042207509056,0
30.852582989309305,22519.419454385265,36,Midwest,Mass,51.47627754997792,0,0,14.567573918408488,54.44733682519694,1,0.40632510632902574,189.34591108267864,0
39.409210684698905,34448.18206229698,3,Midwest,Mass,38.81539896621223,2,0,7.194946868979553,66.73510360101733,0,0.2762349222707804,-56.206480840578536,0
46.85988920189729,14151.581346961706,43,Midwest,Mass,41.8138899386412,2,0,9.994180927565022,64.70129105187586,0,0.22321210339432238,14.632759651830952,0
42.043955214773646,15376.015796448251,27,Midwest,Mass,62.794311824028135,3,0,9.387570883133833,57.83439549006429,0,0.28181785472553167,11.062315109011877,0
38.516973620306835,23654.81417649114,36,Midwest,Mass,88.2109935283238,1,0,12.35131081425384,41.16732840916494,3,0.9737636630305779,909.8825230124924,1
34.041519875789604,19550.325892205565,6,Midwest,Mass,63.361178452610766,1,0,23.14809914150307,55.68332919507122,4,0.7239659493517817,697.5485175298658,1
42.96306760240877,30231.33963866408,39,Midwest,Mass,88.7848297645959,0,0,3.0504362080452765,49.43006964972604,1,0.8525496899695657,1550.0069319540398,1
39.50128560538629,13446.092103897223,3,Midwest,Mass,61.08097318911911,0,0,5.404022277132983,51.082189394244374,1,0.3788357194565421,210.7806004908554,0
30.525488024980547,28600.088695612136,32,Midwest,Mass,51.97831866232978,3,0,13.966339596354363,58.86674996602344,0,0.11338630232417751,-2.9848354571461186,0
46.63645989646829,7582.50954177614,37,Midwest,Mass,67.75114242495604,4,0,5.727491484826549,56.49816614767205,4,0.7426714943495589,133.74962560727116,1
34.253282235835385,39207.419813083165,12,Midwest,Mass,45.16159422899662,3,0,9.142053130695551,51.99465413518238,0,0.4226074718001663,61.87419657828147,0
38.527764129875194,32475.00578707756,20,Midwest,Mass,82.88369396347669,1,0,20.81705714799226,52.54568021933758,1,0.7820844149824735,2091.815008095272,1
30.871603594289716,31958.43442939898,13,Midwest,Mass,46.38750708228313,0,0,10.118522221063166,59.04752369357196,1,0.286673119491223,109.49863067417394,0
65.06337205823692,37524.4675084586,64,Midwest,Mass,41.94342385652158,4,0,5.011562264214707,80.97389390467411,2,0.2812968821766159,22.20765728916939,0
51.24434167497279,35905.63486426161,36,Midwest,Mass,65.97336399182927,0,0,10.015785747213794,59.11593287937817,1,0.4848259123674185,590.4581618992969,1
40.84430621939165,33077.20767536639,36,Midwest,Mass,51.3233463704494,2,0,10.765411900327965,65.19544533424464,0,0.43045258544298204,-4.168566071079567,0
72.39568638595783,43150.20111451211,72,Midwest,Mass,64.26274307394603,1,0,11.597109513622845,73.11306679292213,0,0.48132672586274833,159.81803596879604,0
32.562903142664794,34806.26074403432,17,Midwest,Mass,40.75462374150715,2,0,16.16114041226146,71.21294474869732,0,0.11581550336410268,-90.7171793990837,0
53.676157101114015,41895.03519033623,49,Midwest,Mass,46.05290633159274,1,0,8.841002722632831,56.67619509700496,1,0.32295128783170374,21.83343884822858,0
53.73814112020706,19925.750038995313,37,Midwest,Mass,60.24655723258575,1,0,9.612200548680747,77.61810276736531,1,0.31182227132966844,298.92084116558493,0
45.442989161151885,14313.801971728983,27,Midwest,Mass,74.71722880971083,2,0,4.397865632693458,61.64894167491269,2,0.5141539771734915,706.2206779169201,0
49.72787514423888,32082.71501633056,17,Midwest,Mass,42.34999188520989,3,0,19.539012354358515,72.78650115773915,0,0.5227182070073837,-940.426642736518,1
22.60041377217016,34404.09321773443,10,Midwest,Mass,49.03019343601202,2,0,15.399593862510319,77.14409131788544,0,0.1998218255767662,-95.91352819363414,0
35.57210787297247,13167.361776211936,18,Midwest,Mass,66.70213214545232,2,0,13.738367717372794,35.08873307360949,1,0.60303034343884,-87.43899954716647,0
50.223087683892885,18837.14659048181,25,Midwest,Mass,52.68165281290273,2,0,16.723983319412113,50.265243744184154,0,0.48658216004441285,-688.7391296649279,1
39.94154687053137,27360.96879412984,27,Midwest,Mass,74.61002768423779,1,0,24.662486131198595,52.65396170920754,7,0.6403800215087436,5152.831279253219,0
47.97468340649692,10416.616814774876,51,Midwest,Mass,60.263941974026515,1,0,9.281771569185592,75.30608409497492,0,0.4470740108435313,60.50833482041682,0
23.254329446759705,31590.364317027255,21,Midwest,Mass,56.55437169593639,1,0,4.1081064309615485,44.82733236028116,2,0.45636165635077314,-129.71099289162385,0
20.050701687427434,15330.624295229582,21,Midwest,Mass,71.34133662538017,2,0,8.103230456046173,43.04866970912218,2,0.6535533709838771,1101.5677794821736,1
59.0848941803649,33156.058235122066,38,Midwest,Mass,50.44213085327271,2,0,-1.175911992368734,69.06777705832154,0,0.24529305860325068,31.603767330989115,0
22.64734870515018,25647.361980935704,19,Midwest,Mass,55.23691413953079,3,0,7.434191254723867,72.06598682432448,1,0.39099186005707953,10.483138917712608,0
53.42268098032981,18244.17325956736,30,Midwest,Mass,69.80270729158235,1,0,5.415393410161849,63.39814920278063,0,0.4034843627690018,82.04610007017786,0
48.85741051177182,29998.797209313896,34,Midwest,Mass,71.8669925678946,1,0,18.741074681632735,72.98379309319789,0,0.6897502183949995,160.61928537143692,0
32.87860288926128,13503.635096097401,10,Midwest,Mass,50.836130690739225,2,0,18.873893577785232,48.19282129566858,2,0.44264225452403727,133.1016005989363,0
45.99081224843648,31379.87294976574,38,Midwest,Mass,78.16755110690264,0,0,10.647195750918172,60.56702217960345,3,0.8122269252377012,1074.6274057878998,1
29.49297700522636,21457.35011224822,9,Midwest,Mass,83.44502555723841,2,0,11.763883228039514,41.65729933806213,3,0.7549148753129096,2451.1397704031715,1
36.88797886944052,23595.44928426123,18,Midwest,Mass,63.181109723910204,2,0,8.383738357020047,40.72820594920637,1,0.5965683832402037,246.4046628617661,0
36.04671162939278,40936.29112087765,35,Midwest,Mass,41.290945158490395,2,0,16.613394456771925,62.5321533680908,0,0.3907313106687034,-174.97825993287427,1
55.674756689228964,110207.15587415543,30,Midwest,Mass,40.20981816410496,5,0,26.53652062058489,63.708794278404504,0,0.20794657839976677,417.80234782570705,0
48.01901159335175,35846.94293373911,30,Midwest,Mass,38.268087626953886,2,0,14.339021225699208,66.72546248132019,0,0.37278861692008847,168.4397897738494,0
39.09014684222603,72173.65216861041,24,Midwest,Mass,40.462344720830664,2,0,28.346596257576813,58.80499508655845,0,0.3201621392407843,-257.8997481665674,0
41.820972769317805,45343.31135117693,25,Midwest,Mass,31.796986212820265,2,0,21.996727526483866,73.80517638229348,0,0.07303919469500658,-131.69513453965288,0
37.023918745130665,34636.86612825673,7,Midwest,Mass,85.74258273537095,1,0,19.252870341814713,41.29033720057264,3,0.745333705745348,2033.4450387242591,1
36.30858979093732,11440.950007621454,41,Midwest,Mass,73.83920746260023,2,0,5.388407827529486,53.833495821830546,3,0.32295113116778607,221.3655571879259,1
42.799794915235545,36502.53023851085,28,Midwest,Mass,46.96251054105858,1,0,12.673973507525295,69.93065716949312,0,0.2781006272333103,103.35118719399014,0
38.60723588538964,16142.112535709952,30,Midwest,Mass,65.7803015915589,3,0,3.650390634094329,61.690390052530304,1,0.6557586350528712,476.62692734121663,1
37.09571363266571,24883.844948966704,34,Midwest,Mass,52.374764448007,0,0,12.92794308723484,47.414038168329554,1,0.4414346797548875,291.36808672300504,0
35.73363993220194,35188.85991312093,16,Midwest,Mass,45.26583738705659,3,0,19.613785622229173,65.3830722433407,0,0.001002957689103079,86.34971906959908,0
41.9596161798636,45470.10131830468,24,Midwest,Mass,74.73901348764522,1,0,18.865331410113846,57.91792223515778,0,0.7055753379312719,1408.8762538635758,1
46.11095486712667,25342.118262420634,25,Midwest,Mass,67.10276241383937,2,0,10.51876872528109,63.70063786314261,2,0.6039980690194731,787.3991010397306,0
35.59222370574624,22368.660640516828,24,Midwest,Mass,39.77512727634733,3,0,6.415381226931862,70.17120255229824,0,0.2508675600762502,213.97666219320365,0
42.74841363240485,7791.922192972175,26,Midwest,Mass,77.35960371911449,3,0,6.6349856499367625,51.09929092130311,2,0.7416132654023546,565.908788094776,1
45.64036128156225,25716.24281940815,46,Midwest,Mass,64.52438272295102,2,0,14.24314888752878,60.290053053372084,3,0.47965438850046177,598.3589080758119,0
35.16499470111178,26549.604377739808,33,Midwest,Mass,78.13677484413373,0,0,11.682348339494927,50.12949219057385,2,0.6997620708481035,1355.1253887876649,1
66.21540618759344,51308.617932574896,60,Midwest,Mass,52.93611206421084,0,0,22.62434625610299,70.11604634818445,0,0.2865076282873579,271.5063467246302,0
61.51663101931608,26925.405115605558,63,Midwest,Mass,54.64748914002065,0,0,0.8014723467915683,51.801462898819636,1,0.4469702777292296,81.76411713935408,0
58.1916094063487,36727.747089072305,60,Midwest,Mass,57.283404828533776,3,0,42.38613891704982,70.32198191502832,0,0.3225328994251513,185.42537049548608,1
34.34352731584447,14454.316614031286,20,Midwest,Mass,76.9488171208772,2,0,12.071098149743433,37.871737653146006,3,0.9004657680677005,949.064404802098,1
24.242372757595533,22161.45762703647,23,Midwest,Mass,57.85934078748392,2,0,20.211434287062296,59.038876759972084,0,0.3341535951879268,145.92428825691056,0
62.17332652234507,39397.930343982545,55,Midwest,Mass,51.090763702445464,1,0,24.208585789865268,55.265911354509804,0,0.4622308943441841,-2222.336155013323,0
44.41314254382497,30913.03177400919,43,Midwest,Mass,78.12611371495706,2,0,6.713377136070607,42.707128965554574,3,0.8789979219820647,1283.8883274865466,1
40.09767891397824,30382.427081915874,33,Midwest,Mass,55.686626823733384,1,0,12.3956326741224,60.37117979346238,0,0.3428889419870943,122.66485087476471,0
53.068367558251,31132.30675137434,47,Midwest,Mass,48.018873355896076,0,0,12.471621119445635,49.94890530583431,0,0.1554845262110276,-196.9008914474776,0
61.315979577467644,56813.352420313466,66,Midwest,Mass,56.038346401978814,3,0,36.89866297514809,72.03614031630377,0,0.37503563730082595,140.89557228997634,0
29.107942633522107,31008.10921627448,11,Midwest,Mass,55.098134540266216,0,0,9.250313889340841,51.23539290391358,1,0.3281207128734898,118.47817875322443,0
39.45578178687928,84820.5405211789,33,Northeast,Affluent,45.790668696171885,1,0,6.837728369042466,75.71279760873938,0,0.21484331547860414,142.94755673706376,1
28.203253776897732,126789.94040462442,15,Northeast,Affluent,40.2075725254431,4,1,51.57117108279141,78.28452794382058,0,0.1466696248084083,192.6322894486407,0
45.66849087317796,12284.541068630795,30,Northeast,Affluent,75.19007427988755,1,0,12.312836580089915,43.631298887707814,2,0.6742697435276683,535.2550418172962,0
20.834094059198506,82727.21484247551,18,Northeast,Affluent,47.10033565580253,2,0,21.91443945570119,56.788447887787,0,0.239024950437091,111.3614492130192,0
24.763253604369336,103106.70548128913,35,Northeast,Affluent,51.47899716347492,3,0,14.424426644997666,62.085765918811774,0,0.3188320044548998,110.43710433809264,0
44.37829104646892,30995.87210460155,24,Northeast,Affluent,59.70930304279077,3,0,21.525911235439278,51.579485477393064,1,0.46135254813124527,205.6331016275102,0
30.149129275419973,13878.947637883459,36,Northeast,Affluent,57.009317772185675,0,0,13.024325499242408,61.08019671994422,2,0.3991427588259534,219.8864910778309,0
29.99913672791778,45302.682586801064,12,Northeast,Affluent,57.52943981796432,3,1,37.65997825478109,66.98638552497165,0,0.6088530678566488,256.6787418821341,1
28.82314880859144,60954.60454131365,21,Northeast,Affluent,47.02902663205002,4,1,26.185390922965226,63.39007973593606,0,0.35607179580922893,173.22633005239288,0
24.324361015047366,41629.12961131733,17,Northeast,Affluent,40.80787501649414,1,0,15.790972881278208,68.81746803888667,1,0.3615229706543949,121.69818051272271,0
43.55464160668507,37601.84280415662,22,Northeast,Affluent,60.41090262957993,2,0,24.191261097511976,45.332913964277076,0,0.6160657080119247,133.98685582837413,0
29.747395351854472,117983.52047852582,27,Northeast,Affluent,33.59108388731651,3,1,82.36277845022703,79.85324102726811,0,0.2062193007201212,66.92115906442457,0
29.93999677497728,65360.42401521919,20,Northeast,Affluent,46.13099994306472,3,1,27.342613811733592,62.10665861960696,0,0.34236768539563056,162.2072879416249,0
21.6568339816007,15853.779366836388,23,Northeast,Affluent,71.86399994257403,1,0,21.01881388782023,53.606661490538755,3,0.6974908878742068,450.8694385229712,1
45.11946809180884,59738.703603539005,41,Northeast,Affluent,45.50539249198731,1,0,15.636974448364587,56.549937165458616,2,0.36863992437496834,112.94460920122918,0
33.161718377359804,10079.022772879813,20,Northeast,Affluent,60.511668678489265,2,0,6.526292629755444,52.710178589789884,3,0.6837151870510119,274.74855694246617,1
27.4165118288986,24718.765105194227,24,Northeast,Affluent,57.17893043249387,2,0,13.24354336126427,52.91524346233316,3,0.5251463248641894,271.9394659555731,1
43.815956080843875,41906.78641802137,27,Northeast,Affluent,48.16463240928455,1,0,21.897580092406393,59.123144982201964,0,0.4545766924721718,179.52098391488101,0
37.604024372938646,68448.74391904732,7,Northeast,Affluent,36.46483180709707,3,0,20.52554685725744,74.54959934943939,1,0.23293605356232183,132.0977884066234,0
29.396283769604295,28724.10648429809,19,Northeast,Affluent,49.911208894499104,2,0,6.538932824064743,58.248534969904135,2,0.5477748751737685,70.96433791429607,1
34.09053648315163,48188.29974570071,24,Northeast,Affluent,52.90100129121542,2,0,15.506918549072733,54.58338008437065,1,0.4635070965848188,103.25439191750745,0
50.755845948531785,47636.3239582165,30,Northeast,Affluent,54.518041279979855,1,0,10.260323078035308,62.92327870298246,0,0.26482781914915243,98.49085199813993,0
50.69192146978974,64004.77937600328,51,Northeast,Affluent,57.213656759507,2,0,31.13787679052821,59.073499141277935,0,0.41873646036734474,108.26905024454399,0
49.977979714249464,81679.01110485122,49,Northeast,Affluent,43.04140305150553,1,0,14.415453020563248,71.67085898101445,0,0.299091557927892,7.418521809355866,1
32.234695110431616,27738.10841188934,25,Northeast,Affluent,56.39084302962926,2,0,21.864722596478902,57.02844519730665,6,0.3949750101959791,304.17813309500747,1
48.32444111959709,35752.1101438913,40,Northeast,Affluent,54.49170016015534,1,0,10.56902988153021,61.172647883326256,0,0.37906429466130304,174.664551656603,0
48.31757266863326,64918.453971817566,29,Northeast,Affluent,63.203828411083165,4,0,35.73230534433288,50.01020305532016,0,0.4460458998465989,193.9931402566329,1
43.62022329082554,54501.379417955,20,Northeast,Affluent,58.12523943344221,4,0,19.49540147761458,57.46047867932433,0,0.3772379476989864,121.73721869685178,0
35.264225291799356,38066.08413094254,30,Northeast,Affluent,50.59585264393411,1,0,19.64374709113642,64.48523183027821,1,0.3997663590813302,145.08117820303937,0
30.010495506772088,84437.35632274041,31,Northeast,Affluent,49.59205653135115,2,0,17.1403926719781,65.50369544956133,0,0.206749548922416,113.7567976597997,0
49.27209715710202,38235.25626030528,26,Northeast,Affluent,61.6665841033614,4,0,20.29170397835627,54.00989718921668,1,0.4503301549141726,170.0730140077227,1
44.36977291262547,66153.02532448436,25,Northeast,Affluent,56.482389037975345,3,0,32.71914641598796,44.04525390506546,0,0.4277337360906741,176.9461562999915,0
32.80656693578502,51822.32417438731,38,Northeast,Affluent,57.247585067227014,1,0,28.529781746199333,72.44787145274842,1,0.39971514785549783,99.32666683532895,1
33.049973676528595,63670.08215845165,23,Northeast,Affluent,45.87598662245039,2,0,26.068968632634387,66.2528580274169,1,0.15909732744375982,70.37827536341172,0
36.281019078393506,57901.15105066015,44,Northeast,Affluent,51.52925634953873,0,0,18.16910138095171,65.56915569992788,3,0.5649413286689525,184.67840101283983,0
53.40590565599832,56209.38326175238,47,Northeast,Affluent,48.89638689491702,2,0,20.261320569815943,51.75426138066549,0,0.283674126271125,62.71088446289153,0
40.93689369765961,40624.56777160373,28,Northeast,Affluent,67.55852929079106,1,0,30.436249412881523,52.037190240375764,0,0.6578031330810707,422.4595243467568,1
47.1340394413395,43836.09188162339,43,Northeast,Affluent,60.35403115611946,0,1,16.082982638188433,62.68386110925988,1,0.4059176831008724,185.7708900054768,0
38.348912774411204,65920.4850478412,64,Northeast,Affluent,48.94484305433042,2,0,21.30978085110143,71.02510300714269,3,0.48889288793760965,152.0900561204611,0
54.5057801645331,68346.74614993209,42,Northeast,Affluent,52.533370053020754,2,0,18.667219223126065,68.86142908215298,0,0.26885826290775017,81.42608551064077,0
33.77127371980477,39066.66802469532,23,Northeast,Affluent,66.41907148396928,2,0,11.937271695922863,47.576645162804695,1,0.6266700338997704,466.07681152311466,1
33.49942662255018,25851.40552030173,26,Northeast,Affluent,64.22367913238901,0,0,8.467469390055227,56.31830553899003,4,0.6779312081211593,316.24189519879155,1
34.84779546232068,44942.645853010064,34,Northeast,Affluent,52.92111717244437,0,0,15.669467012281887,68.8162040334049,1,0.45242032062395904,168.4390644492894,0
33.42833036935304,55237.3884723217,17,Northeast,Affluent,38.402595798048424,5,1,121.05298444966482,75.63898913873179,1,0.2102490400743179,129.9053843768512,0
19.189784495414102,46519.92411964438,11,Northeast,Affluent,55.784399704655264,2,1,33.760553989688724,65.71741326392826,2,0.5739171310889926,227.5816385264121,1
33.856658922142614,79458.92734504904,39,Northeast,Affluent,41.35311116847004,2,0,12.951079328497386,71.6598034189307,0,0.10430774706882195,32.58725865975845,1
43.87316217508732,60487.2217053972,33,Northeast,Affluent,38.63568735897938,1,0,12.20770832857033,74.74718339192069,0,0.1484015943111498,68.44282459293568,1
33.969481738099994,180413.29891724698,44,Northeast,Affluent,30.544120198967473,3,1,103.88226914478729,66.87884680053108,0,0.1367030872318312,108.87301236040784,0
51.65642228285183,22055.67693732273,33,Northeast,Affluent,36.453293813172785,0,0,17.47673866585533,74.39430613670872,1,0.2427738482497166,96.5457074463632,0
30.308417027323642,55211.09175421539,10,Northeast,Affluent,48.529161112562804,2,0,32.78266045211627,66.44964286036276,1,0.5098613819569413,120.10363402703298,0
24.20936956350108,121436.14149165564,14,Northeast,Affluent,41.28911431796271,3,1,52.91917622103283,81.48022838093235,1,0.23971576315559404,161.5173574304002,0
53.626500532923714,70982.14960897839,38,Northeast,Affluent,52.06127170286787,3,0,27.14035385808701,56.12410632486222,1,0.4471724357631663,126.87325267809813,1
55.797976428941254,64796.924057407276,52,Northeast,Affluent,64.51811561301733,1,0,12.568697884185848,57.932535383838825,0,0.13577818463437744,88.72196018340927,0
30.783922629199417,53829.05121995778,30,Northeast,Affluent,64.6973363386083,3,0,6.4156190394642785,56.785854609607384,1,0.5507676787979511,442.0177197800499,1
51.126409933444094,58864.50917596764,47,Northeast,Affluent,56.36863030303041,2,0,23.7973743854947,79.15288018255389,1,0.32066173357149724,98.27664050147557,0
41.29123237569973,65318.341230948594,40,Northeast,Affluent,56.66809040031425,2,0,33.06207891603721,50.11850690295579,0,0.520394814946368,132.7683618650245,1
54.62573366497864,40839.59888757191,56,Northeast,Affluent,63.81726817505025,2,0,15.189455863594496,73.14649125097218,0,0.3102365179750624,136.90934643757473,0
38.607393697338296,91061.56777803833,20,Northeast,Affluent,36.442255769676095,3,0,24.826056583739483,74.43399288225802,0,0.16986230973893993,45.48828363373795,0
41.538802877646305,53317.193240339395,66,Northeast,Affluent,59.19562409105616,2,0,6.674893434397664,74.95224661843785,1,0.24928564786221274,166.6598288980869,0
59.49662351247656,55552.17076023726,30,Northeast,Affluent,52.32452308759616,2,0,5.727947328815652,62.150618419027374,0,0.4113974243635079,79.45387708558556,0
24.380814909432914,48700.59578709913,17,Northeast,Affluent,44.96016919651815,2,0,21.541417908035882,69.7323991498238,1,0.32322478635164603,131.87742811099338,0
36.96334485679607,45934.821478857804,19,Northeast,Affluent,54.737475249082415,1,0,14.431304168568794,66.51407365424487,2,0.5232270311862601,222.07196831401458,0
47.172397992388134,48433.627399084,26,Northeast,Affluent,56.4734044489932,1,0,28.70569246642917,59.56677618452609,0,0.24921668909491507,20.432287757448478,0
47.4766566474057,54517.60150321612,39,Northeast,Affluent,53.17960676671322,2,0,26.090431448476096,53.60485429162734,0,0.4323943736873074,119.81533040739365,0
49.77726470848977,68934.78899375074,40,Northeast,Affluent,53.998631594196944,0,0,8.266117376187976,69.56926579375886,1,0.615975955441473,206.11117624376615,0
56.022165200147754,29458.26146635407,37,Northeast,Affluent,56.7233515228634,3,0,18.87653837171529,58.24690694127275,0,0.38914129290591387,151.32991400809735,0
29.929018569155254,55367.20997822375,13,Northeast,Affluent,56.83995541375794,2,0,19.389357928909515,53.27767102868758,1,0.49385923622148764,133.82040216442624,0
38.17736280141815,60773.12543683781,21,Northeast,Affluent,52.58063734151944,4,0,28.57244478946983,56.948184861872306,0,0.3445806669870219,83.74441537231861,0
26.308517888953823,18337.39749649394,24,Northeast,Affluent,72.90319005435808,3,0,9.0957158482178,43.37213146393629,4,0.5939694881798105,653.6290886369802,1
41.13831575832285,44217.71439104939,7,Northeast,Affluent,49.531692520236355,0,0,10.902613664105484,63.17524508320976,1,0.3247569132428726,132.19009994264775,0
46.54913999147416,34107.78824124721,39,Northeast,Affluent,54.668392558872235,3,0,24.813425571868187,80.00742574188935,2,0.5339866198868641,133.93699844079475,0
69.34576178573009,90705.42295475122,43,Northeast,Affluent,42.209896933014356,0,0,23.952231865140277,60.461258433084616,0,0.4481512159661215,143.72129802523872,0
43.150200533144044,47048.92192758706,47,Northeast,Affluent,56.32669695258576,1,1,27.399944029304105,77.44878728275654,0,0.5562151100722521,140.65710796079236,0
39.11349435222536,57896.612375604294,62,Northeast,Affluent,46.93353483221903,2,0,17.847435112002664,86.34667117586183,1,0.4133913416138313,94.78708093831953,0
28.771394758337035,3811.376122717338,16,Northeast,Affluent,67.26982850838013,3,0,16.559090516519788,44.92617820076531,5,0.6712720918673187,515.3964665108581,1
38.30448191088032,61857.7672968575,30,Northeast,Affluent,53.57279879105315,3,0,41.016889140118565,50.879363942168105,0,0.44279060609158427,112.83655301094001,1
35.33125433432294,65173.844064000776,39,Northeast,Affluent,44.55937897123458,3,1,38.41610720195125,58.8187185457413,0,0.26612723786934117,128.68521934414818,0
42.74504291526039,63263.78368032801,35,Northeast,Affluent,52.502548463520235,3,0,32.3518072824639,52.99918749894972,0,0.47322658400283796,138.01997042429392,0
54.78461390398992,58986.25388254427,26,Northeast,Affluent,48.408223190405714,0,0,6.157367335095159,60.339043751965455,0,0.39365953076314947,144.36731455246925,0
44.15846593674856,49871.58341646475,14,Northeast,Affluent,48.08187501371229,1,0,9.312887798309903,66.17549122997633,1,0.39410052263802103,86.84758190625232,0
28.843138992997346,53314.84920309685,13,Northeast,Affluent,36.84199731883912,1,0,16.260091870426294,73.83524403629008,2,0.1315992275746889,27.204953022235316,0
44.77124007541766,63886.28587466595,31,West,Mass,44.85525232722263,1,0,19.776923623492532,63.38156853851768,0,0.07828515936731678,136.69595495363876,0
35.27204022321981,30982.426198200494,20,West,Mass,61.33759735720633,1,0,9.521039103209054,64.23173535336566,0,0.47794587245861686,167.68965198684413,0
46.682278065250976,20305.323491581734,22,West,Mass,81.84255536177503,1,0,13.022683293620545,43.13925237030031,1,0.6591184077556064,379.9256768962099,1
49.49817570917318,82597.15689123802,18,West,Mass,41.79673400272887,1,0,20.789328147975525,77.61687893236916,0,0.26054722623422577,39.7216583691999,0
33.72997773025625,41900.889722188425,26,West,Mass,46.85583997007752,1,0,11.286551304380119,65.77151034142324,1,0.3705017713385811,75.9112822362053,0
46.812381970657874,21782.13704571643,46,West,Mass,69.85791517282084,2,0,14.831925442285712,64.15951098801727,1,0.6491481411341044,199.95858286154652,1
36.63578289871475,42484.00947589276,24,West,Mass,57.43087942328793,2,0,14.718427982815633,73.55251219842575,0,0.24593838723839598,-50.00852849715827,0
23.948459637509202,35659.31763175033,41,West,Mass,50.918223540084036,5,0,7.824046933976371,66.77198486971372,0,0.2523067678266899,223.2414771034248,0
35.03890570644235,77451.80926709872,22,West,Mass,52.36176541296987,2,0,16.694336289776967,79.96647852988522,0,0.38849715961207887,326.44376104865364,0
39.055257768320274,21491.802727176568,22,West,Mass,79.477335432241,1,0,24.303277983378518,38.778315273886165,0,0.6560794573832672,412.842751448146,0
53.60441023035825,31389.994963993762,33,West,Mass,67.97351535069973,1,0,12.03194819777356,54.13927626235005,1,0.5499568809736807,304.3395155530777,1
38.05165959922025,49212.498605274035,28,West,Mass,54.03280579924089,3,0,14.152878804529738,81.36245083526924,1,0.4245409673172855,190.53806956891742,0
38.983753870465506,64074.844525813234,26,West,Mass,38.20509425795494,3,0,14.17904390615151,68.44469727364148,1,0.1131581869326122,176.38804480677013,0
36.18888919635286,3710.18970432923,3,West,Mass,56.76953880570974,4,0,17.81857072401302,47.92487266155699,0,0.5337591036664112,175.87426723712204,0
38.152771244328804,42262.774154680286,35,West,Mass,46.00471060267371,1,0,19.013614426296424,62.762767623775034,0,0.27071320399043497,162.17292231981156,0
53.062181641835586,57815.273820299735,46,West,Mass,37.249270178373386,1,0,14.810468389432986,73.17554026302224,1,0.2976406520754824,-56.197305729485976,0
41.59959045721109,36701.86260314972,40,West,Mass,67.11755819005751,2,0,19.302228571069662,61.87820098341797,1,0.3883895208811158,284.16788320289896,1
34.72913072552633,22012.52230709004,27,West,Mass,83.87475287579807,1,0,16.702942362977076,41.82443000719249,0,0.7455893851690116,635.4128127088676,1
53.4208064971597,65082.49525473948,36,West,Mass,54.671806570131054,3,0,15.089022639114933,62.358394626582815,1,0.24687967490999518,52.23644440306225,0
40.15014897318548,21337.52241317819,32,West,Mass,80.72945244567913,2,0,6.188479913789299,34.36808684586724,0,0.484974919156507,515.1210286984134,0
22.72146822231115,-3873.802769142625,22,West,Mass,49.334293457709464,2,0,8.378724923436993,47.17603630075298,0,0.3495101660710457,176.6997738196881,0
29.3517789297313,21118.860070096893,19,West,Mass,74.84609032685938,1,0,18.470754663330997,49.20613374705398,4,0.5043317757263805,508.19016406505034,1
46.407824684001085,37269.770350697865,17,West,Mass,49.4830649758887,2,0,23.11794979426266,51.86514760168926,0,0.3300303155475964,56.606390901791514,0
55.040372534990624,9958.312439130576,44,West,Mass,46.61734789041565,1,0,18.769953594061164,52.47797155108786,1,0.32711796560385387,193.73815799127118,0
43.674137956065465,23772.135943932473,42,West,Mass,62.07253597068037,2,0,11.907539165497617,56.78438857167041,0,0.36820636396594314,95.57153027231519,1
34.02046606512928,1116.6344867129046,12,West,Mass,64.33444198943131,0,0,12.35505687345049,58.25713342512916,0,0.5439984034840002,231.4373312538837,0
33.17336255146223,26825.24677725183,30,West,Mass,50.542707039864354,1,0,12.867259954225991,53.56005562611975,1,0.2988196854417121,15.45997341538336,0
39.080213758477605,26101.297433465348,36,West,Mass,76.11963494801327,2,0,19.843153595178045,48.813958198629706,0,0.6614948748240614,551.4067957600784,1
29.290413763789765,58641.27586310674,17,West,Mass,37.66827662277195,0,0,19.466005410335498,58.971925146607845,1,0.47017097716448336,39.083863583743494,0
44.45634365217795,29570.986643219836,36,West,Mass,54.35086011563362,3,1,12.919807540246593,67.62230610644133,0,0.2648706955693264,-2.104465150558724,0
51.005265837011294,31340.035934054038,41,West,Mass,70.69925384844652,0,0,2.9129755457810766,59.81989596281918,1,0.48425888258829086,236.11668858848748,1
57.33610971901535,28966.51676083322,44,West,Mass,59.205069473354996,3,1,10.189606981666563,65.10418421457449,0,0.3560207096127455,10.114211661890408,0
48.88513373664204,33030.415230658364,32,West,Mass,49.1251449379586,3,1,14.30276287878987,71.31247978350963,0,0.25408009052737707,94.98552810904712,0
37.69266984237041,1308.5558145852374,23,West,Mass,60.26072706013912,2,0,23.32993964078131,52.41195301627017,0,0.6149744961521845,140.34044310062134,1
47.54056606418636,20568.948588100036,39,West,Mass,84.80250612132012,1,0,14.804796676216606,50.390122256879586,1,0.7814935394773227,538.2382449597195,1
26.405315800064606,6182.73369387224,34,West,Mass,69.77110097335846,1,0,5.148262570167175,57.255030910227624,0,0.5903080590518046,103.01334008640998,0
45.04471521481861,13540.876602852983,41,West,Mass,67.50692098144746,2,0,23.043777069361802,55.74487814417135,0,0.6482855733936718,15.56246811289239,1
40.713565342118464,28117.681998508488,34,West,Mass,54.68825612452101,2,0,30.523991582881187,67.03832150521134,0,0.585075118795393,-51.15446637281249,1
45.24118960586042,12606.971177600935,20,West,Mass,60.982926051158614,4,0,2.47627026890936,46.311409979891415,1,0.4158754382154614,172.83682978441345,0
40.105164991227106,50072.93317114586,29,West,Mass,53.37643217479009,0,0,13.502006085407938,60.01892638623615,1,0.35998465887134895,263.34684315690276,0
40.653956639585545,57250.13828709614,28,West,Mass,64.64494263674881,2,0,22.1384372628765,71.75416963920297,0,0.3902486975552828,166.02476370070846,0
33.33671648800881,51022.00125985769,20,West,Mass,48.41970398967671,1,0,23.72140405607187,67.84694198358768,0,0.3030663729042743,50.7247855401296,0
46.620400439851984,9748.522583931172,34,West,Mass,69.96115218622883,2,0,21.49353169476637,58.56717230194382,0,0.39292663791349897,107.72611163116467,0
42.68768798998799,18854.568934180134,52,West,Mass,48.67397411075346,2,0,11.6184745743727,72.45280592658379,0,0.28043181579440757,119.62969743905252,0
40.68124175996371,29610.59307318188,25,West,Mass,77.91969630189362,0,0,11.29491290679606,54.2457523851619,3,0.6350398404849619,1866.7566158300676,1
29.242598747288262,13587.090527845994,7,West,Mass,70.60724088418308,1,0,13.653183964579377,46.70843598850154,1,0.49393355673156275,288.9638560762881,0
34.971314729293056,37616.338602565025,18,West,Mass,44.95739994959666,1,0,14.58906519183601,63.89121504269548,0,0.4753063477806686,57.95688549048225,0
39.92835974831718,13319.124985974799,30,West,Mass,78.93429327053651,2,0,17.042700303623086,51.122451589614556,1,0.8855291916372374,434.3444694162314,1
36.13245341849194,11629.24015656484,24,West,Mass,53.4079884874768,3,0,13.59023455492725,60.92753257982622,0,0.3852067751026078,13.633033027824041,0
34.94117208361493,23900.757168393004,20,West,Mass,62.625819529136436,1,0,9.313068161828834,53.270357382749275,1,0.42140360650554054,236.50021257400766,0
48.30280372765479,31797.638074790557,47,West,Mass,36.84872916223108,0,0,19.90126383213068,68.99400281238775,0,0.2619555438537844,62.30305808505349,0
34.02792559192639,17673.4580698586,11,West,Mass,58.422346702479324,1,0,15.837950582493843,55.60002484374487,1,0.3980731191310937,60.74660946662732,0
50.82312412917692,30302.373185372708,44,West,Mass,61.852150138516706,3,0,8.6633799552975,54.72646385907576,0,0.36068849933806885,95.53542460587536,0
59.989777799161104,34470.76839149103,31,West,Mass,38.68031739275648,2,0,18.964168784995138,56.155765224034305,1,0.3137666550344394,-100.93507296709097,0
46.275391287830736,9366.291344750305,36,West,Mass,57.38606379271089,4,0,13.423283802579014,61.26439038820345,0,0.6105824429248691,210.886887530468,1
43.230554594511645,8512.812925768827,30,West,Mass,56.341828471796966,1,0,7.295271802072392,52.40294316782682,0,0.3514075906683288,7.527232120428579,0
45.91652362929174,26838.682683305884,35,West,Mass,60.69648666494973,3,0,16.101118396611085,52.46985367031469,0,0.28812553944401637,174.95735246018228,0
37.364611586648785,25182.236112399252,24,West,Mass,74.55200400335644,0,0,20.373616817406162,51.788964612131515,3,0.4499429926367269,444.6196357383643,1
55.43873848291233,62408.31778280428,57,West,Mass,46.55959733711892,0,0,18.38403973117356,71.00565466871694,0,0.18841306138087485,-37.7748415039151,1
42.923386764912216,26379.13262526013,25,West,Mass,73.21701390140063,1,0,12.775008968527736,50.19553164440768,1,0.6085906855687064,406.7746664949178,1
41.55990808268553,24820.40721893167,30,West,Mass,82.80807698490356,2,0,18.77233938422209,45.1320787738677,0,0.7418345468874641,472.40163457887854,1
47.08315293701557,16737.901796263468,36,West,Mass,79.05468255752825,1,0,21.00731732076103,58.19390620779523,2,0.9017660616855465,380.0862831949207,1
44.619547963202834,30419.968327049424,20,West,Mass,81.14431695521463,0,0,22.389779333493784,51.626060091841566,2,0.8208494751964777,449.27819525367397,1
42.673229444115805,20000.329503209752,22,West,Mass,75.48453999887128,1,0,16.980153281602835,50.113062371302966,2,0.5634341208780629,1343.6143556656675,1
43.168020191551825,69742.49631377956,27,West,Mass,44.07067267610252,3,0,55.961723972201014,72.60186435510124,3,0.25285130940887657,256.75693190272244,0
32.314477307562626,35189.00399690872,9,West,Mass,49.56758407733953,2,0,18.387526650499517,62.87861527055664,1,0.3059455898583204,9.32442310754601,0
47.85424616447122,36053.88506051189,23,West,Mass,53.78348242887995,2,0,11.865911943068667,50.080421874365484,1,0.21492586469291453,58.51615607579927,0
28.563512401243365,40792.07978397954,29,West,Mass,50.28468516349763,2,0,11.834837828378545,65.92806883253097,0,0.23783357628697918,175.87298139133543,0
49.95213321298761,51411.09986403905,26,West,Mass,53.631813869521864,2,0,25.88813553001524,68.52861356571896,1,0.5170171475827707,68.33205389544153,0
40.68368080924278,19422.48000471998,30,West,Mass,81.5591800832013,1,0,7.279645437941827,44.68671200024394,1,0.6180071017099877,578.5141618776172,1
39.37619407358699,43298.25411026039,39,Midwest,Affluent,69.9646169425588,2,0,17.772123762188798,61.256450447431305,1,0.5702613036191462,365.67377631127647,1
41.571537005463334,45281.88287607388,35,Midwest,Affluent,53.62502271449498,3,0,10.358907094669892,62.16401309251662,0,0.5328663381806911,219.83237275699253,0
50.63297084880431,41385.518169671035,33,Midwest,Affluent,52.68356618251863,3,0,23.266236290583823,63.63077734919384,1,0.41248166618351423,128.3525577334939,0
56.8165642804751,107360.316600948,59,Midwest,Affluent,48.376742030345824,4,0,30.797272473555168,67.9770107505619,0,0.28292852893184617,29.2027235758205,0
45.88805300836315,70803.14738603153,36,Midwest,Affluent,34.01652020207734,5,0,30.367828178083837,67.78066492868714,1,0.14413617105660692,78.98053130634582,0
40.8416983703588,42655.28675094653,36,Midwest,Affluent,71.21207564888067,3,1,39.31509738255272,51.33638474138385,1,0.7598722986262344,922.0014846137309,0
43.0270363852669,27871.071614932887,24,Midwest,Affluent,51.03310664462518,1,0,10.985322590198425,65.54465716388468,1,0.30829302415410453,-253.70432400565352,1
33.130334810635084,59496.9715437947,24,Midwest,Affluent,36.13351029992455,3,0,39.96940683997998,78.04915976598846,1,0.12760432250927983,88.80258601822277,0
37.90825388495606,65241.53502991154,27,Midwest,Affluent,43.23854402639246,5,1,42.04896226286973,67.82744851917764,1,0.30579608671179964,249.42332824303523,0
52.766781281433985,35307.514844657824,31,Midwest,Affluent,63.605156896888715,4,1,19.0220559975485,50.99342032113438,2,0.31168070945034526,228.72620583675678,0
45.576255608640736,103118.55408886986,52,Midwest,Affluent,57.37071613872338,2,0,36.45570696294459,56.99764299765224,2,0.41621552373038506,320.0074211807572,0
35.89904889558474,43224.85254774633,61,Midwest,Affluent,53.270706607810496,1,0,42.95413636359965,67.60123325782176,0,0.3637799703199875,72.69921552881505,0
57.63831215446414,64894.38789326172,69,Midwest,Affluent,54.43084297063611,3,0,9.055772461187075,62.349131807654196,0,0.3241624584994929,87.8229305331358,0
36.34257983868071,74609.09284244417,22,Midwest,Affluent,31.416393271190646,1,0,52.733182826598465,72.19082114944216,1,0.16168544559281578,63.598354760343966,0
62.58228169869634,101775.97017312853,74,Midwest,Affluent,59.29729215884621,6,0,42.85987402331329,46.5380216871364,1,0.474508848969602,154.2053211830688,0
56.21106898683816,96773.44957666252,53,Midwest,Affluent,55.76899386782411,6,0,45.251106569501786,63.922146931341224,1,0.470917160490606,160.14804726154549,0
54.80337157532742,79237.91262903772,77,Midwest,Affluent,52.257767968417866,2,0,19.18197872515745,55.97118201769255,0,0.28046284520564235,-30.297767591422712,0
68.20096279045151,94035.40353704567,58,Midwest,Affluent,64.73696296153852,6,0,36.74005828520804,51.416976045523114,1,0.5192219854443529,260.1534541244364,1
36.45881907900684,22767.67704353864,27,Midwest,Affluent,62.745758361058286,2,0,16.355981093647316,56.25762077135732,1,0.5491632623292305,67.69044106518538,1
59.61581210387974,92067.24844757075,58,Midwest,Affluent,62.89303603993266,5,0,35.042957087082144,52.462814106167116,1,0.4588244463276022,192.4003966349962,0
45.87323378010734,49891.26023198524,50,Midwest,Affluent,64.34279901787617,3,1,32.436283114247445,62.149186989553264,1,0.7183376502858132,559.9680695692103,1
54.53470427674864,96238.31630304265,63,Midwest,Affluent,53.54402019533318,5,0,34.58209605963933,53.09613458776637,1,0.3793690581202634,106.59686303897112,0
41.726445528094146,32130.790468485695,34,Midwest,Affluent,32.439132419834486,1,1,-1.0200017957671648,55.075801338187816,1,0.1558945673423945,85.04236626901593,0
44.25269816253602,76130.98566920258,39,Midwest,Affluent,22.889401229014737,5,1,46.5327112403774,78.19781563138027,0,0.05640931109706321,-74.99232385174543,0
60.126673692608875,81110.60818470607,62,Midwest,Affluent,55.73885411964528,4,0,25.9873585211971,68.76496923310316,0,0.33882963741701083,260.7249687341478,0
42.70314678603606,32260.60418245277,36,Midwest,Affluent,56.38716058608484,2,0,23.130529141398664,49.47632207739804,0,0.265153799291045,146.98069084762926,0
41.08087453074068,43086.602819316715,33,Midwest,Affluent,50.39379382780237,2,0,16.99278074530484,56.989247240657804,1,0.33230362034647304,161.9268159290023,0
59.88972757203064,79590.76377494355,66,Midwest,Affluent,54.65027274986904,2,0,17.485921743099034,70.50874627947414,0,0.30043527652429897,42.86388347131128,1
65.46187997766113,69129.08875322648,55,Midwest,Affluent,69.7287871222594,7,0,44.82867623692728,60.804913819504165,1,0.5935130118334946,522.5027900894329,0
39.973932328084246,25506.808768216448,27,Midwest,Affluent,54.354543882095534,2,0,16.32872998012523,60.35912700993582,2,0.5715121263850634,327.3717987352706,0
47.44883314207018,27526.02194750501,47,Midwest,Affluent,65.08446295209431,2,0,18.24349362511541,64.19043057461238,0,0.32885222239645884,90.75737559446782,0
57.619375930323315,35378.777527774844,33,Midwest,Affluent,67.30755055458866,2,0,14.736975253776304,73.68572096927022,1,0.5682703010948729,379.3160017600716,0
39.201971172933106,50457.02496343069,9,Midwest,Affluent,43.11611152982077,2,0,40.12388493218511,76.21759206562206,0,0.2647874320937326,98.355532082364,0
46.560732062369325,78561.50524300976,36,Midwest,Affluent,36.35616407322861,6,1,58.90629121442161,73.83300625133256,0,0.18040597433720904,56.24989165358008,0
46.27935455342503,78129.22550416659,43,Midwest,Affluent,32.13800718282282,6,1,48.58383874731683,76.72545561980797,0,0.08874766584024174,74.03488537168508,0
39.834442497730585,58826.648636162645,34,Midwest,Affluent,57.71624108609121,2,0,30.284043465664475,63.098115022691154,1,0.3962686287530271,-53.44959040221818,1
57.90330227448857,17492.322878935578,49,Midwest,Affluent,56.48583904252116,4,0,35.391803439470635,65.3290860692793,1,0.43168176119752083,84.72956219619508,0
48.25116608435125,43740.373445658384,29,Midwest,Affluent,62.16346452267694,2,0,27.81598969864513,71.99831457146747,0,0.38389165042597373,249.84085604667885,0
51.199101435372945,59707.3204245197,51,Midwest,Affluent,31.920518390159366,4,1,14.260441647976041,65.84388412810509,1,0.1196538010582982,-99.8310891990181,0
57.29203145750385,38429.38150167542,39,Midwest,Affluent,48.13539317817964,4,0,17.45597163749381,56.361468832478856,1,0.23158300112545238,197.69528201752843,0
48.562137685742314,33185.07200671546,48,Midwest,Affluent,59.01878908241686,4,0,21.93047311329574,61.12832223052808,1,0.8090026716137609,291.7404867118607,0
38.271217571175036,28350.777398837552,34,Midwest,Affluent,66.18817517318313,1,0,9.821570692368553,51.30228606142719,1,0.528796379993388,230.7097354730588,0
34.31905334499504,79521.8777234913,8,Midwest,Affluent,42.00356690612319,2,0,77.06221124008637,65.14958783342742,0,0.2529146043154372,13.596749755117997,0
36.047857039915264,90527.25133759135,38,Midwest,Affluent,25.00529787775465,8,1,102.09348170563439,87.28808978282638,0,0.06010159775930124,-15.382038159416027,0
47.462914800492655,75240.77110680778,44,Midwest,Affluent,41.451037883824874,4,1,60.15967958974311,85.65667432532042,0,0.16934099045172882,106.27008193557009,0
48.190102835071386,62615.139536209404,35,Midwest,Affluent,40.07038832740332,7,0,25.495354674595117,63.9675072641178,0,0.14748616684105598,133.28534005370292,0
48.01932931919768,22730.42721389387,37,Midwest,Affluent,55.0450586911003,1,0,15.968103694675204,69.10712570588844,1,0.5553158912244229,118.73737817044713,0
59.310595618549016,95850.30362079856,80,Midwest,Affluent,57.096857442643575,5,0,36.36503003113313,60.00156495702362,0,0.41389637246336713,118.934824846857,0
41.00531997246454,52411.91416166332,31,Midwest,Affluent,48.02326792512931,2,0,16.423893112946907,67.08738268058254,0,0.3244176863374636,100.19655665452572,0
32.91234032810461,39728.265800791705,41,Midwest,Affluent,49.17672185808953,1,0,24.578963443395338,76.73277071772883,1,0.22564273941943966,73.2692794314035,0
63.46629600306187,95330.48704728179,60,Midwest,Affluent,61.29598688106976,4,0,33.890659461770184,63.55045372737692,1,0.5034650661804083,296.7724644000914,1
32.6857269962361,74258.44359252001,19,Midwest,Affluent,35.018246399534135,3,0,54.48536479535478,70.36135300607555,1,0.2195618902430024,171.92736032312752,0
44.97510075349536,38930.34018654276,39,Midwest,Affluent,45.56333903863053,1,1,3.0606296699329505,59.45430892610026,0,0.1967086718615651,143.51241364307032,0
43.89965722163777,61971.679943042174,38,Midwest,Affluent,50.78174905503238,5,1,43.97005340924833,74.05783090875133,1,0.3168136817939031,208.27995551707912,0
50.44691510524608,60913.87002012517,36,Midwest,Affluent,43.33573222910414,4,1,30.293442307552237,74.00336591771013,1,0.2241011836180611,257.9907740947169,0
73.55173879521962,27957.160323142383,32,Midwest,Affluent,65.18268849862204,4,0,17.40540840986965,57.30625094944841,1,0.45106648966448226,434.6171258686145,0
28.769074106115,58928.807365967994,19,Midwest,Affluent,33.02804188628762,3,0,49.03040116462182,66.61983434847284,1,0.1278578616495335,56.39732442140664,0
50.88959288632688,97706.85386640744,32,Midwest,Affluent,53.45398793894584,3,0,35.67987836165465,56.08670979653475,1,0.3206210680200261,237.59218725487835,0
35.4642106736683,16303.911817925706,15,Midwest,Affluent,51.04447404498447,0,0,41.23212180626506,72.25468390470914,0,0.25431810712453035,241.74969132932958,0
58.89034297138272,84600.05095635657,71,Midwest,Affluent,56.03228303217257,4,0,34.86556582450087,60.99672641299085,0,0.37842037215347346,155.69189520323937,0
51.41983451231332,20470.41712924338,42,Midwest,Affluent,48.33317091332235,3,0,18.102431546770084,53.04562142908115,1,0.5540652021787842,202.3399585764338,0
29.791424635797,27118.187116672503,19,South,Affluent,62.245201908886166,2,1,19.55623099823838,63.87898898765865,2,0.6345208469553979,919.9741663738397,0
47.41785311044406,37127.1837928258,17,South,Affluent,59.57386754615018,3,0,2.414188563184542,53.53006870190436,1,0.46339480290427687,26.27025569428247,0
54.26492476301269,40652.360016443614,22,South,Affluent,41.20311447579191,2,0,41.54700751042033,71.47376332715156,1,0.35547332257251724,120.06350429842212,1
35.49640231187286,81015.93047080227,39,South,Affluent,44.73178827315267,3,1,43.95293705017375,83.43896087761155,1,0.028052683341669382,138.44021665330752,0
28.877014839759617,19246.633806010235,11,South,Affluent,63.57584731907564,2,0,18.872019026900333,64.30874831074368,0,0.4416034334400619,283.6757477659139,0
37.878747648213185,38241.248437383554,7,South,Affluent,60.2645573667699,2,0,25.77151863277507,53.5626819567226,1,0.44647306804425024,139.46425978873128,0
46.09058162948106,29334.25232820238,43,South,Affluent,66.37834343490326,3,1,14.367336189886144,62.215749365121496,0,0.5672954873730358,335.5017028517117,0
51.17476382441097,44513.27449392101,41,South,Affluent,65.14094716251014,3,0,13.960819446599753,48.168429025599664,0,0.5459733997494057,184.83587807244925,1
49.314079954177856,102627.06231660006,29,South,Affluent,45.13533755404005,3,1,56.14738030108257,88.38513933027738,0,0.2282491719237913,-81.8194806585173,0
60.238947549170504,43973.445942351624,43,South,Affluent,61.75738092299492,4,0,29.275367391988183,67.19923369121342,1,0.5882510343802827,26.582748364662393,1
40.92455050339006,95037.4933562967,24,South,Affluent,55.77545905376467,3,0,22.885451156030086,76.53236561402353,0,0.11632986850315147,198.59125840614973,0
41.825088702296775,41794.80185009648,24,South,Affluent,45.02473415950083,1,0,18.67726262814793,67.73363323726302,0,0.3413284099437843,363.8325725160062,1
26.474442244962194,47902.74023510638,15,South,Affluent,42.816702178106354,2,0,36.634803800717464,68.39367077613417,1,0.32854312628913207,52.72700278123776,0
31.703389532451915,46439.09311175675,39,South,Affluent,55.61222279556745,1,0,32.87808217150743,59.022100504638864,1,0.11299576958532248,42.248193141231184,1
49.38508963411345,81057.53757541388,26,South,Affluent,33.663527467210415,4,1,36.65744134473254,84.63563159623689,0,0.14641391107589322,367.2644262235007,1
70.62750604557553,67666.48892988323,45,South,Affluent,68.41738642198095,4,0,9.670979128689392,58.33472601787684,0,0.40778077383728784,686.0872836499398,1
46.332922553191025,47055.72010057286,54,South,Affluent,64.21083006096207,4,0,22.926750582653987,67.44557956716947,2,0.3691555706195942,620.0954018177786,1
38.05500052094508,62681.70027233081,19,South,Affluent,59.83998484814103,1,0,17.240935087092325,71.80835972621048,1,0.4780310786497946,50.16194161646416,0
28.027002643688295,52083.06673454906,31,South,Affluent,51.99654299008629,1,0,24.916344187650452,62.95935047259799,1,0.6495912705659059,303.0625474524501,0
46.37537047303419,106454.98542613132,61,South,Affluent,44.672047554025575,3,1,46.675408974873804,72.21948631289337,0,0.28487496136026336,113.14611657075355,0
41.05900157248438,96538.89130054167,28,South,Affluent,43.50375113445541,3,1,31.718643507669317,84.76740367412879,0,0.35088330095138454,275.78602859514825,0
42.79538604555938,44749.62311571311,12,South,Affluent,60.71915542010433,1,0,0.009871353372140845,40.225709985158375,1,0.5645628697116335,-11.79726029213748,0
40.87349009793515,100885.47508672826,29,South,Affluent,47.09510768521105,3,0,36.87370616944537,73.77588596829929,0,0.3738103043717297,-5.31555860370446,0
44.07524029763955,84939.12431713982,14,South,Affluent,45.44281462467064,2,0,43.247993315125285,67.06672698111062,0,0.2471954245103583,366.9318128894183,0
35.520519026538665,61152.96319911179,18,South,Affluent,45.726471855538364,1,0,18.299158587449462,63.65445175925182,0,0.4269680577576929,35.81766170440633,0
27.907139104520937,82887.5352141157,24,South,Affluent,53.86930287906221,2,0,12.082543190147643,73.15641238051928,1,0.35569725537526353,49.10406271150916,0
47.81515048366796,109169.20409141447,39,South,Affluent,41.69048225722247,3,1,42.287219050855285,89.57850759391427,1,0.2453664790821206,17.657410625675737,0
36.305799632751764,30658.46121141829,25,South,Affluent,61.15057005697018,2,0,19.91636568420017,55.55751453799772,1,0.6682491764985096,265.507011644734,0
54.6022149809974,120035.77834089099,45,South,Affluent,41.072337402254036,4,1,34.01569153318478,88.7305256205125,1,0.06491068811755996,22.18753975583209,0
45.60980687716376,36267.63216027354,52,South,Affluent,59.38294150497119,3,0,15.427889291202582,63.675458826898456,1,0.42201509074849236,586.3926568602767,1
49.01477343730535,45628.84330009366,51,South,Affluent,45.10390650230199,2,1,28.542655917444428,81.72058098082505,0,0.3265539353224323,35.20507784356468,0
47.9612331293784,61962.8509653481,45,South,Affluent,62.426778690549696,6,0,4.900012132121798,69.15242738020983,2,0.5400503142631505,610.6613201362084,1
49.081839822334494,82725.75637114167,7,South,Affluent,46.52502188062553,0,0,39.71399239613165,63.7183232382319,2,0.3124158513257749,-35.44733586774407,0
43.23422406780204,68532.25199391658,61,South,Affluent,41.21729542092489,4,1,49.47571341671224,73.38545283566911,1,0.35139281766366,58.97146890649938,0
45.02934873961965,90237.6394351234,39,South,Affluent,40.68541925208433,3,1,38.85162276664269,79.02553897711833,0,0.3073144077431168,190.83406097937365,0
44.92899681531094,100079.73746095833,25,South,Affluent,37.54847156327923,3,1,60.822658934712265,58.404225823172496,0,0.1499498348773005,184.5879817070023,0
34.03640157985416,37032.038976908734,23,South,Affluent,62.735697483204916,2,0,36.335888550255774,53.10887662610546,0,0.5838105196580842,123.66963644557433,0
49.296540857374,60643.83979914652,20,South,Affluent,54.06105439555606,1,0,19.733948314706133,48.84814531988308,1,0.5856678617637225,126.23885677273083,0
46.99597258456219,59539.7549384016,24,South,Affluent,54.3304418843996,1,0,16.615817540911383,68.07368099589303,0,0.2830917917643513,-28.33905426615712,0
30.380040603653477,31782.999755809047,18,South,Affluent,58.41071919331997,0,0,29.687127878230967,38.45705592791096,1,0.5506886253171205,258.7179645270791,0
31.033345459587522,44795.49705013211,14,South,Affluent,71.83461632167257,2,1,13.620817650458674,67.56443861895528,2,0.672143926197405,936.8517281528464,0
29.145242569649,88952.54487051922,16,South,Affluent,45.00898969330469,2,0,42.395720314449726,70.0179828942319,2,0.19469562621563985,223.82065918364827,0
64.52739347356673,51766.05167282962,42,South,Affluent,62.81553007706863,2,0,26.848050872578806,50.41294330936536,3,0.41104559047869793,398.22708096313835,1
44.831815151706714,32311.292203778623,18,South,Affluent,69.56663758557052,2,1,20.54710218643656,54.206715150081465,1,0.6163069333325194,999.57378836841,1
41.59535421195032,64381.67566877558,19,South,Affluent,57.6915323601518,2,0,18.93527009970561,44.59081100660735,1,0.47463733882384274,333.6724010803806,0
38.35394708725454,49050.33621958721,17,South,Affluent,59.10819101386643,2,0,33.611842790727465,43.45780112108994,1,0.507782856219495,220.5845822879371,0
29.262405469755933,36917.466334556084,19,South,Affluent,75.97423907910772,2,1,7.953830719534611,55.81223445664491,1,0.49487930710872036,1614.1570437989892,0
39.875414976988154,88883.41523475407,33,South,Affluent,39.22489353130028,3,1,56.372849622313765,78.26989920180577,0,0.2213415358735939,-156.22307598879559,0
38.19165387845408,79553.56039124922,31,South,Affluent,60.6714445733261,2,0,32.24084399424753,68.2088757710852,1,0.17724830629831687,152.00724494336072,0
32.34708950300113,100704.93227073908,22,South,Affluent,49.43157115086777,0,0,35.39980677194211,82.06682495508656,0,0.3182654375419335,8.04749627244081,0
50.784714487077814,51854.02617615171,52,South,Affluent,65.43681203079025,3,0,12.177060302778088,47.9013292603901,2,0.489508310858489,-42.65711519814158,1
36.16127635551266,11913.686304837109,23,South,Affluent,46.69459284650303,2,0,20.01078142771032,66.83236023063952,2,0.25028878997748666,87.35410569729359,0
58.314195889396366,101535.11857699363,33,Midwest,Private,42.96673566675942,6,1,56.593911069870416,66.06076596355503,0,0.2744714514277402,31.29938263144274,0
67.49656975998417,84545.15700171384,48,Midwest,Private,27.21004027985234,4,1,63.253679567207115,78.49978202292691,0,0.3217546945246743,131.92115175752014,0
44.39064256974629,79342.95610166017,45,Midwest,Private,39.983266118167684,4,0,32.16379822715052,73.97290111265761,0,0.37083897746558303,97.16282076682037,0
48.57171160264326,71045.49124923328,57,Midwest,Private,38.58029061327946,3,0,26.87692336878583,56.723035396947864,0,0.3905176423325253,223.69105588265475,0
36.37239439465774,67622.53583705227,30,Midwest,Private,54.37339605113025,2,0,25.059823349730287,55.43760158259417,0,0.6569593366809796,260.8269870168285,1
39.05354461342645,85798.29059135413,38,Midwest,Private,40.42027203658464,4,1,24.84820539994996,70.4714619627,0,0.25340528994365513,34.755952406561306,1
35.05816819477678,50168.672427799065,22,Midwest,Private,50.04862426962104,4,0,24.96271033695925,49.57482432329281,0,0.6097207353946914,879.6753388782497,1
33.577439682804844,85390.51314069319,38,Midwest,Private,49.6245031265063,3,1,27.376579823813966,64.73419857797427,1,0.40992050581227124,550.4593797208443,0
31.306891082357495,79662.65595903079,28,Midwest,Private,49.240241861438946,3,0,37.187997425545056,51.370402429724024,2,0.6170746821300304,689.6862739259527,1
52.83216768477289,96574.91941193659,33,Midwest,Private,34.48036171742311,5,1,87.49835685839115,80.89362512238813,0,0.2730137757959792,41.818161948546845,0
41.62889793580457,54504.950955846696,38,Midwest,Private,50.14576684548162,3,1,33.742984481659974,68.864985069738,1,0.5506661927519532,259.7262247048353,0
43.34345777209202,132229.93072160214,49,Midwest,Private,52.6434588342829,3,0,30.160755062166725,62.159604974809525,3,0.48166309974044624,523.9697964503697,1
44.245274802125564,83736.89647678524,28,Midwest,Private,52.45161171572193,3,0,18.013271679871018,69.36784169413352,0,0.3748111526265181,355.66148219904585,0
44.86118949443085,47466.299318314996,21,Midwest,Private,49.16247686508823,2,0,11.901160645828714,60.614189959620504,1,0.48782291217425855,180.10381235653415,0
37.03246999236019,71980.56262104798,55,Midwest,Private,56.72040240375447,2,0,50.04249467379394,70.88286538239466,1,0.4603018905864934,335.0491142376628,0
37.473879098837145,152785.54869905935,34,Midwest,Private,47.628202402053205,4,1,46.85577275355589,69.03261959573481,0,0.35649722981208615,328.2005376781069,0
45.0779090178257,77304.2551078664,57,Midwest,Private,38.80157288810159,4,1,27.966529450487123,66.34868307308693,0,0.20301765319111287,131.12412826495068,0
34.53889706680113,124688.20360673984,39,Midwest,Private,55.69057658056351,2,1,60.63314430645133,64.49744908961101,0,0.35698799410072396,115.22479674600683,0
35.50347094325162,13410.460518551816,38,Midwest,Private,58.74722999452746,2,0,42.7173471413271,55.088368715833695,1,0.5911766898231949,678.7044205985949,0
35.53536009831254,66658.70957235215,38,Midwest,Private,58.39645626594856,3,0,10.492208880180272,66.07452955030159,0,0.5461167549163243,738.9903061772793,1
49.59637789074015,26709.252087866254,18,Midwest,Private,48.21036298664236,2,1,21.04383493953692,54.33496114450684,0,0.5075926756283717,464.1284067375825,1
49.246212849420594,143750.69262481143,52,Midwest,Private,22.905574164082733,3,1,56.926474820384634,75.3210891826744,1,0.10256836897930438,127.55010801544384,0
48.24918866812778,77492.25796977915,40,Midwest,Private,24.29885862615434,3,1,72.7520339743839,71.51211657577062,0,0.3067761500150862,72.78497415292347,0
44.304881631805316,93660.41957126852,37,Midwest,Private,51.64548520502461,2,1,35.55658312483452,63.18485613367383,1,0.47546073107194486,352.8432945845384,0
42.18794773472974,52276.352764703566,17,Midwest,Private,40.81462048454409,5,0,36.498854412400455,72.64943090278818,0,0.1507374371713481,0.09598908568790421,0
42.01918246745305,105451.78471485311,41,Midwest,Private,45.09062077063768,3,1,42.68463537635299,72.72029866933393,1,0.3186106496190071,234.20261801331574,0
41.08995592199351,127012.72757341503,40,Midwest,Private,36.035666067454585,4,0,61.85677824200535,86.7319835749782,0,0.2039731232334451,77.16414841509848,0
52.19216648098847,89657.04979025916,64,Midwest,Private,29.906969242497254,5,1,45.94619514815891,89.73506328820272,0,0.050027925953674335,123.41632980219063,0
40.70125967942888,45761.73038174366,17,Midwest,Private,58.17047825671786,3,0,44.099719163125584,69.30743999655,1,0.6918242418046121,-655.100277483634,1
40.44686827847302,46660.630441302084,24,Midwest,Private,43.57167264711556,5,1,38.74472028099915,63.428805197278706,1,0.2701015459253048,286.1461034466151,0
48.79563601422454,73375.71100344336,47,Midwest,Private,83.83937186177491,3,0,21.43741862118357,66.87963637943204,0,0.6735671567711132,639.4541317532737,0
42.646205481328614,63065.67882985489,11,West,Affluent,41.767860322562825,2,0,27.859222406110558,77.79461168008203,1,0.1467807460641921,386.64889114684,0
54.37587609440861,18714.95096130225,50,West,Affluent,38.1779575289429,4,0,10.182534648981395,57.05743483389694,1,0.6106566037859655,-353.56842274884355,1
46.0676672090544,19020.240960340518,64,West,Affluent,55.62809697403482,2,0,24.59116064614061,62.04345663881989,0,0.48840219801251916,-861.6285582056189,0
28.863612614576937,37649.02698125293,22,West,Affluent,79.62241467518514,1,0,29.924178002342043,59.055887127993614,1,0.40278721468080636,-53.19284891483869,0
23.89263098420784,31242.722646736038,25,West,Affluent,58.69735525708693,1,0,47.554596802187376,57.98720720507157,1,0.49173865980472,260.68091018285463,1
35.3927306404653,5303.752653095318,24,West,Affluent,46.2786649288385,3,0,26.79859112141313,68.1968392213051,1,0.3671489654391751,-425.4928353588267,0
41.693355922969154,36388.91296070491,23,West,Affluent,51.58878049535941,2,0,14.766035160352093,57.13803828736925,1,0.24450928249126358,163.64380171703078,0
34.03776574105871,52000.618548309634,36,West,Affluent,57.7264543769771,3,0,2.7072483918665213,68.19175274434744,1,0.44000904566062604,400.25306877003686,1
42.98505970087048,30387.46835772688,43,West,Affluent,60.775848982369354,2,0,10.459778625924184,57.03760375263312,2,0.40508567509455806,343.7881359335098,0
38.636350256963006,65130.29444399272,7,West,Affluent,47.503788776095156,4,0,35.67446309989661,68.66138969053013,1,0.22438379227041189,153.82242927175548,0
40.809456621213094,77729.62913326501,19,West,Affluent,40.26602193500705,2,1,46.71460042719948,66.39458102137559,0,0.3040108543431316,-424.30833105226304,0
37.14072035854737,60893.68115885994,27,West,Affluent,47.82447548970828,1,0,63.10949403870451,73.417224602289,0,0.199397795545192,2.926878487477893,0
37.61660703870894,35907.59512620968,26,West,Affluent,45.91392934702131,2,0,30.78001925374776,59.73694246882182,0,0.35254360984288236,654.9838245318475,0
49.38588248138574,36384.73826069276,49,West,Affluent,58.1336968003563,3,0,15.834029844514259,56.84709803602379,1,0.355943301717372,393.9722577756788,0
50.11773112391465,36936.082232637986,68,West,Affluent,56.314270354058536,2,0,23.99548825918981,68.20156348726266,1,0.42407330483252237,-350.22594415870753,1
43.28539722917169,32663.04598760791,60,West,Affluent,54.55916467904049,5,0,21.087268940778483,61.77551329472338,0,0.41330354157156307,851.9899278429775,1
30.042651975922844,47046.25329112941,29,West,Affluent,67.22971886029543,1,0,33.880481589322045,65.42003325689687,0,0.580468939893152,220.28751066606173,0
34.572806152227216,68372.68043580593,48,South,Private,54.327750520608205,4,0,31.190845382831405,62.469626491018644,0,0.11724541126729685,123.85240766868309,0
45.673199005251035,141805.1729346679,52,South,Private,32.93000892385099,4,1,42.535940020602624,85.06701908476468,1,0.22263730222336614,267.01921064632086,0
41.39647062633581,174785.81334952894,33,South,Private,38.15171881862631,3,0,51.88946580551831,81.18173725737195,0,0.19585404919118105,11.468997649537215,0
32.21683069614207,46551.596367290746,35,South,Private,44.003665625497966,3,1,59.25997241762923,63.60327747359943,1,0.30965212808524867,271.0520073551458,0
42.47938163652083,89754.82352512151,40,South,Private,42.68954891897352,2,0,25.230864826547432,71.85679164351893,1,0.34222489544675494,182.381361973676,1
30.517915116632558,70103.55827800266,45,South,Private,49.59830244671104,4,0,32.78160914162758,79.37370591482771,1,0.3638173703788618,204.017067359926,0
50.79894524207406,165425.58821941746,48,South,Private,43.89929270861233,4,1,52.74734885930454,83.88228960779352,0,0.1308458259657716,109.87357165404018,0
46.09716068607564,51164.5523659942,39,South,Private,44.143533579919364,2,0,45.71397497125749,71.49139955401213,0,0.37150524360890325,273.09814661260447,0
52.35943160601957,58814.12031129154,63,South,Private,61.919910803856496,5,0,31.43692595050562,67.36710089942872,2,0.2900315032568813,463.2489411536132,0
41.94218636289252,101647.41686456256,24,South,Private,57.88618568623707,4,1,53.34179593467714,65.42175165817937,7,0.37632499427715727,975.2712033422944,1
50.24582014607074,96961.08204623056,31,South,Private,22.1122682752313,3,1,77.98035044522905,85.01235516096718,0,0.07975418970830608,187.90656391448314,0
38.70611251770889,47367.04261977916,41,South,Private,60.096598826116754,7,1,44.68379858137512,74.96525189259873,0,0.3928113390413185,261.3755647826977,0
42.076926802912965,122979.99261869825,43,South,Private,26.85564855558656,2,1,51.56723732780955,84.739275456115,0,0.09707970798473503,72.4630879881199,0
47.18359486321042,52595.52402576544,55,South,Private,59.39384386258605,4,0,20.466768967169145,68.54271276723426,3,0.4840475124208671,193.03387507262062,0
39.71518482160244,75032.12526663711,39,South,Private,54.0857190974162,6,1,30.833347500871895,78.18882145894152,0,0.2842990674647087,118.92702170809352,0
40.620490450978764,103158.54996981322,38,South,Private,35.164513019820575,5,0,90.4089769599622,82.51583150457498,0,0.1267339521124925,91.56719242379799,0
34.24729797625828,53643.780690839994,25,South,Private,44.73267462315695,8,1,37.40656562785293,80.4074385259045,0,0.27442654684984347,62.28944890423571,0
42.34745633710298,46039.74383095447,42,South,Private,45.642431100308336,7,1,35.473981133045065,77.54625055350736,0,0.27980851985790905,159.6706156144606,0
46.09258826884551,108876.60128377,30,South,Private,32.562855728605975,2,1,51.406073737570466,87.91814034340746,1,0.1860789320323298,173.24395713613563,0
54.84250523938722,60786.190267488855,60,South,Private,52.99547527794561,5,0,20.330020192636795,69.89348621931298,2,0.44609672351433305,641.728532687856,0
34.249569632984134,98452.86096686876,50,Northeast,Private,26.07356349139845,5,1,42.51613680032524,85.0538219513937,0,0.17612005656666277,277.75896734223716,0
52.8218519803072,112526.63282771799,32,Northeast,Private,40.54562305570194,1,0,60.203302617592655,68.78695531422922,0,0.4036968738471691,226.84501847075384,0
51.83510998292179,55128.786882470486,25,Northeast,Private,49.51548224892018,0,1,55.66476264495366,75.70354988610234,2,0.4192792399143772,165.77849539150822,0
48.624457935414924,83607.23839452615,30,Northeast,Private,60.98970536265607,4,1,27.46264151027198,64.55722139549428,2,0.23421992385689533,118.72090747484098,0
38.99482399944169,62309.97841759878,44,Northeast,Private,47.72982651313541,5,1,40.31111228480191,77.48117772783719,1,0.2983275033227837,159.06743781553854,0
43.36817223494388,104717.2997371562,34,Northeast,Private,48.41707106948907,6,1,45.14319223110911,72.49189254855033,0,0.2292933063071027,177.0376004148414,0
51.947366548763156,182675.3304658811,53,Northeast,Private,48.61047663074592,4,0,45.72650802273875,67.95802015365847,1,0.4297481623322498,494.92627479365683,1
42.074737963583246,65744.09016926715,57,Northeast,Private,55.244108364557825,4,1,56.12542576249638,81.51858110853341,0,0.11718474545629443,128.02157694152487,0
62.33977649853258,90314.37428358008,28,Northeast,Private,41.813003988971566,1,0,50.81498099983603,69.53518927901365,1,0.43978297808191413,150.7528133656631,0
46.93912250780813,159943.72755101888,49,Northeast,Private,47.93577595523577,4,0,57.10092905664375,78.559696314766,0,0.5928221401178454,333.6995872227365,0
49.33076696597963,78834.20780349031,41,Northeast,Private,54.001220041428944,0,1,28.85287696567236,66.54468792414242,1,0.3620007965246072,287.34270522417836,0
38.53138680496609,62665.23658097383,58,Northeast,Private,51.76981324599072,4,1,17.059272448474072,73.4063535199169,1,0.2720339741232277,28.548952016964023,0
35.01820345754253,89355.0784107687,38,Northeast,Private,43.392089936483096,3,1,63.19503196794332,71.78586638189671,0,0.3113621715853707,86.89859974286304,0
34.90721761139089,69962.8503283833,46,Northeast,Private,44.302095732116854,3,0,56.38000566723867,77.93572722557265,0,0.22256064280505666,188.7143117434046,0
36.5209030453875,89625.58301377628,33,Northeast,Private,53.49185638562168,4,1,21.507536295147236,65.30030208677258,0,0.16524858849581514,-15.718275698812306,0
54.65404589422918,170210.6200744798,65,Northeast,Private,51.45093064999308,4,0,63.54361604070053,78.65240271837926,1,0.1540790811674799,325.591177509329,0
41.90290386923486,42326.11824239376,56,Northeast,Private,53.66512997819654,4,0,29.968150820280602,68.20709446818107,0,0.09305921892988764,246.69158731793004,0
55.17689654502968,68149.95433957348,33,Northeast,Private,35.074419093602685,1,0,20.18712811010618,65.03442839536511,1,0.2790064056551699,139.27483611545793,0
34.799801588599465,101540.82083472234,40,Northeast,Private,42.0197593907171,3,0,21.944627997913578,73.94430765013435,0,0.26309695154424045,87.04826278493977,0
41.604149942216324,57220.25918332213,65,Northeast,Private,44.99825840261343,6,1,20.87900645301569,70.63231804680143,0,0.08220472526812089,99.85198795429164,0
50.70644163559659,27119.1335803198,26,Northeast,Private,52.580330467540385,1,0,45.14086034558003,72.31802177124743,1,0.454132555184799,225.9993019165732,0
54.25389040010407,80101.79626292555,32,Northeast,Private,48.139974921525884,2,0,32.80244481454028,73.66507691693262,0,0.3543317798351194,161.91290034643316,0
37.97348902062306,41729.604696382776,38,Northeast,Private,53.75558477168954,4,0,46.686249402471134,66.18780851250341,1,0.17959099800843822,178.81028058822028,0
43.187482883920254,68403.13218415645,49,Northeast,Private,39.91651768219166,6,1,18.84770173007025,73.53435122620725,0,0.18543929573062196,237.15334516000965,0
36.495840653665375,52710.166413432315,27,Northeast,Private,53.74367721422804,5,1,23.93142761391019,69.77706697853579,0,0.3414367362631302,131.96915686271433,0
39.22898821190077,80076.98621912916,69,Northeast,Private,51.36946805650224,4,0,27.96307844764704,73.17395441895191,0,0.2918474858241825,189.86856829524982,0
46.026278845693454,106798.56053049935,23,Northeast,Private,45.95466795555651,6,1,33.88782163114624,73.32700071870379,1,0.1319810280950956,271.94128585042944,0
27.760275250263476,90669.56412189547,33,Northeast,Private,24.29148038193263,3,1,46.48212525331871,87.20707330378593,2,0.16710305729328573,138.27209191095073,0
53.00522287815503,159704.57882936034,65,Northeast,Private,56.03363048621823,4,0,68.19549246096393,82.96421075386138,0,0.15060069797537506,226.17006497776424,0
49.83471327627595,70715.22666498384,52,Northeast,Private,35.42340096384035,2,0,39.621956358258345,79.33571554764481,1,0.4140600650484976,64.37836197654099,1
40.21141789652867,73953.11097966446,23,West,Private,52.71672302573965,2,0,51.36999772292539,61.05236212410258,2,0.25615752219931576,457.8790620081068,0
32.99159472632555,20497.890458945414,25,West,Private,46.36015931065444,1,0,8.469158773964,51.65954475744277,0,0.3730180574321998,-66.36475288274198,0
42.02891861104391,27391.930364919303,24,West,Private,66.63881372445832,1,0,15.404845513619787,57.176072163834824,1,0.42204812850372403,233.00031180539213,1
43.3811956221562,23615.890181064446,49,West,Private,66.41788385378848,1,0,12.857026669370716,62.53903998898778,1,0.579261622381452,97.4657492016704,1
42.5136059673225,44192.01667624595,37,West,Private,82.77749626373348,1,0,18.30943577782716,50.279793510858376,2,0.6434571822830075,3389.462088959326,1
34.25273425823518,92412.88543521108,20,West,Private,42.99393843205034,2,0,25.37877232537934,78.08494063664004,1,0.232926650805771,-40.75745256897591,0
29.89429862438235,29250.34998679095,32,West,Private,75.24849531038576,0,0,14.884010186517688,57.805345022082065,3,0.3802714470188003,83.60195443791451,1
46.99762618373105,25289.906500835787,26,West,Private,66.95652093135368,2,0,19.115532877054825,57.992673179914135,0,0.6346018224032215,-90.62261255617017,1
36.39469268921763,41250.926691274326,46,West,Private,44.00144695394909,1,0,20.844285786484736,71.18090523796404,1,0.21643848843012314,214.77751855055612,0
68.96171662334213,45449.761166372475,39,West,Private,45.0792987967911,1,0,26.025479104968618,63.26700068461247,0,0.30443445305301686,-14.192341524494282,0
